case_id,case_type,category_slug,category_label,category_confidence,overall_confidence,low_confidence_flag,source,title,full_text,link,postdate,original_label,original_category_slug,reasoning
blog_002,success_story,investment,투자·재테크,0.75,0.8,False,blog,2회 택배 및 공장 출근 안하게 된 이유 - 월 150 부업 성공 후기,"주 2회 공장 출근하던 내가 시간 자유를 얻은 이유 -
월 150 부업 성공 후기
블로그 포스팅에 앞서, 이런 포스팅들이 혹시 광고로 오해하시거나,
강의팔이 혹은 사기로 오해하실것 같아, 좀 더 저의 일상의 진심을 담아 작성했습니다.
블로그 포스팅에 앞서, 이런 포스팅들이 혹시 광고로 오해하시거나,
강의팔이 혹은 사기로 오해하실것 같아,
좀 더 저의 일상의 진심을 담아 작성했습니다.
​
​
​
​
​
저는 2025년 처음으로 태어나서 저만의 사업을 구상했습니다.
​
가족중에 사업하는 사람이 없는데 내가 사업을?
ㅋㅋㅋㅋㅋㅋ
​
​
올해 1-2월 세계 여행을 다녀오고, 택배 알바를 병행하다가
공간임대업을 하면서 월 200이 벌리면서 신기했어요.
​
별거 아닌가? 회사 다니는 것보다 훨씬 쉬우면서 월 200이 벌리네?
​
​
그러다가
온라인 쇼핑몰과 공간임대업을 운영한 지 1년 차
예요.
처음에는 ‘이제 나도 드디어
집에서 돈버는 법
을 아는 사람이구나!’ 하고 들떴죠. 그런데 막상 해보니 현실은 생각보다 훨씬 어려웠어요.
쇼핑몰은 수익이 잘 오르지 않았고, 거의 공간임대업으로만 생활을 이어가고 있었거든요. 그래도 그 과정에서 하나 확실히 배웠어요.
​
​
​
혹시 인생이 잘풀리는 사람들의 공통점을 알고싶으면
해외 30개국을 다니며 수많은 사람들을 만난 후기를 아래와 같이
적어봤습니다.
​
하는일 마다 잘 풀리는 유형 Feat.호감형인간 특징 공개
하는일 마다 잘 풀리는 유형 Feat.호감형인간 특징 공개 안녕하세요!! 이제 본격적인 여름이 다가왔습니다...
blog.naver.com
주 1~2회 택배랑 공장에 나가본 찐 후기...
공간 임대업 제외하고 쇼핑몰 수익이 잘 안 오르니 그냥 앉아 있을 수가 없더라고요. 그래서 주 1~2회씩
푸드공장과 택배 현장 아르바이트
를 병행했어요.
새벽 4시 반에 일어나 출근하는 게 쉽지 않았지만, ‘지금은 뭐든 해야 한다’는 생각뿐이었어요. 처음에 노동에 대한 재미도 있었고, 점심만 되면 급식도 맛이있어서 단순하게 일해보자 했었는데, 막상 현장에 나가보니 사람들이 정말 거칠었어요.말 한마디로 싸움이 나기도 하고, 서로 막대하는 분위기도 있었죠.
​
​
한 성격 하는 성격에 참다가 싸운것만 셀수가 없을정도였네요... 솔직히 그런 환경 속에서 하루를 버티는 게 쉽지 않았어요.
​
솔직히 얘기해서 현장에 계신분들이랑 한바탕 싸운다고 해서 뭔가 스트레스가 풀리는 게 아니라, 내가 여기서 왜 이런 사람들과 싸워야하나
라는 현타가 올라오기 시작한거죠.
​
미쳤니? 나이가 몇인데 ... 휴 틱톡 라이브?
주변 사람들은 다 말렸어요.
그 와중에 틱톡 에이전시 2군데에서 연락이 왔거든요,
물론 저도 틱톡은 저와 맞지 않다고 생각했고, 너무나 가볍다고
생각했거든요,
​
하지만 저의 강점 중 강점
​
한번 해보자. 초기 투자금도 없는데 까이꺼
일을 저질러보자
​
하지만 저는 40살이라는 나이에, 유학경험과 외국인 전 여자친구들의 경험을 살려서
외국어 실력을 살려 외국인들과 소통하며 일했어요.
​
가끔은 팔로워들과 토요일 10KM 러닝 라이브를 하기도 합니다.
​
언어가 통해야 진짜 세상을 볼 수 있다고 생각했거든요. 5년째 부업으로 영어회화를 가르치다보니, 영어소통은 큰 어려운점은 없었구요, 지금 3개월쯤 지나니까 오히려 할 만하더라고요ㅎㅎ 후원 금액도 올라오면서, 재미를 느꼈어요. 제가 평소 구매하기 어려웠던 사치품들도 사기시작했어요.
​
​
​
“결국 행동이 모든 걸 바꾼다.”
​
​
그 경험이 지금의 온라인 사업에도 정말 큰 도움이 됐어요.
예전엔
집에서 돈버는 법
을 검색하고, 남들이 시키는 대로 따라만 했는데
이젠 직접 부딪히면서 ‘나만의 방식’을 만들어가고 있거든요.
남들이 말리는 일일수록, 해보면 그 안에 배울 게 참 많아요.
​
명품이 거의 없는데, 처음으로 루이비통 가방을 사봤습니다.
부동산으로 1억 잃고 주식으로 얼마 잃을래?
​
공장에서 일하면서 ‘몸으로 돈을 버는 법’을 배웠다면,
주식 투자를 하면서는 ‘돈이 일하게 하는 법’을 배웠어요.
​
주변에서는 또 말렸죠.
​
“지금 같은 시장에 투자하면 망해요.”
“그 돈 차라리 저축해요.”
​
저희집은 애초에 땀흘려서 급여로 돈을 모느는 모은 재산이거든요.
물론 제가 주식투자를 한다고 하니, 좋게 볼리가 없죠.
​
​
그런데 저는 생각했어요.
‘이번엔 돈이 나 대신 일하게 만들어보자.’
​
​
결정적으로 주식을 오래한 지인에게 종목 추천받아 한종목에 500만원 수익이 생기면서 본격적으로
눈이 떠졌던 것 같습니다.
​
남들에게 소소할 수 있지만 저에게 정말 사고싶었던
차량을 어떻게 매도하고 매수해야하는 고민에
500만원으로 바로 다음날 계약해버렸죠.
​
그 이후로 주식 리딩방에서 리스크가 있지만, 어느정도 감을 잡았고, 지금은 아침마다 경제 신문을 보면서 종목을 사고 있습니다.
​
​
이 종목 올랐다.
85,000원
​
이 종목 떨어졌는데 또 올랐네?
330,000원
​
의심되시면 캡쳐본 공개해드릴게요.
​
​
지금은 한 달에 100만 원 정도 꾸준히 벌고 있어요.
물론 오르락내리락할 때도 있지만,
이 과정을 통해 세상을 바라보는 시야가 훨씬 넓어졌어요.
이제는 뉴스를 볼 때도 단순히 “이 회사가 좋다” 수준이 아니라,
“돈의 흐름이 왜 이렇게 움직일까?”를 생각하게 됐어요.
​
​
​
결론: 남들 쉴 때, 저는 저질렀어요ㅎㅎ
​
​
지금도 저는 완전히 성공한 사람은 아니에요. 하지만 이건 말씀드릴 수 있을 것 같아요.
이 시간에도 아침 7시에 일어나 출근들 하시면서 급여생활자로
하루 10만원-30만원은 버실텐데, 저는 자유롭게 집에서 오전에 운동하고 안마 받고, 이렇게 여유롭게 글을 쓰고 있습니다.
​
​
하지만 확실하게 말할 수 있는 건 하나예요. 남들 쉴 때, 저는 움직였어요.
​
​
이런 구조를 모를때 공장에서 새벽부터 부딪히며 돈의 무게를 느끼다가
이제는 틱톡 라이브로 외국어로 소통하며 세상을 넓혔고 주식으로
주식으로 돈의 흐름을 읽는 눈을 길렀어요.
​
결국
집에서 돈버는 법
은 ‘편하게 돈 버는 법’이 아니에요.
움직이되, 방향을 제대로 잡는 법이에요. 저는 여전히 시행착오 중",https://blog.naver.com/bbiku123/224073266438,20251112,success,content-sns,"1인칭 실제 경험담. '주식 투자로 한 달 100만 원 꾸준히 벌고 있어요', '500만원 수익', '지금은 아침마다 경제 신문 보며 종목 사고 있습니다' 등 구체적 수익 발생 및 투자 활동 서술. 공간임대업·쇼핑몰·틱톡 라이브 등 복합 부업이나 주식 투자가 핵심 성공 요소로 강조됨."
blog_049,success_story,online-commerce,온라인 커머스,0.95,0.92,False,blog,적립으로  애드픽 네이버 포인트 수익 전환 부업성공후기,"​
오늘의집 쿠팡 지마켓 경유 어플
쿠팡,오늘의집,지마켓 경유 적립으로
네이버페이 포인트 5만원 적립한 후기를
적어 볼까합니다~~
​
애드픽이라고 들어보셨나요
모르시는분들도 계실텐데
​
​
쿠팡,오늘의집,지마켓 말고도
더 많은 사이트가 있지만
​
저는 저 3개만 거의 사용해서
저걸로 많이 적립을 받았어요
11번가 오늘의집 지마켓 쿠팡 경유
경유 적립이 뭐냐면
다이렉트로 어플 클릭을 하지 않고
​
애드픽에서 지마켓 오늘의집 쿠팡으로
들어갈수 있는 링크를 만들수 있는데
​
그 링크로 들어가서 구매하면
쿠팡 2,1퍼센트
지마켓 3퍼센트
11번가 2.1퍼센트를
적립해주네요
​
지마켓은 원래 2프로대 였는데
​
많이 올라갔어요~~!!! 대박임
​
그런데 애드픽의 단점은..적립이
오래걸려요
​
저렇게 모으는데 3개월정도 걸렸고
아직도 돈 받을게 남아있어요
11번가 오늘의집 지마켓 쿠팡 경유 애드픽
그래서 이정도 모았었네요
​
저돈을 다 인출 할수는 없어요
​
며칠더 있어야 준대요 ㅠ
11번가 오늘의집 지마켓 쿠팡 경유 네이버페이 포인트
네이버페이 포인트로 교환 방법은
생활 이용권 누르고
네이버 페이 누르면 끝
11번가 오늘의집 지마켓 쿠팡 경유 네이버페이 포인트
​
그리고
금액에 맞게 상품권을 눌러주면 됩니다
11번가 오늘의집 지마켓 쿠팡 경유 네이버페이 포인트
저는 5만원을 교환 했어요
이제 3만원 남았네요 ㅋㅋ
11번가 오늘의집 지마켓 쿠팡 경유 네이버페이 포인트
다운을 받고
누르면 사진첩에 이렇게
들어오네요
저 밑에 숫자를 복사후
​
네이버 어플로 들어가면 됩니다
이렇게 들어왔네요~~~ 개꿀임
네이버 포인트 모으기 부업
179만정도였는데
180만을 넘겼네요
역대급 ~~
모두 경유 적립은 꼭 사용하세요 ~~
내돈 나가는 것도 없고
사기도 아니고 아주 꿀이니까요
​
​
그런데 저는 비추합니다 애드픽
​
적립기간이 너무 길고
​
요즘 사용하는 적립 어플은 1초만에 적립되고
바로 사용할수 있는걸 찾았거든요~
​
다음에 포스팅할게요!
​",https://blog.naver.com/syd04172/223892057637,20250608,success,etc,"본인이 애드픽을 통해 3개월간 쿠팡/지마켓/오늘의집 경유 적립으로 네이버페이 포인트 5만원을 실제 인출한 1인칭 성공 후기. '저는 저 3개만 거의 사용해서', '이정도 모았었네요', '5만원을 교환 했어요' 등 구체적 경험 서술. 스크린샷 언급과 실제 수익 발생 확인."
blog_050,success_story,platform-labor,플랫폼 노동,0.95,0.92,False,blog,태식이 출연 토요일 배달 부업 쿠팡미션 성공후기 1213,"​
25년 12월 13일 토요일 저녁
12월 3째주부터 본업 일들이 쏟아져.. 이제야 후기를 올립니다
​
이날 본업 일이 쌓여 출근하고 저녁에 미션주면 퇴근하고 안주면 밤까지 일할려고 했는데 미션 주네요
​
지금와서 보니 태식이가 왔었고, 이날 추웠나?
기억이 안납니다, 배달료를 보니 뭔일이 있던거 같은데;;
​
사진첩을 확인하는데 이날 사진도 안찍은거 보니 엄청 바뻤나 봅니다
​
​
총수입 : 382,295원
쿠팡 : 278,525원, 배민 : 13,770원
미션 : 쿠팡 3건 9 만원
​
시간당 수입 : 5.09만원
건당 평균 : 9,802원(미션 포함)
7시간 30분 [ 17:00~24:30 ]
배달 건수 : 39건 [쿠팡 37, 배민 2]
​
시간당 배달 건수 : 5.2건
주행거리 : xxx.x km
건당 거리 : x.xx km
​
​
​
​
표지",https://blog.naver.com/tuning7wh/224128839496,20251231,success,platform-labor,"본인의 1인칭 배달 부업 경험. '25년 12월 13일' 특정 날짜 실제 수행 기록, '총수입 382,295원', '7시간 30분', '배달 건수 39건' 등 구체적 수치와 '본업 일이 쌓여 출근하고 저녁에 미션주면' 등 당일 상황 서술. 쿠팡/배민 플랫폼 배달 노동."
cafe_042,success_story,online-commerce,온라인 커머스,0.92,0.88,False,cafe,악세사리부업 이거 진짜 돈될까? 직접 해본 리얼후기!,""" 싶어서 본격적으로 시작하게 됐어요ㅎㅎ 오늘은 제가 직접 경험한 악세사리부업 리얼 후기부터, 어떻게... 그리고 1주일 안에 첫 판매 성공했어요ㅎㅎ 그땐 정말 눈물 날 뻔... 조금만 노력하면, 누구나 충분히 가능하다고...",http://cafe.naver.com/koarane/145846,,success,etc,"1인칭 시점으로 악세사리 판매 부업을 '직접 경험'했으며, '1주일 안에 첫 판매 성공'이라는 구체적 성과 언급. '눈물 날 뻔' 등 감정 표현과 '누구나 충분히 가능'이라는 긍정적 결론으로 성공 사례 특징 보임."
dc_004,success_story,content-sns,콘텐츠·창작·SNS,0.92,0.88,False,dc,팬픽 딜레마 1위후기및 앞으로의 계획에 대해서,"안녕하세요. 팬픽 딜레마 연재중인 지옥불반도에서 올라온
병원직원 매니저입니다.
네이버 웹소설 챌린지리그(자유연재) 에서 1위를 차지해
그 후기와 감사인사 올리고자. 그리고 후기에 대해서 적고자
합니다.
우선 소설을 쓰게 된 이유랄까 제 생애에 대해 말씀을 드리자면.
저는. 인천의 부평에서 살고있습니다.
고향은 경기 과천이라고. 공무원들이 많은 공무원 촌에서
태어났는데. 학창시절이 행복하지 못했습니다.
무엇보다 아버지가 보수적이고. 제가 여자라는 이유로 지원이나 그런걸 안해주셨기때문에 아버지하고 사이가 안좋아
지금 연락을 안한지 ... 조금 어느정도 됐습니다.
아버지하고 너무 악감정이 어렸을때부터 쌓일대로 쌓여서
그런것도 있었고요. 어머니랑 아버지가 정략결혼으로 만나셨는데. 늘 어머니가 희생하는 모습만 보여주셨기에
어머니의 희생을 보며 인생을 반성했습니다.
올해 수능을 봤는데. 내년초라도 호남에라도 대학을 가려고
엄마하고 얘기를 나눴는데, 어머님께서 ""너 미쳤어? 너네
아빠같은 남자만날래?"" 이러시길래, 순간 뭐지했는데
아버지가 호남사람인게 갑자기 기억나더라구요. ㅋㅋ....
아직까지도 오빠에게 악감정이 있는게. 아버지가 첫째라는
이유로 오빠에게 미대가라고 거의 1억을 썼습니다.
근데 전 딸이라는 이유로 투자나 지원을 아예 안해주시더라고요???
네, 그때부터 전 ""썅년"" 이 됬습니다.
아버지 연세가 내년이면 70입니다. 친가 분들이  모두 6.25를
경험했으며. 외가에는 북한에 억류당한 이산가족들이 있습니다. 또래 20대 애들과는 매우 다른 가정사. 그리고 부모님의 이러한 보수성으로 저는 혁명과 사상. 이론. 사회에 대해 관심을 가질수밖에 없었습니다. 특히 아버지의 이러한
성격이상의 원인이 궁금해 공부를 많이 했었는데, 아버지의
이야기를 들으면 그 당시 시대적 배경 상 많은 사람들이 일그러질수밖에 없었다.  싶더라구요.
아빠가 그때 말하던게 아직도 기억에 남습니다.
북한군이 공무원들과 군인. 교사와 같은 사회 핵심인물들을
모두 죽였고 가족들과 갓난 아기들도 총살을 시켰다고.
그러면서도 아버지가 북한하면 이를 아득 가시길래.
아 이건. 운명적인 원한이다. 어떻게 우리 세대에선 풀 방법이
없구나 싶었습니다. 특히 집안이 대대로 공무원이였기에 저희 집안 사람들은 1순위 총살대상이였으니깐요,
가족이 6.25 간접피해자라고만 말씀 드리면 될것 같습니다.
아무래도. 그런 가정사때문에 사회와 역사에 대해 공부를
할수밖에 없었고. 아버지 또한 그때의 피해때문에 편집증이
있으십니다.
저희 둘째 큰아버지는 영아기때 북한군에게 죽을뻔해. 집안 자체가 극도의 보수성을 띄고 있습니다. 갓난 아기였던 둘째 큰아버지를 북한군이 총기사격으로 사살을 시도했었다고 들었습니다. 그래서 사촌들부터 삼촌들까지 친가 사람들
모두가 북한에 대한 혐오 감정이 뼛 속 까지 가득 합니다.
매우 무겁고. 보통의 20대와는 다른 가정사입니다. 그래서 저는 어릴때부터 다른 또래에 비해 지나치게 현실적인 성격이 될수밖에 없던것 같습니다.
20살? 21살때 목포에 철학관을 하나 차렸는데 코로나때문에
망하고 다시 인천으로 돌아왔습니다.
머지않아 다시 개업할 생각입니다. 안그래도 엄마가 대학을 붙으면 대학 근처에 같이 집을 합치자, 하셔서. 알겠다. 붙이자곤 했는데, 엄마가 ""호남권 대학은 죽어도 안된다"", 고 하셔서... 지금 걱정이 많습니다, 원래 지망대학 세 군데가 다, 호남권 대학이거든요.
사실 어렸을때부터 인생을 생각할 시간이 많았습니다.
그래서 나름대로 자격증도 많이 땄어요. 민간이지만요,
심리상담사 자격증도 따고, 역학심리상담사 자격증도 따고...
몰랐는데. 우리나라에서 제일 어리다하네요.
그런데. 방황을 너무 오래했습니다. 아버지때문에 마음의 상처를 너무 많이 받았었고, 아버지가 지원을 전혀 해주질 않았기에 홀로서기를 하는것이 너무 힘들었습니다.
심리상담사는 무조건 학위가 있어야만 임상심리사(국가자격) 을 시험을 치룰수가 있기에, 더더욱이 이러한 관문은 저에게 너무 높았고. 부담될수밖에 없었습니다.
전 제 자격증을 살려, 대학병원과 요양병원에서 호스피스 환자(말기암 환자, 임종 전 환자)들을 돌보는 일을 했습니다.
그런데 갑자기 의아하더라고요,
내가 이렇게 사는게 맞는건가?
내 삶을 모두 내던져가면서까지 환자들을 돌봐도 내가
행복하지 못한게, 나의 삶에 회의감이 갑자기 들었습니다.
원래 꿈은 발명가도 하고싶었고. 예술인도 하고 싶었습니다.
하지만 저의 자질은, 거기까지 미치진 못했습니다.
재능이 없었습니다. 하지만 사람이란것이 참 멍청한것이. 자신이 못한것이 있다면 그것을 쫒고자 하는 야망이 원초 강한것이 사람이지 않습니까? 거기서 저는 생각이 들었습니다.
""늦게라도 데뷔하고 싶다.""
네. 그거입니다. 데뷔를 하고 싶었습니다,
뒤늦게 하고싶은걸 너무 하고 싶었습니다.
이게 누구는 욕심이라 부를거고. 누구는 잘못된 선택이라고
할겁니다, 하지만 저는 생각한 것을 실현하고. 행동으로 옮기는
능력은 누구보다 빠르고 확실했습니다.
어머니는 젊었을때 공기업에서 일했지만, 글도 쓰셨고
부업으로 언론사에서 칼럼니스트로도 일했습니다.
어머니가 원초부터 훌륭했습니다. 어머니의 재능을 보며
저도 글에 천부적인 재능이 있었을거라 생각했습니다.
하지만 저는, 일어서지 못했습니다. 절망을 겪었습니다.
대출을 2500만원씩이나 받고 철학관을 개업했지만
시장조사 미숙으로 사업이 처참하게 실패했습니다.
하지만, 제가 이렇게 사업이 실패하면서도 깨닫은게 있었습니다. 내가 하루라도 어릴때 도전을 하고. 또 해서
계속 정상을 향해 달려야한다는것을 전 너무나도 잘 알고 있었습니다, 저의 가슴은 뛰고 있었습니다. 글을 쓰면서
깨닫았습니다. 상상이상으로 글을 쓰는데엔 저의 재능이
있었다는걸요, 몰랐던 어머님의 재능을 물려받았던겁니다.
데뷔하고 싶습니다.
미래계획은,
대학을 가게되면ㅡ 금해에 데뷔를 동시에 해내서 기안84님처럼 살고 싶습니다. 현금회수율이 높으면 어시스트를 붙여서 사업을 동시에 해서, 수익원을 다분화 시켜서 현금회수율을 높이고 싶습니다.
저의 재능은 확실하다 전 믿고, 수단과 방법을 가리지 않고
성공하고 싶습니다.
그림을 정말 못그려도, 글",https://gall.dcinside.com/mini/board/view/?id=night_art&no=25,,success,etc,"네이버 웹소설 챌린지리그 1위 달성 후기. '팬픽 딜레마 연재중', '데뷔하고 싶습니다', '글을 쓰는데엔 저의 재능이 있었다' 등 1인칭 창작 활동 성공 사례. 과거 철학관 사업 실패(2500만원 대출) 언급하나 현재는 웹소설 1위라는 구체적 성과 달성."
dc_005,success_story,content-sns,콘텐츠·창작·SNS,0.95,0.98,False,dc,"힛갤곤볼 완성 갈로아 ""과학만화 계속 그리고 싶어요""","약 2년 만에 힛갤곤볼 7성구 완성자가 나왔습니다. 열세 번째 만신 소환 성공 이용자는 바로 '갈로아' 님입니다.
'갈로아' 님은 곤충 갤러리와 카툰-연재 갤러리에서 활동하는 이용자로, 이 두 곳에서 올린 게시물 7개가 힛갤에 등극하면서 만신 소환에 성공했습니다. 곤충 갤러리에서는 곤충을 먹어본 후기를 올렸고, 카연갤에서는 '만화로 배우는 곤충의 진화'와 '만화로 배우는 공룡의 생태'를 연재하면서 힛갤에 등극했습니다.
이 가운데서도 가장 눈길을 끄는 작품은 역시 '만화로 배우는' 시리즈입니다. 처음 그림판으로 그렸던 이 만화는 갤러들의 폭발적인 반응을 얻으며 정식 연재가 되었고, 연재가 계속될수록 이용자들로부터 ""이런 고퀄리티 만화를 무료로 연재하다니""라는 찬사를 얻었습니다. 특히, 어려울 것만 같은 곤충과 공룡 이야기를 네티즌들이라면 알만한 각종 합성 필수요소와 유행어 등을 활용해 그려내면서 이 만화는 교육과 재미 두 마리의 토끼를 모두 잡는 데 성공했다는 평가를 받았습니다.
디시 외에도 딴지, 자신의 블로그와 페이스북에 연재했던 이 작품은 여러 출판사의 출판 제안을 받았고, 그 결과 '책'으로 출판되어 더 많은 독자들과 만나게 되었습니다. (게다가 베스트셀러입니다! 제가 서점에서 베스트셀러에 있는 거 확인했습니다!)
'갈로아' 님의 힛갤곤볼 완성에 맞춰 디시뉴스는 '갈로아'님을 디시로 초대해 인터뷰를 진행하였습니다. 향후 한국을 빛낼 멋진 생물학자를 미리 만난 것 같아 왠지 뿌듯한 인터뷰였음을 미리 밝히며, 앞으로 나올 '만화로 배우는' 3편 역시 큰 기대를 가지고 기다리고 있겠습니다.
'갈로아' 님의 힛갤곤볼 7성구 완성을 다시 한 번 축하드립니다.
-
안녕하세요. 디시인사이드입니다.
""안녕하세요.""
-
힛갤곤볼 완성 축하드리며 만두 받으셨죠?
""네. 3000개 받았어요.""
-
그거 어떻게 쓰실 건가요?
""썼어요. 그걸 문화상품권으로 바꿨어요. 60개가 핀 번호로 오더라고요. 그걸 일일이 입력해서 하는데 29만 원이 된 거예요. 두 개를 제가 입력 안 한 거죠. 계속 눈 빠지게 찾다가 포기하고 그냥 29만 원으로…""
-
안돼요. 포기하지 마세요. (웃음)
""절반은 지금 썼어요. 그거로 영화 보고, 모바일 게임에 10만 원 쓰고. 키보드 받침대도 사고. 지금까지 15만 원 썼어요.""
-
첫 질문으로 나이와 하시는 일을 좀 여쭤봐도 될까요.
""제가 나이를 가리고 활동해서… (웃음) 하는 일은 학생이고, 곤충 연구실 왔다 갔다 하면서 곤충 연구를 하려 하고, 부업으로 만화를 하고 있습니다.""
-
만화 쪽으로 계속 나가실 생각은 없으시겠네요?
""저는 곤충을 되게 좋아해서 곤충 연구실에 들어가서 일을 할 것인데, 그걸 하면서 계속 만화를 그리는 거죠. 그리고 싶어요.""
-
처음 힛갤 가셨던 게 곤충 먹었던 거죠. 그때 많이 놀랐을 것 같아요.
""맞아요. 그때 고정닉을 썼구나. 7개 체크된 게 신기했는데 그거였구나. 곤충을 먹었던 거로 갔죠. 그때 놀랐어요. 처음 힛갤 간 거였고, 메인에 뜨고. 그래서 곤충 만화 그릴 때 다들 그 이야기를 하셨어요. 아, 얘가 곤충 먹은 그 애였어. 곤충 먹은 이유가 지난주에도 그랬는데 곤충 잡으러 섬에 자주 가요. 섬에 가면 벌레들이 많은데 문제는 섬이다 보니까 배가 잘 안 떠요. 지난주에도 신안 갔다가 며칠 고립되었는데 그러다 보니까 식량이 떨어지기에 구워 먹었다가 맛 평가를 했던 거죠.
<곤충 시식 평가 TOP 11>
-
베어그릴스 되게 열심히 보실 것 같아요.
""옛날에 재밌게 봤어요.""
-
저희는 그런 분들이 좀 보여서 크게 놀라진 않았어요.
""가끔 놀라운 거 많이 봤어요. 사실 그때 같이 간 사람 중 한 명도 옛날에 곤충 먹어서 힛갤 간 적이 있는 사람이에요.""
-
처음 힛갤 갔을 때 내가 일곱 개를 다 받을 수 있을까 예상하셨나요?
""몰랐어요. 저는 곤충 만화가 힛갤 많이 가서 놀랐고, 좋았어요. 덕분에 만화 보는 사람도 많아지고요.""
-
곤충 만화 처음 올라왔을 때 저희가 꽤 놀랐어요. 이런 퀄리티의 만화가 유료플랫폼이 아니라 평범한 게시판에 올라오다니. 딴지에도 올리셨잖아요.
""제가 곤충을 그리기 전에 '오디세이'라는 만화를 레진에서 연재했어요. 그것도 카툰-연재 갤러리(이하 카연갤)에서 연재하던 건데 그걸로 데뷔를 했어요. 제가 만화가로 활동하기 전에 약간 인지도가 필요하다 생각이 들었어요. 그리고 어차피 전업 만화가로 살 배짱이 없기 때문에 일단 유명해지는 게 좋겠다 싶었어요. 사실 아예 곤충 만화를 인터넷에 뿌리는 식으로 연재하겠다고 생각을 했어요. 그래서 실제로 연재하는 중에 정식 연재 의뢰가 몇 번 왔어요. 안 가고 완결을 냈는데 잘한 것 같아요. 많이 알려져서 덕분에 책이 많이 팔렸어요.""
-
요즘 독자들이 인터넷에서 읽었다고 책을 안 사는 것도 아니긴 하죠.
""그렇더라고요. 좋더라고요. 덕분에 많이 봐주셨고, 그만큼 책을 많이 사 주셨어요. 잘한 것 같아요. 그렇게 한 게. 그런데 이걸 다른 작가님들에게 이야기를 하니까 '그건 네가 생계형 만화가가 아니라서 할 수 있는 도박'이라고, 나는 절대 못하겠다고 다들 그 이야기 하시더라고요. 출판사에서 고마워했던 게 다른 작가님들은 영입하면 연재 플랫폼을 찾느라 바빴는데, 저는 그냥 박치기로 해서 올렸죠. 잘 되어서 참 다행이라는 생각이 들어요.""
-
장기 연재 계획을 하고 올리신 거예요? 사실 저희 쪽 처음 올렸을 때는 데모 정도였죠.
""그림판으로 그려서 올렸어요. 그때 닉네임이 '큐어하트남편'이었어요. (웃음) 디시에 '큐어화이트남편'이라고 올리시는 분 따라서 '큐어하트남편'이라고 바꾼 건데, 그게 힛갤 갔었어요. 깜짝 놀랐어요. 나는 필명 '갈로아'로 활동해서 알려야 하는데 '큐어하트남편'으로 가다니. (웃음) 아직도 그걸로 저를 기억하는 사람이 있더라고요.""
-
그건 심심풀이로 그린 건지, 이런 장기 연재를 계획한 건지요.
""아뇨. 그냥 아는 거 만화로 정리해보자 해서 그냥 그린 거예요. 계획이 없었어요. 곤충 만화를 보면 구성이 되게 주먹구구식이에요. 그런데 곤충 끝나고 공룡을 그렸잖아요? 그건 '20화 사이에 끝내자' 이런 걸 생각하다 보니까 순서가 정해진 것",https://gall.dcinside.com/board/view/?id=dcinterview&no=28629,,success,etc,"본인이 디시인사이드에서 곤충/공룡 과학만화를 무료 연재하여 힛갤 7개 달성 후 출판사 제안을 받아 베스트셀러 출간, 만두 3000개(문화상품권 29만원) 수령. '부업으로 만화를 하고 있습니다' 명시. 1인칭 인터뷰 형식의 실제 성공 사례."
dc_006,success_story,platform-labor,플랫폼 노동·배달·대행,0.85,0.9,False,dc,(스압)플컨후기(보다는 사실 대리구매후기),"넵....올해는 조금 특별한 플컨을 다녀왔어유
어차피 다른 분들이 상세한 후기 많이올렸으니
중복되는건 최대한 줄이고 간략하게 쓸게유
일단 장바구니에 담아온 물건들. 이중에 가스와
데린져와 탄색ACOG는 역시 갤럼분들의
의뢰품입니다ㅜㅜ 아미비스킷은 여친님꺼...
제껀 경품으로 받은 밀리터리 장갑뿐
(돈이없어서 애초에 건매트밖에 못사는처지)
퍼프디노 가스가 가격이 착했지만 살돈이없었어유
일산파킨부스에서 여친님 사격도 시켜드리고
(현실배그하는거같다고 좋아함)
모 갤럼의뢰로 업어온 5만냥 무배율ACOG
이번 플컨의 알파요 오메가이자 저의 목표 건매트.
여친님께 조공바친거 상세사진 올려유(feat.떼껄룩)
제가 52장 쓸고나서 남은 마지막물량과,
건매트사장님이 가는길에 마시라고 주신 710ml
쵸-VVIP고객용 빅사이즈 몬스터에너지
플컨장 근처 돈까스클럽가서 먹은 점심...
의뢰인 33명께서 선입금해주신 비용에서 구매비용과
택배비 제외해보니 딱 돈까스세트 하나 사먹을수고비
나오더라구유ㅋㅋㅋ 33명이 원기옥모아 사주신 점심,
맛있게 먹었습니당 감사합니다!!!(+초코에몽기프티콘)
그리고 대망의 건.매.트.
5252~ 52장이라니 너무하잖아 이거?
트렁크가 헐렁하게 망가져 버린다고~?wwwwww
이거 정.말.무.겁.습.니.다.
사장님이 대형카트 안빌려주셨으면 절대주차장못감
+건매트에 대한 잡설....
사장님이 개인에게 대량으로 안판다고 하실까봐,
아예 의뢰인과 품목명단을 표로 제작해서 갔습니다.
보자마자 빵터지시더군유ㅋㅋㅋ
사장님 정말 좋은분이심...52장을 한장한장 검수하시느라
시간 꽤 걸렸어유
인터뷰를 좀 해봤는데, 핵심은 다음과 같아유
1. 본업은 따로 있고 부업으로 하는거라 건매트를
정식으로 판매할 계획은 전혀없다.
2. 한명한명한테 택배를 포장해서 보내고 이런건 정말
하고싶은 마음이 없고, 이런식으로 대리구매 대량 하러온건 너님이 처음이다. 내가 해야할일인데 대신 해줘서 고맙다. 몬스터에너지머겅
3. 집가서 포장할때 물건에 문제있거나 다른 문의사항이 있으면 연락해달라. (개인적으로 연락처 받아옴)
정말 친절하고 해맑은 분이셨어유. 포장도 꼼꼼히 해주시고 카트도 빌려주시고 가는길에 졸음운전 걱정된다며 에너지음료도 챙겨주시고 좋은분임
+이번 대리구매의뢰에 대한 보고
의뢰자 33명
구매성공물품: 건매트 52장, 퍼프디노가스3캔, 무배율ACOG, 데린져 실버, PPS M40A1 2정
특이사항: 이웃이라 제가 직접배달해드릴사람 1분.
전국 군부대 국군장병분들도 다수 의뢰.
특히 부산에서 무수한 의뢰+제주도까지.
귀가전 마지막 간발의차로 의뢰성공한분은(막차탑승)
슈미xx벤더님(닉네임가림. 아무튼가림^^)
조금전에 택배봉투 사옴^^
마지막으로....저도 본업과 스케줄이 있는 관계로
하루안에 33명치 택배를 모두 발송하는게 다소 힘들수
있습니다ㅜㅜ 하루이틀정도 지연될 수 있다는 점
정말 진심으로 죄송합니다ㅜㅜㅜㅜ
최대한 빨리 검수 후에 포장해서 보낼테니 걱정마세유~
(추가) 현재 8인분 발송완료입니다 송장번호 못받으신분들 조금만 더 기다려주세유^-^
- 아무튼 그래유",https://gall.dcinside.com/mgallery/board/view/?id=airsoftgun&no=77469,,success,etc,작성자가 1인칭으로 플컨(플래닛컨벤션) 대리구매 대행을 수행한 실제 경험 서술. '의뢰인 33명께서 선입금해주신 비용에서 구매비용과 택배비 제외해보니 딱 돈까스세트 하나 사먹을수고비 나오더라구유' 등 구체적 수익 발생 언급. 건매트 52장 등 물품 구매·검수·배송 과정 상세 기록.
dc_007,success_story,platform-labor,플랫폼 노동,0.85,0.9,False,dc,세후 3백충 직장인인데 메이플 쌀먹으로부업한다...,"월 29시간 주당 7시간 하루에 1시간정도 점심시간 투자해서
(점심때 집감)
월85만원 고정수익 & 아이템뜨면 +@ 해서 평균 월 100만원정도 버는듯
100만원으로 생활비, 자동차유지비, 데이트비, 식비 등등 하고
월 100 ggll 월 200 구글본주 넣는중임... ㅁㅌㅊ??",https://gall.dcinside.com/mgallery/board/view/?id=stockus&no=14396659,,success,etc,"본인이 메이플스토리 게임 내 '쌀먹'(아이템 파밍) 활동으로 월 85~100만원 고정수익 발생, 구체적 시간 투자(월 29시간)와 수익 사용처(생활비/투자) 명시. 1인칭 실제 경험담."
dc_009,success_story,offline-sidejob,오프라인 부업,0.95,0.92,False,dc,[일기] 원조 퇴물의 라스트댄스,"안녕 퇴물이 왔다.
지난번에 누가 나를 사칭해서 추석 후에 글을 쓴다고 했더라.
이게 뭐라고 사칭하는게 괘씸해서 추석연휴 끝나기 전에 글 씀.
아무튼 다들 추석 잘보냈지..?.
난 급한일이 생겨서 한국에 들어왔는데 온 김에 부모님도 뵙고 했음.
아버지는 본업은 건설이었지만,
현재 지방도시의 건설산업은 괴멸된 상태에 가까운지라 요즘 일이 없음.
건설자재비 + 인건비 + 안전관리비용등등 모두 올라버려서
건물을 짓는게 도저히 수지타산이 안나오니 공사물량이 없다고 함
그러니 IT쪽 취업 안된다고 징징거릴 필요는 없어졌다.
하이닉스 빼고 걍 다 ㅈ되고 있는 거니까.
내가 가난한 학창시절을 겪었던 이유도,
딱 그때가 IMF때라서 건설업은 무조건 망했을 때 였음.
당시 아버지는 건설업체 사장이었음. ㅎㅎ 그러니 폭망+빚더미.
아무튼 본업이 흔들리다보니 하필 선택하신게
아무나 한다는 바로 그 업종.
커피숍이었다.
비싸게 주고산 땅이 안팔려서 기약없이 쳐물려있다보니
에라이 싯팔하면서 풀대출로 건물을 지어서 커피숍을 차리게 된 것이다.
왜 땅이 안 팔렸겠는가? 위치가 별로니까.
개들도 산책 안다닐 정도로 유동인구 없음.
택지 개발을 새로한 곳이라 주변 곳곳이 그냥 빈땅에 풀까지 자란 상태.
아 그 뿐인가
아버지는 노랭이 맥심만  즐겨 마시는 커피 비전문가.
이미 저질러버린 제빵기계와 냉장고들.
(제빵 그런거 할줄 모름.. 사람 시키면 된다고..)
이미 사망 복선 플레그가 한 두개가 아님.
너무 진부하기까지한 자영업 클리셰임.
근데 그거 사실
형이 변변찮은 기술이 없어서 택시기사하고 있던거 아버지한테 들킴.
아버지가 장남이 저러고 있으니 너무 속상해서
풀대출로 건물 지어서 커피숍 사장 만들어준 거임.
본업이 건설이니까 도매가로 싸게 잘 짓는건 자신 있었거든.
(부풀리기도 잘해서 사실상 LTV 90% 꽉꽉 채움)
형이 야심차게 첫 스타트를 끊었지만
오픈빨로 겨우 본전치기라도 하며 버티다가
결국 빚 몇천을 남긴체 3년만에 못하겠다며 로그아웃함.
물론 코로나....도 있긴 했었고,
그 위치에 빚 저정도만 남긴것도 선방한거긴 함.
결국 70대인 아버지가 커피숍 인수함.
ㅋㅋㅋㅋㅋㅋㅋㅋㅋㅋ
아버지 인수하고나서, 한두달 뒤
약 600미터 큰 대로변에 (사실상 입구)
스타벅스 드라이브 쓰루까지 생김 ㅋ
운도 참 ㅈ나게 없는 것이다.
나의 유전병인 관심병의 원천소스답게.
매출자랑을 하기 시작함.
일 매출 300??
어? 자영업 경기 다 뒤져가서 쿠폰까지 뿌리는거 아니었나?
이건 또 무슨 세계관이지?
일 매출 평일 100, 주말 200.
대충 월 매출 4~5천정도 찍는 것 같아보인다.
(보통 30평정도되는 카페의 매출은 월 1~2천만원이다)
얼추 계산해보니 1000~2000만원 정도는 순수익처럼 보인다.
아니... 어케 했을까?
나는 아버지를 보고 자랐는데 아버지는 퇴물계의 대부였음.
빵에 대해 1도 지식이 없던 아버지가 제빵을 맡고.
버스운전기사를 하던 50대 여자분을 메인 메니저로 두었다.
지금 생각해도 듀오 조합이 참...
이게 대체 무슨 조합인지..
돌아가는걸 보아하니
빵을 어떻게 만드는지 유튜브를 보고 처음 배우셨음....
유튜브에 좋은 선생님이 많다며...
메니저는 커피에 대해선 전문가가 아니라서 모르지만,
알바들은 여기저기 일한 경험으로 왠만한 레시피가 가능했고.
맛도 일반적인 수준으로 뽑아낼 수 있었다.
(알바채용으로 기술이전 실현)
버스기사가 어떤 자린가.
온갖 진상들을 다 만날 수 있는 최전선이었기에,
진상 손님에 왠만한 일로는 감정적으로 쉽게 열받지 않고 탁월하게 대처했다.
애기 기저귀를 테이블 위에 놓고 갔다며 바로 노키즈 걸어버리는
자존감 높으신 사장들과는 대응이 매우 달랐고
오히려 아줌마라 애기들한테 자꾸 뭔가 더 퍼준다.
커피1잔만 시켜도, 애들이 있으면 메뉴에도 없는 요구르트가 어디선가 나오며
아이스크림도 가끔 한 스쿱씩 나옴...
홀(현장)에 있는 사람들에게 비용에 대한 재량권을 부여해준 것도 이유가 되겠다.
하지만 스타벅스가 생긴 이후로 매출이 기울기 시작했음.
생일때 주고 받는 스타벅스의 기프티콘 선물을 쓰느라
방문하게 되는 수요가 상당할 수밖에 없기 때문이렸다.
아버지는 극대노를 하면서 전쟁에 돌입함.
""아메리카노 2천원.""
아... 이건 패착이다.
원래 장사를 제대로 못하는 분들이 별다른 수가 없어서 가격을 낮추는거라
출혈 경쟁으로 가서 결국 많이 팔아도 돈이 안되는 상황에 빠지기 마련이다.
저가전략은 숍이 작아 테이크아웃으로 테이블을 돌리지 않는 곳에서나 유효한 전략이다.
그런데.
사람들이 화내기 시작했다.
주문을 했는데 커피를 받고 보니 자리가 한자리도 없기 때문이다.
맘들의 좋은 평을 듣고나서 아이들이 많아지면서
자연히 젊은 사람들은 이 카페를 찾지 않게 되었는데.
그 자리를 중년 시니어(40~70대)들이 가득 채우기 시작한 것이다.
시니어들은 자동차로 대부분 이동하기에
번화가보다는 주차가 잘되는 곳을 선호하게 됨.
(게다가 4인이상 그룹이면 차도 여러대)
아까 말한 복선. 주변이 허허벌판이었던 점.
걍 흙길 위에 주차하면 되는 것이다.
시니어들의 특성은 4명 정도 그룹으로 만나는 경향이 있고.
커피 내가 쏠게 하고 했을 때 2천원이면 부담도 적기 때문이었음.
그렇다고, 모양세 빠지는 컴포즈 이런 프렌차이즈를 갈 것인가?
아 내가 좋은데 아는데 있지~ 하면서 적당히 분위기 잡힌 이 카페로 오게 되어있다.
그러나 인생은 계획대로 되는게 잘 없다.
아메리카노는 2천원인데, 50대 아줌마들은 밤에 잠 안온다며
속 안좋다며 다른 비싼 메뉴를 시킨다.
남자들끼리는 아메리카노 통일로 쉽게 생각해버렸지만,
여자들은 훨씬 복잡한 존재였음.
부동산 있다는 60대 오빠(?)가 커피 사준다기에 빵도 여러개 집는다.
이거 어른 체면에 안살수가 있나.
시니어들은 배고팟던 시절사람들이라 남은 빵은 아깝다며 다 싸간다. (집에서 먹을려고)
이상하게도 빵을 싸가기 좋게 접이식 박스가 근처에 있다.
그렇게 시니어들이 많이오면 발생하는게 상식차이로 인한 진상 문제다.
나이든 분들의 상식과 요즘 사람들의 상식에는 약간의 괴리가 존재하기 때문임
보통 1인 1메뉴 부탁드립니다. 라고 적혀 있는 곳이",https://gall.dcinside.com/mgallery/board/view/?id=github&no=84371,,success,etc,"작성자 아버지(70대)의 커피숍 운영 성공 사례. '일 매출 평일 100, 주말 200. 대충 월 매출 4~5천정도', '1000~2000만원 정도는 순수익' 등 구체적 수익 언급. 유튜브 독학 제빵, 저가 전략(아메리카노 2천원), 시니어 타겟팅으로 좌석 만석 달성한 1인칭 가족 경험담."
clien_002,success_story,platform-labor,플랫폼 노동,0.95,0.92,False,clien,"쏘카세차빌런, 2주정도 쏘카 핸들러라는걸 해보았습니다.(차량 탁송알바)","공황으로 힘들어 견디다 못해 일하던곳을 그만두고, 쉬는 와중에 다시 아르바이트라도 구해보려는데 아르바이트가 구하기 어렵더군요.
잔고는 슬슬 위기 단계로 격상(?)되어가고, 알바는 안구해지니 똥줄이 타기 시작했습니다.
그러다가 우연찮게 쏘카에서 운영중인 '핸들러'라는 앱을 알게되었습니다.
설치하고 실행해보니 부름 배차, 차량 회수 외에도 차량 이동, 전기차 충전, 공업사 입고, 차량 점검 등 다양한 미션을 수행하고 주마다 정산하여 소득세 3.3%를 제외하고 현금으로 지급 받는 방식이더군요.
앱을 실행하면, 사진과 같이 제가 설정한 시간, 제 위치로부터 범위내의 미션들 리스트가 노출됩니다. 저는 걸어서 이동하거나, 대중교통으로 이동할 수 있는 범위로 정했습니다.
미션을 클릭하면, 상세 미션내용이 표시됩니다. 차량번호도 미리 확인이 가능하고, 알림을 설정해두면 미션 수행가능 시간에 알림으로 보내줍니다.
여기서 문제가 하나 있습니다. 쏘카는 핸들러를 경쟁방식으로 핸들러를 출시 했습니다. 제가 아무리 알림을 설정해놓고, 알림이 와서 미션을 수행하려고 들어가면 누군가 먼저 채가버리면, 저는 다음 미션을 기다리는 방법 뿐입니다. 이리저리 찾아보니 매크로, 앱 변조 등으로 빠르게 가져가시는 분들도 계시는 듯 했습니다. 이것때문에 첫주에는 애좀먹었습니다. 알림을 설정해놓았는데도 알림도 오지않고 미션이 사라진다거나...
핸들을 잡게되면, 미션 수행시간내에 미션을 완료해야합니다. 시간자체는 넉넉하게 줍니다.
먼저 출발지로 이동하면, 차량의 외관을 확인하고 외관 확인이 완료되면 출발합니다.
목적지에 도착하면, 배차미션은 고객요청이 있으면 요청위치에 주차하면 되고 그외에는 미션 내용 따라 진행한뒤 차량 외관 확인을 다시하고 미션을 완료는 방식이었습니다.
첫주에는 13만원 정도 수익이 생겼고, 이번주에는 장거리 이동건을 몇건 했더니 25만원을 넘긴 상태입니다.
운전을 원래 좋아해서 취미 삼아 생활비를 벌 수 있어서 좋았지만, 느낀점은 달랐습니다.
본문에 올린 단가만 보면 뭔가부업으로 할만한데? 싶으실 수 있지만, 저건 장거리 이동이라 좀 쎈 단가를 보여드린 겁니다.
보통 건당 4천원이고, 이동거리가 좀 있다 싶으면 7~9천원에서 움직이는 경우가 대부분입니다. 시급도 안나오기도하고... 이동 하는 비용, 시간 생각하면 오히려 마이너스가 나는 경우가 생기기도 했습니다. 그리고 가장 큰건, 저만 핸들러를 하는게 아니라 다른분들도 하시다보니 콜을 뺏기면 그대로 허탕을 치는 경우가 생각보다 많았습니다.
이번주는 정말 운이 좋아 전주->인천, 전주->남원, 전주->광주같이 타지로 멀리 나가는 장거리 배차를 한번씩은 하면서, 일당이 10만원 가까이 나오긴 했지만, 돌아오는 비용을 제하면 실제로 제게 남는건 적어졌습니다.
저처럼 운전하는걸 좋아하고, 다양한 차종을 타볼 수 있는 재미로 하기엔 괜찮을지는 몰라도 부업으로 해서 수익을 내려고 한다면 어렵다고 생각합니다. 수익이 일정하지 않고, 하루종일 폰만 보게 되다보니 생각보다 피로가 크더군요.
그래도 당분간은 아마 먹고 살려면 열심히 해야겠습니다 ㅎㅎ 얼른 취직에 성공해서 돈걱정 없이 살고싶네요.
오늘도 광주를 다녀오고, 문득 후기를 적어보고싶어 글을 끄적여봅니다.",https://www.clien.net/service/board/park/18754797,,success,etc,"작성자가 2주간 쏘카 핸들러를 직접 수행한 1인칭 경험담. '첫주 13만원, 이번주 25만원' 등 구체적 수익 명시. 장거리 배차(전주-인천/광주 등) 실제 경험 서술. 매크로 경쟁, 돌아오는 비용 제하면 실수익 감소 등 현실적 한계 언급하나 수익 발생 확인되어 success_story 판정."
clien_003,success_story,platform-labor,플랫폼 노동,0.95,0.92,False,clien,쿠팡이츠 도보 배달 후기,"저는 정말로 크리스마스에 알바를 할 생각은 없었습니다. 어제는 했습니다. 강남의 한 와인바에서 크리스마스이브를 맞아 수많은 커플들이 잊지 못할 추억들을 만드는 동안 저는 찬물로 설거지를 했습니다. 별로 특별할 것도 없는 일이라 후기를 쓸 생각도 들지 않았습니다.
연휴 마지막 날이자 크리스마스인 오늘은 늦잠을 자고 일어나 늦은 아침(혹은 이른 점심)을 먹고 당근으로 아이쇼핑을 하다 마음에 드는 물건이 있어 버스를 타고 거래를 하러 다녀왔습니다. 그리고 바로 집에 돌아오기가 살짝 아쉬워서 카페에서 책을 좀 읽다 들어온 것이 오후 3시를 좀 넘어서였습니다.
예전에 부업이라도 해볼까 해서 쿠팡이츠 배달파트너 일을 알아봤었습니다. 안전교육을 이수하고 첫 배달을 완료하면 보너스로 2만원을 준다는 말에 혹해서 교육을 듣고 보온가방까지 마련했습니다만, 도보 배달은 콜이 전혀 들어오지 않았습니다. 아무래도 제가 사는 곳이 주택가 근처다보니 주문이 좀 뜸한 것도 있었겠지만, 퇴근하고 집에 돌아와 앱을 켜고서 한참을 기다려도 단 한 콜도 오지 않았습니다. 저는 오토바이도, 자전거도 없는 뚜벅이라 경쟁력이 떨어질 수밖에 없었죠. 결국 포기하고 보온백은 구석에 처박아둔 채로 잊고 있었습니다.
그런데 오늘 쿠팡이츠 배달 앱에서 이벤트 메시지가 날아왔던 것입니다. 연휴기간인 22일부터 25일 사이에 도보로 15건을 배달하면 5만원을 보너스로 준다는 것이었습니다. 생각해 보니 며칠 전에도 왔던 것 같았습니다. 혹시나 하는 마음에 배달앱을 켜고 배달가능상태로 바꿔보았습니다. 다음순간 띠링, 하는 소리와 함께  동네 피자집에서 배달콜이 들어왔습니다. 콜을 받아본 것이 처음이라 어쩌지 하다가 쿠팡이츠 배달 시스템을 잘 몰랐던 터라 제가 수락해도 다른 배달기사분들이 먼저 선정되지 않을까 싶어서 수락을 눌러봤습니다. 그랬더니 바로 픽업대기 상태가 되는 것이었습니다. 취소를 누르려고 해도 취소버튼이 보이지 않았습니다. (나중에 취소가 가능한 것을 알았지만 취소를 하면 페널티가 쌓이는 구조였습니다) 이를 어쩌지 하다가 서둘러 외투와 보온가방, 그리고 핸드폰만 챙기고 피자집으로 향했습니다.
피자집에 도착해 최대한 자연스럽게 쿠팡이츠입니다. 했습니다. 그러자 직원분이 몇 번이세요? 하는 것이었습니다. 제가 앱을보고 384번입니다. 했더니 직원분이 그건 우리 주소고요, 코드번호 알려주세요. 했습니다. 조금 민망했지만 다시 코드번호를 찾아서 불러드리니 직원분이 포장된 피자를 주면서 기울어지지 않게 해 주세요, 했습니다.
피자집에서 배달지까지는 대략 1km 정도 되었습니다. 성인남자가 걸어서 1시간에 4km 정도 간다고 치면 15분 정도 걸리는 거리였습니다.
문제는 외출하고 집에 막 돌아왔던 터라 핸드폰 배터리가 20프로 정도밖에 남지 않았던 것이었습니다. 앱에서 제 현재위치를 계속 확인하다보니 배터리가 더 빨리 소모되는 것 같았습니다.
겨울이라 시간이 너무 지체되면 피자가 식을 것만 같아서 배달지까지 최대한 빨리 걸었습니다. 그러면서 피자의 수평을 유지하려다보니 역시나 쉽지 않았습니다.
드디어 첫 배달지에 도착하고 보니 요청사항에 벨을 누르지 말라고 되어있었습니다. 배달이 완료되면 배달음식과 배달지 현관의 호수가 같이 담기게끔 사진을 찍게 되어있었습니다. 그래도 무사히 첫 배달을 마쳤구나, 하고 안도하며 배달완료 버튼을 누르자마자 바로 또 콜이 들어와 있었습니다. 엇, 안되는데 하면서 지도를 보니 바로 근처의 다른 피자집이었습니다. 핸드폰 배터리가 15퍼센트 정도 남았던 터라 살짝 고민되었지만 하나만 더 하자, 하고 수락을 눌렀습니다. 두번째 피자집에는 카운터에 이미 포장이 완료된 비닐봉투가 놓여있었습니다. 이번에는 피자가 아니라 스파게티와 음료수가 전부인지 양이 작았습니다. 다시 1km 정도를 걸어 두번째 배달지에 배달을 완료하고 나니 몸에서 땀이 줄줄 흘러 티셔츠가 다 젖은 것이 느껴졌습니다. 이제 그만할까, 하고 무심코 배달완료를 눌렀는데 바로 또 콜이 들어와 있었습니다. 나중에 알게 된 것이지만 배달 중에 배차종료를 체크하면 배달이 완료된 이후에는 콜을 받지 않을 수 있었습니다. 배차종료를 체크하지 않은 상태라면 콜이 계속 들어오는데, 이걸 거절하면 그게 또 이력이 남게 되었습니다.
세 번째 배달은 오징어회를 근처 호텔로 배달하는 것이었습니다. 요청사항에는 호텔 로비에서 기다리겠다고 메시지가 남겨져 있었습니다.
호텔 근처에 가니 입구에서부터 몇 쌍의 연인들이 호텔 밖으로 나오고 있었습니다. 체크아웃이라기에는 조금 늦은 시간이라 아마 저녁을 먹으러 나가는 것 같았습니다. 예전 같으면 부럽다는 생각이 먼저 들었을 텐데, 어째서인지 오늘은 부럽다기보다는 그들이 기특하다는 생각이 들었습니다. 저출산시대에 남녀가 서로 사랑한다는 것이야말로 애국의 시작이 아닌가 싶었습니다. 입구에 거의 다다랐을 때 한 커플이 나오다가 저를 보고 걸음을 멈춰 서더니 ‘혹시 오징어..?’하는 것이었습니다. 내가 잘못들었나 싶어서 네? 했더니 남자쪽에서 웃으며 배달 맞으시죠? 했습니다. 아 네, 하면서 호텔 문 앞에서 오징어회를 건네주려니 조금 그림이 그랬습니다만 꿋꿋이 사진까지 찍었습니다. 지금 생각해 보니 오징어회만 찍은 것이 무슨 의미가 있나 싶네요. 커플은 오징어회를 들고 어디론가 사라졌습니다.
세 번째 배달까지 마치니 핸드폰 배터리가 7% 정도밖에 남지 않았습니다. 다리도 슬슬 아팠습니다. 잠깐 쉬면서 배터리도 충전하고 체력도 보충할 겸 근처 PC방을 찾았습니다. 핫도그와 주스를 시켜 먹으면서 핸드폰 배터리를 충전하고 있었는데, 갑자기 몸이 노곤해지면서 잠이 몰려왔습니다. 모자를 쓴 채로 모니터에 인터넷 창 하나 띄워놓고는 꾸벅꾸벅 졸고 있으니 이건 뭐 영락없이 예전 PC방 알바 때 제가 수상하게 봤던 아저씨 모습과 다를 바 없었습니다. 정신을 차리고 다시 배달앱을 켰습니다. 도보배달은 배달기사의 현재 위치에서 픽업지까지의 거리 + 픽업지에서 배달지까지의 거리를 기준으로 배정되는데, 이 거리가 도합 1.5km 정도 이내일 때에만 콜이 들어오는 것 같았습니다.
PC방에서 어느 정도 쉬고 나서 다음 콜을 기다렸습니다. 꼬막전문 식당의",https://www.clien.net/service/board/use/18493904,,success,etc,"1인칭 시점으로 쿠팡이츠 도보 배달을 직접 수행한 상세한 경험담. '첫 배달을 완료', '두번째 배달지에 배달을 완료', '세 번째 배달까지 마치니' 등 구체적 배달 과정과 수익 발생 이벤트(15건 배달 시 5만원 보너스) 언급. 실제 체험 기반 성공 후기."
clien_004,success_story,content-sns,콘텐츠·SNS,0.95,0.95,False,clien,달러 환율 정확하게 맞춰서 유튜브 구독자 5000명 달성한 후기,"안녕하세요. 모공 주식시장, 경제 관련 글을 주로 보고 있는 회원입니다.
경제 유튜브를 개설했는데 1차 목표인 구독자 5000명을 달성해 몇 글자 적어볼까 합니다. 미리 말씀드릴 점이 있는데요. 다른 회원님이 쓰신 글 전개 방식을 차용하고자 합니다. 작년 11월 22일에 올라온 순순님의 사용기인데요. 이 분께서도 당시 유튜브 구독자 5000명 달성기를 올려주셨습니다. 그때 저는 5천명보다 훨씬 낮은 구독자를 기록하고 있었는데 우연히 이 분의 글을 보고 큰 용기를 얻을 수 있었습니다.
이 자릴 빌어 순순님께 감사드리며 혹시 현재 유튜브를 운영 중인데 구독자가 늘지 않아 스트레스를 받고 계신 분이 있다면 저 역시 조그마한 도움이 되길 바라봅니다. 이 글을 읽으신 다음에 순순님의 글도 보시면 2배로 도움이 되실 겁니다.
(보러가기)
클량에도 수십만 유튜버분들이 많이 계실텐데 1만명도 안 되는 주제에 이렇게 글을 쓰려니 좀 부끄러워집니다. 하지만 그럼에도 제가 느꼈던 바를 허심탄회하게 적어보겠습니다.
-------------------------------------------------------------------------------------------------------------------------------------------
2023년 1월 31일 제 유튜브 채널이 구독자 5000명을 달성했습니다. 유튜브를 시작한지 10개월 만에 달성한 수치입니다.
원래는 곧바로 달성기를 올릴 생각이었는데 일이 생기는 바람에 지금에서야 올리게 되었습니다.(어제는 접속이 안 돼서 ㅜㅜ) 그 사이 많은 분들이 사랑해주셔서 현재 구독자수는 7100명으로 불어난 상황입니다.
1. 내가 유튜브를 시작한 이유
저는 대학생 때부터 주식투자에 관심이 많았습니다. 돈은 없겠다, 시간은 많겠다, 틈만 나면 학교 도서관에 틀어박혀 '주식' 제목이 들어간 책은 한번씩 다 읽었습니다. 주식책 신간이 나오면 빨리 좀 비치해달라고 도서관 장서팀 직원들을 들들 볶는 게 일과였습니다. 도서관이 문을 닫는 주말과 공휴일에는 삼성동 코엑스몰에 갔습니다. 지금은 사라졌지만 반디앤루니스라는 대형 서점이 있었거든요.(지금은 흰색 미로처럼 바뀌었는데...바뀌기 전 2010년대 초반까지가 코엑스몰 전성기였습니다.) 사람이 거의 다니지 않는 원예, 수석 책코너 앞에 쭈그리고 앉아 몇시간이고 주식 책을 읽었습니다. 주말마다 가니 서점 직원들이 알아봐주더군요. 지금 생각해보면 참 죄송할 뿐입니다. 책은 안 사고 자리만 차지하고 있었으니...
졸업 후에는 금융기관에서 일하길 바랐지만 연이 닿지 않았고 경력 대부분을 '제조업체 회계직+회계법인'에서 보내게 됐습니다. 금융권에서 일한 적도 있지만 이건 정말 짧은 기간이었구요. 이때 뭔가 '한' 같은 게 남은 거 같습니다.
경제, 주식 공부한 게 아까워 2012년에 블로그를 개설했는데 지금까지 운영해오고 있습니다. 도중에 잠수를 탄 기간도 여러번 있었지만 나름 경제 분야 파워블로거로 불릴 정도까지는 간 거 같습니다. 경제에 관심 있으시다면 아마 제 블로그 이름을 들어보신 분들도 계시지 않을까...합니다.
시간이 흘러 2019년쯤 유튜브로 활동 무대를 옮겨볼까 하는 생각이 들었습니다. 하지만 본업+게으름+새로운 도전에 대한 두려움이 복합적으로 작용해 차일피일 미루기만 했습니다. 참고로 이때를 전후로 많은 파워블로거들이 유튜브를 개설하기 시작했습니다. 경제 블로거들도 예외가 아니었구요.
마침 2020년 코로나 펜데믹 직후 자산시장이 폭등하며 경제 유튜브가 대박을 치게 됩니다. 경제와 투자가 전국민적 관심사로 떠오르며 웬만한 경제 유튜브는 수십만 구독자를 확보하게 되었습니다. 하지만 저는 그만 타이밍을 놓치고 말았죠. 이때 유튜브를 시작했다면, 용기를 냈다면 현재 구독자 10만명을 찍지 않았을까 하는 후회가 들곤 합니다. 어쨌든 뭐...지나간 과거는 어쩔 수 없죠. 뒤늦게 열심히 활동하고 있습니다.
2. 어떤 영상을 주로 올리는가?
경제유튜브는 생각보다 범위가 넓습니다. 주식, 부동산, 채권, 환율, 국제상품은 물론이고 재테크, 세금, 심지어 돈 많이 번 사람 찾아다니며 인터뷰하는 것도 들어갑니다. 형식면에서는 경제 현상을 알기 쉽게 설명해주느냐, 투자 조언을 해주느냐, 미래 전망을 하느냐 등으로 나눌 수 있겠죠.
저는 국내외 주식시장과 환율 분석을 메인으로, 글로벌 경제 이슈 해설을 서브로 삼고 있습니다. 이는 서두에서 언급한 저의 대학 시절과 관련이 있는데요. 당시 책에 나온 기술적 분석, 기본적 분석을 따라 하는데 엄청난 희열을 느꼈습니다. 이런 습관이 쌓이고 쌓여 마침내 저만의 분석 모델(퀀트)을 구축할 수 있었고 이를 토대로 자산시장의 큰 흐름을 대중들에게 설명드리기 시작했습니다. 블로그 시절에도 그랬고 유튜브로 옮겨온 이후에도 이런 기조를 이어가고 있습니다. 그런데 이중에서도 '달러 환율' 분석이 신의 한 수로 작용했습니다.
3. 어떤 사람들이 주로 시청하는가?
당연히 경제나 투자에 관심 있는 분들이 제 채널을 보고 계십니다. 자고 나면 무조건 오르던 자산시장 폭등세는 온데간데 없이 사라졌지만 여전히 주식투자를 하고 계신 분들이 많습니다. 서학개미들도 멸종(?)된 거 같지만 2023년 들어서면서 미국 시장, 특히 테슬라가 회복세를 보이며 주식투자를 재개하는 분들이 많아졌습니다.
하지만 최근 제 채널을 많이 보시는 분들은 단연코 '달러 환율'에 웃고 우는 분들입니다. 주식시장이 오르든 내리든, 글로벌 경제가 좋든 나쁘든 환율은 수출입하시는 분들, 유학 중인 분들, 해외 여행, 해외 직구하시는 분들이 주목할 수 밖에 없는 분야입니다. 운좋게 환율 흐름을 정확히 짚어내는데 성공했고 점차 이분들의 시선을 사로잡을 수 있었습니다. 그 외 한국은행, 기재부, 은행 외환거래부서, PB, 연예기획사분들(해외에서 벌어들이는 돈이 많으니까)도 제 분석을 봐주고 계십니다. 제 실력이 그 정도는 안 되는데 감사할 따름입니다.
4. 구독자 비율은 어떻게 되는가?
전체 시청자 중 구독자의 비율은 32%입니다. 이 수치가 높은 건지 낮은 건지 잘 모르겠습니다.
다만 제가 참고했던 순순님의 경우 이",https://www.clien.net/service/board/use/17923551,,success,etc,"1인칭 시점으로 '2023년 1월 31일 제 유튜브 채널이 구독자 5000명을 달성했습니다. 유튜브를 시작한지 10개월 만에 달성한 수치입니다' 등 구체적 성공 경험 서술. 경제 분석 유튜브 운영 과정, 구독자 증가 과정, 주요 콘텐츠(달러 환율 분석) 등 실제 경험 상세 기록. 광고성 문구나 외부 링크 유도 없음."
clien_005,success_story,talent-freelance,재능·프리랜서,0.95,0.95,False,clien,숨고 컴퓨터 수리 서비스 제공 경험기.txt,"안녕하세요 .
2년전쯤 병원에서 일하는 수입만으로는 도저히 벌어도 마이너스인 생활을 감당할 수 없어
숨고를 깔고 이것 저것 활동을 했었습니다.
회사의 서류 정리
반려동물 산책
컴퓨터 수리 정도를 했었는데요
지금의 직종을 선택한 뒤부터는 이제 굳이 부업 할 필요도 없고..
도저히 짬이 안나서 문의가 들어와도 하지 못하는 상태였습니다.
근데 어제는 일 끝나고 푹 자고 일어나니 뭔가 기운이 나서
숨고에 들어온 의뢰를 봤는데 컴퓨터 수리 - 사운드가 안나와요
가 있는 것 입니다.
별거 아니겠다 생각하고 답장 드렸는데,
견적이 얼마냐고 여쭤보셔서 출장비 15000원 수리비 15000원 총 3만원이고
수리 완료 하지 못할시 출장비 15000원 비만 받는다고 말씀 드리니 바로 콜 하시더라고요
다른 곳에 문의 드려보니까 15만원 든다고 했다고..
결론적으로는 글쓰는 이 시점에 방금 수리 다하고 왔습니다.
차 타고 15분 거리에 방문해서 msi b360 박격포 메인보드를 쓰는 컴퓨터였는데요
다른 곳에서 견적이 15만원이 나왔던 이유가 메인보드를 교체해야 한다는 것 이었습니다.
하지만 제가 방문해서 처음 느낀건
1. 청소 상태불량
2. 사운드 드라이버 오류
3. 바이오스 셋팅 오류
세가지 정도로 압축할 수 있을 것 같았습니다.
일단 제가 사용하는 usb 사운드카드를 연결하니 소리가 잘 나오는걸로 보아
메인보드 하드웨어 문제 아니면 소프트웨어 문제라고 확신하고 시작했습니다.
일단 처음에 드라이버를 삭제하고 다시 설치했는데도 잡히지 않더군요
ufo 메이커의 마이크를 연결하니 마이크를 출력으로 나오는 것 외에 다른
출력 되는 사운드 드라이버가 잡히지 않았습니다.
그래서 삭제하고 한 단계 전 드라이버를 설치했는데도 출력이 잡히지 않더군요
이렇게 40분 정도 하고 있는데, 재부팅을 하면 검은 화면에 전력이 들어와있고
재부팅이 되지 않는 것 입니다.
이 문제도 잡으려고 hpet를 true로 설정해줬는데도
재부팅 문제가 잡히지 않았습니다.
그래서 임시방편으로  모니터 사운드를 연결해서 사용하기로 하고
usb 사운드 카드를 사서 연결하시다가 시간 날때 메인보드 본사 A/S 보내서
수리 하는걸로 마무리 지으려고 했는데, 들인 시간도 아깝고 이대로 가면 너무
찜찜할 것 같은겁니다.
그래서 바이오스 가서 hd audio 활성화를 꺼주고 부팅후 드라이버 삭제 한뒤
한 단계 아래 버전 드라이버 설치한뒤
전원을 끄고 램부터 다 빼고 30분 동안 컴퓨터를 청소 했습니다.
간단한 거라 생각한 것도 있고 오랜만의 수리라서 챙겨간게 너무 적은터라..
집에 있는 면이랑 면봉과 다이소 고압분사기로
나름 깔끔하게 청소한뒤  전원을 켜보니 nvidia hd audio가
realtek audio로 분리되어 있고 재부팅도 잘 되었습니다.
의뢰자 분은 15만원을 아끼고 안된다고 말해서 구매신청한 usb 사운드카드를
취소해도 된다며 매우 좋아하시며 티즐 피치 우롱티를 주셨습니다.
이제 과제도 할 수 있고 돈도 아끼고 잘 해결되서 좋아하시는 것을 보니
너무 보람차더라고요..
그냥 애매하게 갔으면 찝찝했을 것 같았는데..ㅠㅠ
20대 초반 만원 2만원이 아까운 시기에 업체 눈탱이 안맞게 해드리고
오늘 하루 후련하게 해드린 것 같아 저도 기분이 매우 좋았습니다.
오랜만에 간단한 수리였지만.. 3시에 출발해서 3시30분에 도착하고
5시30분 까지 수리를 했으니.. 생각보다는 걸린거네요 ㅠㅠ
쉬어도 좋은 하루 였지만 기분이 좋습니다!
수리 3줄 요약을 하자면
1. 사운드 출력 문제는 b350~360 시리즈 고질병 중 하나
2. 바이오스에 가서 내장 오디오 끄기 후 장치관리자 및 제어판에 가서 관련 드라이버 삭제
3. 드라이버 삭제후 이전 드라이버 수동 설치 이후 바이오스에서 내장 오디오 활성화
4. 문데기 청소
또 새벽에 일어나서 일 가야 하지만 3만원..지금 일하는 일에 비하면.. 큰돈은 아니라도
그래도 이번 주말 기분좋게  벌었네요 ㅎㅎ",https://www.clien.net/service/board/use/16768176,,success,etc,"1인칭 실제 경험담. '2년전쯤 병원에서 일하는 수입만으로는 도저히 벌어도 마이너스인 생활을 감당할 수 없어 숨고를 깔고', '어제 컴퓨터 수리 의뢰 받아 3만원 수익', '의뢰자 분은 15만원을 아끼고 매우 좋아하시며', '이번 주말 기분좋게 벌었네요' 등 구체적 수리 과정과 수익 발생 명시."
clien_006,success_story,platform-labor,플랫폼 노동,1.0,1.0,False,clien,전기자전거로 배민 커넥터 된 이후 (2편),"https://www.clien.net/service/board/use/15228715
CLIEN
-> 커넥터 계약까지의 과정
이제 첫 배달을 나선 이후 실 경험기를 적어보겠습니다.
제가 속한 지역은 '강남서초점' 입니다.
운행승인 문자 받은 후 운행시작 버튼을 누르니 배차를 기다리는 '대기' 목록이 나옵니다.
기본적으로 음식점 이름, 배달금액이 표시됩니다.
3천원, 3천원 +2백원, 35백원, 4천원, 45백원, 3천원+2천원 뭐 이런 식으로 다양한 요금이 보입니다.
어떤 배달건은 프리미엄이란 표시가 붙어 있고, 어떤 건은 푸르스름한 효과가 한쪽 구석에 점등되고,
어떤 건은 아무런 효과가 없습니다.
음식점 이름을 누르고 픽업지와 배달지역, 배달음식 종류와 양, 결제수단, 고객요청 사항 등을 확인해야 합니다.
첫배차 신청을 했습니다.
숙소 인근에서 오가며 봤던 음식점 입니다. 픽업지(음식점) 거리도 가깝고 위치를 알고 있어 찾아가기 쉬웠습니다.
배차 신청을 누르면 '진행' 탭에 해당건이 표시가 됩니다. 조리소요시간은 10분이라고 나옵니다.
숙소를 나서면서 '조리요청' 버튼을 누릅니다. 제가 배차를 받은 후 픽업지 도착가능 시간과 조리시간을 고려해서
'조리요청' 버튼을 누르면 됩니다.
숙소를 나섰습니다.
아침에 출근 복장에 백팩을 메고 헬멧을 쓰고 자전거를 끌고 나갔는데 지금은 편한 옷차림에 백팩 대신 배달 가방을
메고 엘리베이터를 탑니다. 살짝 묘한 기분을 느낍니다. 주변 사람들의 시선이 의식되는 걸까요..
근데 코로나19로 마스크까지 필수로 써야하는 마당에 이 동네에 나를 아는 사람이 누가 있다고 신경쓰냐며,
늘어나는 뱃살 + '돈' 을 다시 상기시키며 나섭니다. 1층에 도착 후 픽업지로 출발합니다.
첫픽업지 도착했습니다.
픽업지 도착 후 자전거 세우고 앱에서 '가게도착' 누릅니다. 진행상태가 '픽업대기' 로 변경됩니다.
들어가면 배민가방을 메고, 가방 끈에 배민 뱃지가 달려있어서 가게에서도 금방 알아봅니다.
도착하면 '얼마짜리' 주문인지 얘기했습니다. 사전에 알아보니 배달건이 여러건인지라 통상 금액을 알려주면
금방 받을 수 있다고 했거든요. 배달포장에 영수증이 붙어 있습니다. 그런데 주문번호는 없습니다.
사전교육 때도 그렇고 배달앱도 그렇고 주문번호를 확인 할 수 있는데 (통상 4자리, 1C4W 뭐 대충 이런식)
같은 금액의 배달건수가 있을 수 있으니 주문번호를 확인하는게 가장 정확합니다.
직원에게 물어보니 주문번호는 안찍혀 나온다고 합니다. 그래도 한 번 더 영수증에 적힌 주문내역과 앱에서 보이는
배달 내역을 보니 맞긴 합니다. 받은 뒤에 앱에 진행상태에서 '픽업완료' 를 누릅니다.
전달지까지의 소요시간이 나옵니다. 5분, 10분, 15분, 20분(최대) 첫 배달이니 넉넉하게 누르고 출발합니다.
전달지에 도착했습니다.
건물이 너무 많습니다. 제가 살던 동네도 아니고 ㅎㅎ
엄청 두리번 거리며 주소지 확인합니다. (전달지 정보에 건물명이 나오기도, 안나오기도 합니다.)
맞는 주소지를 찾아 출입구에 적당히 자전거를 세웁니다.
엘리베이터 올라가는 동안 고객요청사항 (가게 요청, 라이더 요청 중 라이더 요청사항) 확인합니다.
아무것도 없습니다. 도착 후 벨을 누르니 젊은 청년이 나와서 물건을 받는데 하의실종 패션이네요 ㅎㅎㅎ
첫 배달지에서 비쥬얼 쇼크 당합니다 ㅎㅎ
배달 완료했습니다.
음식을 전달 후 진행 내역에서 '배달 완료' 를 누릅니다. '대기 18건, 진행 0건, 완료 1건'
첫 배달 성공입니다. 배차 신청을 하고, 음식을 받아 전달하는데 소요시간은 약 25분?
이후 대기목록에서 가까운 위주로 해놓고 몇 차례 더 해보니 어렵지 않았습니다.
B마트를 해봤습니다.
돌아다니다 보니 대기 목록에 B마트라는게 서너건씩 떠있습니다.
호기심에 눌러보니 음료, 조미료, 식자재 등 일반 슈퍼마켓에서 판매하는 제품들 배달입니다.
자꾸 대기목록에 나와있는게 신경쓰여 하나 해보기로 하고 배차신청을 눌렀습니다.
픽업지 위치가 제가 아는 지역이었는데 평소 자전거 출퇴근 길 근처였습니다.
그런데 평소 출퇴근 길(대로) 보다 골목이 가까워 보여 들어갔습니다.
고급주택이 즐비하네요...마치 드라마에서 본거 같은...오~ 대로 안쪽에 이런 곳이 라고 생각은 잠시..
엄청난 오르막 내리막이 반복..;;
비마트 근처에 다와가니 스쿠터들이 여러대 지나가길래 같은 방향으로 따라갔습니다.
B마트 강남점. 도착하니 입구에서 체온을 측정하고 서류에 도착시간, 이름, 전화번호 뒷4자리, 체온을 기록합니다.
안쪽에선 수 많은 포장물건들이 출고대기 선반에 놓여있고 옆에 화면에는 포장중인 물건과 포장완료된 물건 번호가
표시되어 있습니다. (마치 패스트푸트점 전광판 같은) 많은 라이더분들이 오가며 집어갑니다.
B마트 역시 도착 후 '가게도착' 을 누르고 '픽업대기' 상태에서 화면을 보고 물건이 이미 나와있으면 가져가면 되는데,
조금 다른건 '픽업대기' 버튼을 누르면 카메라가 실행되고 물건에 붙은 영수증에 QR코드를 찍습니다.
물건이 맞으면 '픽업완료' 가 되고 똑같이 전달지까지의 시간 선택을 한 뒤 출발하면 됩니다.
실수로 배달 완료를 눌러버렸습니다.
B마트 픽업 후 잠시 자전거 락을 푼다고 핸드폰을 주머니에 넣었다 꺼내니 진행중인 배달이 없어졌습니다.
핸드폰을 잠시 주머니에 넣는 순간 '배달완료' 가 눌러져버린 모양입니다.
완료 리스트에 정보를 보니 전달지의 상세주소는 이미 XXX 처리되어 있습니다.
일단 대략적 위치 확인은 했었으니 전달지 근처까지 간 뒤 채팅으로 배달상태 변경을 해달라고 남겼습니다.
정확한 사유를 적으라고 뜨는데 사유를 적으려고 하는데 바로 '진행' 상태로 돌아오더군요. (음??)
주소지 확인 후 배달을 완료하고 내려와 핸드폰을 다시 보니 센터 상담원이 배달 지연이 될 거 같은지,
배달을 완료 한 뒤에 연락을 달라고 메세지를 남겼길래 사유를 설명했더니 알겠다며 안전운전 하라고
메세지 남겨주고 아웃 하더군요.
이렇게 여차저차 7월 14일 첫 배달을 시작으로 틈틈히 20시~25시? 정도 사이 배달을 하고 있습니다.
게임하고 영화보다가 새벽에 잠드는것 보다 뭔가 열심히 사는거 같은 기분도 들고 의외로",https://www.clien.net/service/board/use/15237037,,success,etc,"배민 커넥터로 전기자전거 배달 시작 후 첫 배달부터 B마트 배달까지 구체적 경험 서술. '첫 배달 성공', '7월 14일 첫 배달을 시작으로 틈틈히 20시~25시 정도 사이 배달', '의외로 열심히 사는거 같은 기분' 등 1인칭 실제 경험담. 실수 에피소드(배달완료 오터치)까지 포함한 생생한 후기."
clien_007,success_story,online-commerce,온라인 커머스,0.95,0.88,False,clien,"에이전시,쇼핑몰등 온라인 10년째.. 넋두리 한번 해봅니다.","온라인 어느새 10년째 넋두리 한번 써봐요.
요즘들어 생각이 많고 고민도 좀 있어서 그동안을 간단히 정리 해 보고자 쓰는 글입니다.
최대한 짧게 쓸 건데 길어질 것 같네요.
약 10년전 27살 어느정도 괜찮은 웹에이전시에 취직했습니다.
그 전까지는 취업준비하고 알바정도의 일을 하다가 만족할 만한 회사에 취직하면 온라인 쪽에 첫 발을 내딘거죠.
임대형 쇼핑몰을 서비스하는 회사로 저는 개발팀에 속해 클라이언트 쇼핑몰의 유지보수 업무를 주로 했습니다.
중요한 개발이나 커스터마이징은 경력있는 선배들이 했었죠.
컴퓨터는 어려서부터 다뤘었고 잘하는 편이어서 일 적응은 빨랐습니다.
2년이 조금 넘는 시간 이 회사를 다니고 그만두기까지 생각의 변화도 많았고 많은 일이 있었네요.
처음에는 모든 것이 만족스러웠습니다.
""이정도 회사라면 평생 다녀도 되겠다"", ""열심히 해서 인정 받고 싶다"" 라는 생각에 1년 정도는 정말 열심히 일 하고 사회생활에도 최선을 다했습니다.
싹싹하고 센스있다는 말도 많이 들으며 프로그래밍 공부도 열심히 했습니다.
1년이 좀 지나면서 부터 일도 익숙해지고 후임도 두세명 들어오면서 일에 대한 제 가치관이 조금씩 바뀌기 시작했습니다.
그 전까지 만족할 수 있을 것 같은 회사생활이었습니다.
하지만 9시부터 18시까지 정해진 시간에 회사에만 있어야하는 현실이 점점 숨막혀왔습니다.
휴가를 쓰기 위해 눈치를 보고 맘편히 은행일도 보기 힘든 상황들을 벗어나고 싶었습니다.
또한 개발자 사수들의 안좋은 관습, 직장 내 상하관계에서 오는 불합리들에서 점점 불만이 생겼습니다.
2년차 부터는 회사를 다니며 쌓인 인맥과 커뮤니티등을 활용해서 간단한 사이트 제작 부업도 같이 했었습니다.
9시부터 18시까지 회사생활을 하고 저녁과 밤에는 부업을 하며 추가수입을 냈던거죠.
부업의 수입이 회사 월급을 넘었던 달, 퇴사를 결정했습니다.
퇴사를 하고 작은 사무실을 얻어 디자이너, 기획자등과 팀을 이뤄 프리랜서 그룹을 만들어야겠다는 생각을 한거죠.
술을 마시면 다음날은 좀 늦게 일 시작하고 개인적인 일이 생기면 편하게 일보러 나가고.. 여행을 가고 싶으면 여행을 가고..
그렇게 돈을 벌어도 회사에서 받는 월급보다 많이 받을거라는 생각이 있었죠.
회사에 퇴사의사를 밝히고 인수인계 및 진행하던 프로젝트를 마감할 3개월의 시간이 주어졌습니다.
이 3개월은 정말 바쁘게 살았던 것 같습니다.
회사일도 엄청 바빴으며 부업도 하고 있었고 퇴사 후 진행할 프로젝트그룹도 바로 시작할 예정이라 준비할 게 많았죠.
그러던 와중에 친한 친구 녀석이 성인용품 쇼핑몰을 만들어 달라고 찾아왔습니다.
저에게 이 친구가 인생의 첫번째 터닝포인트가 됩니다.
저는 친구에게 비용을 받고 쇼핑몰을 제작 해 주었습니다.
친구가 저에게 쇼핑몰 제작 일을 의뢰 한 것이었죠.
350만원을 받았고 150만원은 디자이너를 주고 200만원은 제가 가졌습니다.
친구의 쇼핑몰 제작을 2개월 정도 했습니다. 사실 한달정도면 끝낼 수 있는 분량이었습니다.
당시 다니던 회사와 친구의 사무실이 매우 가까웠습니다.
논현역과 지금의 언주역위치. 회사일을 마치고 저녁엔 친구 사무실로 가서 늦게까지 친구 사이트를 제작했습니다.
친구니까 좀 더 잘 됐으면 하는 바람에 견적 이상의 일을 해 준 것이 사실입니다.
굳이 안 해줘도 되는데 다른 사이트들 참고하고 트랜드 분석하면서 이런거 적용하면 괜찮겠다하며 친구 보여주고..
친구는 대박인데 이게 가능하냐고 물어보았죠.
계획에도 없던 많은 기능들을 추가로 넣어줬습니다.
새벽시간에는 더 싸지는 타임세일기능, 당시 유행하던 소셜커머스에서 따운 하루 한상품 파격세일, 회원/비회원 가격 차별화등등..
단순히 따져도 일반 클라이언트라면 300만원 이상의 견적을 청구 할 수 있는 작업량이었습니다.
DB설계하고 프로그래밍하고 어드민페이지 수정하고 이벤트페이지 만들고.. 개발에 들어가는 부분이 꽤 많았거든요.
제가 그렇게 했던 이유는 그당시에 너무 재밌었고 친구가 잘 됐으면 하는 마음이었죠.
그렇게 친구의 쇼핑몰 제작은 끝나고 제 퇴사도 얼마 남지 않은 시점이었죠.
그때부터 친구는 이 쇼핑몰을 같이 하자고 저에게 제안합니다.
친구는 마치 내일처럼 쇼핑몰은 만들던 저에게 내심 고마웠고 그런 모습에 같이 하고 싶은 마음이 생겼던거죠.
저도 당시 준비하던 것이 있었고 목표가 있었습니다.
또한 쇼핑몰로 망하는 사람을 많이 봤기에 처음에는 거절을 했습니다.
하지만 제안이 계속될 수록 친구의 열정을 느꼈고 둘이 일하면 재밌겠다라는 생각에 준비하던 프리랜서 그룹을 정리하고 친구의 사무실로 들어가 친구와 동업을 하였습니다.
이때까지만 해도 저는 php만 좀 아는 초보개발자(퍼블리셔)에 불과 했습니다.
마케팅은 전혀 몰랐죠. 블로그, 카페, 지식인으로 마케팅을 많이 하더라 정도만 알았지 그렇게 어렵고 힘든건지 몰랐습니다.
처음 1년은 너무 힘들었습니다. 없는 살림에 유료광고도 해봤지만 효과가 너무 없었습니다.
둘이 머리 맡대고 다양한 시도를 해보았습니다. 마케팅의 해법을 찾기 위해 많은 시도를 했습니다.
그럼에도 불구하고 매출이 없었고 하는 일만 엄청많았습니다. 다양한 노가다도 많이했고요.
그렇지만 월 100만원을 가져가기 힘들었습니다.
이런 상황속에 이 쇼핑몰을 포기할까라는 생각을 한 적도 많았지만 친구와 서로 힘이 되어 하루하루 버텼습니다.
당시 저희가 일하던 사무실은 책상이 3개 들어있는 소호사무실이었습니다.
폭우 속에 일을 하던 새벽, 갑자기 건물이 정전이 되어 일을 할 수 없는 상태가 되었습니다.
정전이 길어지기에 우리는 그날 일을 포기하고 어두운 사무실에서 촛불을 키고 컵라면, 참치, 과자등과 함께 소주를 마신 적도 있었습니다.
둘다 술을 좋아하지 않았었는데 그땐 그 소주 몇잔이 그렇게 맛있었네요.
아무튼 약 1년의 시간동안 집은 1주일에 1~2번 들어가고 사무실, 찜질방등에서 자면서 고생을 하니 조금씩 빛이 보이기 시작했습니다.
매출은 없었지만 1년의 시간동안 우리는 일을 했었고 노하우가 생겼던 거죠.
블로그 키우라는 말에 몇달 전부터 소소하게 글쓰던 블로그 3개가 최적화 블로그가 되어있었습니다.
당시에는 용어도 몰랐던 최적화 블로그를 우리",https://www.clien.net/service/board/park/13028340,,success,etc,"작성자 본인의 10년간 온라인 사업 경험을 1인칭으로 상세히 서술. 웹에이전시 퇴사 후 부업으로 사이트 제작하다가 '부업의 수입이 회사 월급을 넘었던 달, 퇴사를 결정', 이후 친구와 성인용품 쇼핑몰 동업. '처음 1년은 너무 힘들었습니다. 월 100만원을 가져가기 힘들었습니다'에서 초기 어려움 언급하나, '1년의 시간동안 고생을 하니 조금씩 빛이 보이기 시작', '블로그 3개가 최적화 블로그가 되어있었습니다' 등 성공 궤도 진입 암시. 본문이 중간에 끊겼으나 전체 맥락상 성공 후기."
clien_009,success_story,offline-sidejob,오프라인 부업·창업,0.85,0.9,False,clien,저는 100만원으로 창업했었습니다.,"창업이야기가 있어서 저도 생각 난 김에 적어봅니다.
제가 사업 한 이야기나 힘든 이야기는 여기에도 종종 쓰긴 했는데,
사업이란게 생각보다 어마어마한 정신노동이고 그 성과가 모 아니면 도일 가능성이 높아 매우 지치는 일 입니다.
대신 '
한번 성공하면 다 만회할 수 있'....을
가능성이 있죠.
2006년 제가 처음 창업했을 때 가지고 있던 자본금은 100만원 이었습니다.
각자 100만원으로 시작한 이유는 '없어도 크게 힘들지 않은 자본'이 100만원이라고 생각했기 때문입니다.
제 100만원과 공동창업자의 100만원을 합해 200만원을 자본금으로 했고
30만원짜리 중고 노트북 하나씩 사서 소프트웨어 개발 회사를 만들었죠.
그런데 저도 공동창업자도 개발자 출신이 아니었기 때문에 곧 난관을 만나게 되었고
즉각 매출을 올릴 수 있는 무언가가 필요했습니다.
그나마 오랫동안 알바로 일을 했었던 '책 편집'일을 받아서 했죠.
편집을 해서 인쇄소에 넘겨 50권 정도 만들어 납품하고... 뭐 이런 일이었습니다.
한번 일을 하면 매출이 100만원이고 비용은 60만원 정도 들었습니다.
40만원이 남는거고, 일주일에 이런 일이 1번씩 있습니다.
총 월 수익은 200만원, 이걸 둘이 나누면 100만원... 세금 빼면.... 진짜 입에 풀칠하는 수준이었죠.
그렇게 '근근이' 두어달 정도 시간을 보내고 있던 어느날 사고가 벌어집니다.
비오는 여름에 퀵으로 납품할 책을 인쇄소로부터 받았는데, 맙소사 책이 다 젖은겁니다.
퀵 기사는 나몰라라 도망가버렸고, 납품은 해야되고....
뭐 어찌저찌 넘어가긴 했지만, 그때 깨달은것은 '새로운 방법이 필요하다' 였습니다.
그때 번뜩 떠오른 생각이 '어차피 50권 정도면 레이저 프린터로 50장씩 뽑아 소형 제본기로 책을 만들 수 있지 않을까?' 였습니다.
조사를 해 보니 당시 1분에 60페이지가 인쇄되는 '고속복사기' 라는 제품이 있었는데, 중고 가격이 500만원 정도 했습니다.
반면 중고 흑백 레이저프린터는 1분에 10페이지 출력이 가능한 제품이 10만원정도면 구입이 가능했고
비정품 토너를 쓰면 고속복사기보다 유지비가 저렴했습니다.
그럼 흑백 레이저 프린터 6대만 있어도 500만원의 효용을 달성할 수 있겠다 싶어 즉시 실행에 옮겼습니다.
물론 양면출력 되는 제품은 비싸서 수동으로 양면인쇄를 한 것은 덤입니다. ㅎㅎ
예상은 적중해 이 방식은 초기 저희 사업을 성장시키는 데 큰 역할을 했고
회사는 계속 성장해서 사무실을 이전, 1억이 넘는 출력기를 구매할 수 있을 정도로 성장했습니다.
이렇게 성장하는데 3년정도 걸렸네요.
처음에 투자한 100만원이 매출 몇억짜리 회사를 만든겁니다.
그런데 '그래서 그들은 행복했네'로 끝나면 좋을텐데, 아쉽게도 그러진 못했습니다.
당시 정부부처쪽 일을 하고 있었는데 정권이 바뀌면서 갑자기 일이 끊겨 망하기도 했고
빚더미에 올라갔다가 내려갔다가 하다가
한달에 20만원짜리 공유오피스 구석에서 쭈그려서 일을 하기도 하다가
다시 초등학교 교육 콘텐츠 회사로 십수억 매출을 올리기도 했습니다.
코로나 때문에 지금은 정리하고 다시 새로운 시작을 준비하고 있지만
사업에 대해 제가 확신할 수 있는건
사업으로 성공하는건 많은 자본 보다 '
순간의 사건을 어떻게 생각하는가
'에 성패가 달리는 것이라 생각합니다.
사업 망한 얘기라면 책을 써도 몇백장 쓰겠는데 망한 이야기를 좋아하실리는 없으니 ㅎㅎㅎ
여튼제 결론은 이렇습니다.
-----------
1. 사업은 감당할 수 있는 최저자본으로 시작해야 한다.
(개인에 따라 다르겠지 300만원 정도가 한도인 것 같습니다)
2. 사업의 본질은 '타인이 가진 (또는 가질 수 있는) 문제를 해결하는 것이다.
그 문제는 빛처럼 왔다가 빛처럼 사라지니 항상 눈을 크게 뜨고 있어야 한다.
3. 혼자 시작하는게 외롭고 힘들긴 하지만 동업은 진짜 잘 생각 해 보는게 좋다.
------------
특히 창업을 준비하시는 분들에게 조금이나마 도움이 되었으면 좋겠습니다.
그렇지만 현실은 저도 지금 백ㅅ........ ㅠㅠ
그렇다고 합니다.
진짜 끗.",https://www.clien.net/service/board/park/16657055,,success,etc,"1인칭 창업 경험담. '2006년 제가 처음 창업했을 때 가지고 있던 자본금은 100만원', '책 편집일을 받아서', '흑백 레이저 프린터 6대', '매출 몇억짜리 회사를 만든겁니다' 등 구체적 성공 과정 서술. 중간 실패 언급('망하기도 했고')도 있으나 전체 맥락은 성공 사례 공유 목적."
clien_010,success_story,content-sns,콘텐츠·SNS,0.85,0.88,False,clien,"오랜 구직 실패에 여러 도전을 하다보니, 이제 좋을 날이 올지도 모르겠습니다.","개발자로 5년 정도 경력이 있던 와중에
스타트업을 마지막으로 거의 1년반을
구직생활을 하고 있네요...ㅠ
이 기간동안 여러 취미들도 경험해보고
특히 사진과 카메라를 취미로 가지고 관심을 많이 가지던 와중에
이것으로 뭔가를 하면 좋겠다 싶었습니다.
그래서 내가 좋아하는 것으로 1원이라도 벌어 보는 것을 작은 목표로 잡아서
한 달 전부터 유튜브와 인스타를 시작했고
당연하지만 아직은 뭐 큰 결과물은 없습니다ㅋㅋㅋㅋ
그래도 꾸준하게 계속 고민하고 컨텐츠를 만들고 새로운 것을 만들려고하면서
뭔가 남기는 것을 목표로 하고 있습니다.
그러던 와중에 스스로 사진찍는 개발자로 칭호를 붙였던것 때문에
약 1주일 전부터는 앱을 만들기 시작해서
칭호 유지용 무료앱이 노출계앱을 시작으로 출시하고
오늘 드디어 유료앱으로 내놓으려던
필름 감성 카메라 앱까지 출시를 성공했네요
사업자부터 통신판매업 등.. 모르는 것들을 하나하나
챙기면서 영상편집도 하고 앱도 개발하고 디자인도 고민하고
이런저런 하루라는 시간이 부족한 나날이었습니다ㅋㅋㅋ
물론 아직은 1원도 못 벌었지만
생각보다 짧은 시간에도 많은 것을 할수 있었기에
계속 고민하고 도전하려는 마음에
큰 동기부여와 성취감이 들어서
그냥 글 남겨봅니다.
그리고 뭐 앱 개발하던 중간에
5월에 투입되는 일도 계약을 했어서
투잡처럼 될거 같기도 하고
좋은 일이 이제는 조금이라도 왔으면 하네요
/////
또 중장기적 목표는
이쪽에서 쬐끔이라도 유명해지고 영향력도 아주 조금 생겨서
핫셀블라드 광고를 받는 그날까지ㅎㅎㅎ",https://www.clien.net/service/board/park/19168043,,success,etc,"개발자 본인이 1년반 구직 중 '한 달 전부터 유튜브와 인스타 시작', '유료앱 출시 성공', '5월 투입 계약'으로 투잡 예정. 아직 수익 0원이지만 앱 출시·사업자등록 완료 등 구체적 진행 상황과 '성취감' 언급으로 초기 성공 단계 판단."
clien_011,success_story,talent-freelance,재능·프리랜서,0.95,0.95,False,clien,50대 1인 개발자 살아남기,"50대 개발자입니다.
현재 재택으로 남이 주는 일 받아서 하고 있습니다.
오늘 아침에 구글 캘린더가 창립기념일을 알려주는 알람을 보내주더군요. 창립기념일이라 하니 거창하지만 그냥 개인사업자를 낸 1인 기업 개인개발자입니다. 사업자를 낸지는 오늘이 정확히 2년이 되는 날이고, 마지막 회사를 퇴사 하고 1인 개발자로 살아 남은지 5년이 되었습니다. 3년간은 3.3% 원천징수 프리랜서를 했습니다.
""5년 동안 살아 남았구나."" 라는 생각에 울컥... 까지는 아니고 나름 소회가 남달라 그간 느낀 점, 생각들 몇가지 적어 봅니다.
1. 성실
재택 개발자로서 가장 필요한 덕목이라 생각합니다. 얼굴을 보이지 않는 재택근무자는 클라이언트에게 신뢰감을 줘야 합니다. 신뢰감을 주는 방법은 다른거 없더군요. 성실하면 됩니다.
약속된 날짜에 약속된 결과물을 보여줘야 합니다. 물론 일이라는게 스케쥴에 딱딱 맞게 진행되진 않습니다. 그럴땐 그것대로 미리미리 내용을 설명해야 하고, 당연히 합당한 이유가 있어야 합니다.
집에 있으면 회사에서 보다는 일이 잘 안되는게 당연합니다. 거실의 쇼파, 부엌의 냉장고, 가족등 유혹하는 것들이 많기 때문이죠. 무작정 그것들을 이겨내고 하루 8시간씩 일 해라.. 까지는 아니고 본인 스스로가 납득할 정도의 하루 업무량은 지켜야 합니다.
며칠씩 일을 안하다가 한번에 몰아서 하는건 좋지 않습니다. 클라이언트와의 소통에도 도움이 되지 않고, 스스로 관리도 되지 않습니다.
2. 인맥
사실 이걸 1번으로 적을까 했습니다. 그리고 한동안은 이게 전부 라고 생각을 하기도 했었습니다. 1인 개발자는 따로 영업을 하기 힘들기 때문에 결국엔 인맥이 가장 소중한 자산이라 생각했기 때문이죠. 하지만 5년 정도 되어보니 인맥보다는 성실을 통한 신뢰 쌓기가 5년간 버틸 수 있었던 원인이 아닌가 싶습니다.
인맥으로 새로운 일을 만들어내고, 성실함을 인정 받아 또 다른 일을 만들어내는 구조가 되어야 1인 개발자로 살아 남기가 가능해지는게 아닐까 싶습니다.
3. 전략
이 글에서 제가 하고 싶은 이야기 핵심 입니다.
보통은 계약 후, 일을 진행하여 일이 끝나면 개발비를 받고 해당 계약 건은 종료되는게 일반적일 겁니다.
하지만 40대 후반에 마지막 회사를 퇴사하고 1인 개발자로 살아남기를 결심하면서 가장 중요하게 생각했던건 ""꾸준한 수입"", ""일의 지속성"" 이었습니다. 보통 단건 계약은 개발이 끝나면 종료되고 또 다른 일을 구해야 한다는 부담감이 생깁니다. 영업이 필요하다는 이야기죠.
저는 1인 개발자로서 영업력이 문제가 될 수 있을거다는 생각에 다른 전략을 세웠습니다.
업무 계약시 개발비를 받지 않고 처음부터 유지보수 형태의 계약을 취했습니다. 예를 들어 3개월 개발에 1200만원 짜리 업무가 있다고 가정한다면 (숫자는 계산하기 쉽게 예시를 들었습니다) 3개월 이후에는 또 다른 일을 구해야 한다는 부담감이 있기 때문에 3개월안에 개발을 하되, 계약은 1년 계약으로 해서 월 100만원(12개월 * 100만원 = 1200만원) 받는 식으로 계약을 유도 했습니다.
저는 비록 금액은 크지 않지만 1년간의 새로운 영업이 필요 없는 고정 수익이 생기는 것이고, 클라이언트 입장에서는 당장 1200만원이라는 큰 돈이 들어가지 않고, 1년간의 유지보수, 업그래이드를 계속 할 수 있다는 장점이 생기는 겁니다. 마치 직원을 한명 고용한 효과가 생기는 거죠.
개발비를 한번에 받는 것과, 잘게 쪼개서 나눠 받는 것이 조삼모사라고 생각할 수도 있는데, 작은 금액이더라도 1년간의 고정 금액을 만드는 것은 생각외로 큰 효과가 있습니다. 1인 개발자로서의 심리적 안정감이죠.
그리고 1년간 신뢰를 쌓으면 그 클라이언트는 반드시 1년 뒤에 계약을 연장하거나 새로운 일을 또 만들어서 같이 일을 하게 될거라 생각을 했었고, 이 전략은 5년이 지난 현재까지는 일단 성공 하고 있습니다.
4. AI
AI 이야기를 빼 놓을 수는 없을거 같습니다. 많은 개발자분들이 공감하시겠지만 나이가 들면 일에 대한 매너리즘에도 빠지게 되고, 또한 새로운 기술, 트랜드로부터 뒤쳐짐도 느껴지기도 하고 그렇습니다.
저 역시 힘든 시기가 있었는데, AI가 새로운 활력이 되었습니다. 어느 순간부터 코딩이 재미 없어지고 일이 일로서만 느껴지면서 매너리즘에 빠지고 무력함에 빠지기도 했는데 코딩에 AI 를 도입하면서 재미를 되찾게 되었고 단순하고 귀찮은 부분들을 AI가 커버해주면서 개발자로서 마치 새로운 생명력을 얻은 기분입니다.
거짓말 좀 보태면 개발자 때려치우고 닭집 창업 직전까지 갔다가 다시 개발자로 돌아온 느낌입니다.
실제로 업무 속도도 상당히 늘었으며, 전문 분야가 아닌 부분들(예를 들면 css 같은)도 막힘없이 진행이 되기에 정말 크게 도움이 되고 있습니다.
물론 요즘 뉴스들을 보면 개발자들에게 좋은 일만은 아닌거 같습니다. MS의 대규모 해고 건도 그렇구요. 특히나 주니어 개발자들은 사람이 아닌 AI와 자리 경쟁을 해야 하는 분위기라고 하니 참 어려울거 같기도 합니다.
하지만 AI도 결국은 tool 일 뿐이죠. 하나의 tool 로서의 활용성을 높이면 개발자로서 좀 더 좋은 환경 속에서 일 할 수 있게 되지 않을까 생각합니다.
5. 그렇게 살아 남고 있습니다.
독립 후 한동안은 직전 회사에서 받던 월급에서 1/3 토막이 나는 수입을 기록 했었습니다.
당시 40대 후반이라는 나이, 가족, 미래 계획등 모든 것이 암울 했었습니다.
하지만 조금씩 계약하는 업무가 늘어나면서 지금은 직전 회사 정도의 수입을 내고 있습니다. 5년간 꾸준히 계속 같이 일 하는 업체도 몇 곳이 있구요. 참 감사 할 따름입니다.
최근에 새로운 계약이 진행되고 있는데 계약 성사 가능성은 반반이지만 만약 계약이 되면 당분간은 돈 걱정없이 살 수 있을거 같습니다.
6. 맺으며
지난 5년을 되돌아보니 운이 좋았구나 하는 생각을 합니다.
마침(?) 코로나 시국이라 재택근무에 대한 인식이 많이 바뀌었고 클라이언트 분들도 원격으로 회의 하고 업무 진행하는 것에 거부감이 없었습니다.
또한 다행스럽게도 일이 끊기지 않고 계속 일을 할 수 있었던 것도 정말 운이 좋았다는 생각입니다. 다음 달 어떻게 하지?",https://www.clien.net/service/board/use/18991126,,success,etc,"50대 1인 개발자가 5년간 프리랜서로 살아남은 실제 경험담. '마지막 회사 퇴사 후 5년', '직전 회사 정도의 수입', '유지보수 형태 계약으로 고정 수익 확보' 등 구체적 수익 발생 및 생존 전략 서술. 1인칭 회고 형식."
clien_014,success_story,online-commerce,온라인 커머스,0.95,0.95,False,clien,이것 저것 부업해본 결과,"배민 쿠팡 배달도 해보고, 블로그 + 애드센스도 해보고, 유튜브도 해봤는데, 온라인쇼핑몰이 그 중 제일 좋내요.
배민쿠팡은 전자로 했는데 시금 1만원은 애당초 무리고 5-6천원 나왔고 특히 퇴근 후 몸쓰는 일에 아내 반대가 심해서 좀 하다가 탈락
블로그 + 애드센스는 꽤 오래하고 지금도 하는데 게을러서인지 1년에 100달러 1번 정도 받는 수준이라서 본격 부업으로는 탈락.
유튜브는 구독자 450명에서 아직 올라가는 중이라 소득은 없고
스마트스토어는 작년 10월부터 시작했는데 직접 제작해서 판매하는 방식이고 이게 젤 좋더군요.
첫달 20만원 수익으로 시작해서 조금씩 조금씩 오르더니 지금은 150만 ~ 200만원 사이가 나옵니다.
상품 개발부터 설계. 부자재 소싱, 마케팅, 제작, CS, 게다가 실용신안 특허까지 직접 하려니 고되긴 한데 나중이 유튜브랑 콜라보 하면 수익도 더 나올 것 같고, 직장만 다니다가 사업을 하니 재밌네요 ㅎㅎ
게다가 간이사업자라서 세금도 거의 면제가 되니 더 좋구요.
원래 월급은 모두 아내에게 주고 (모두 저축함) 용돈벌이용으로 시작한건데 수입이 커지니 아내가 탐낸다는 건 안비밀 ㅜㅜ",https://www.clien.net/service/board/park/19050739,,success,etc,1인칭 실제 경험담. 스마트스토어 직접 제작·판매로 '첫달 20만원→현재 150~200만원' 구체적 수익 증가 기록. 배달·블로그·유튜브 등 다른 부업 시도 후 비교 평가. 광고성 문구 없음.
clien_016,success_story,content-sns,콘텐츠·SNS,0.98,0.95,False,clien,"맛집 유튜브 구독자 1,000명 달성 후기","[1부] 유튜브 일주일만 하면 전유X 만큼 한다? 맛집 탐방 6개월 구독자 100명 후기
https://www.clien.net/service/board/use/17107178
CLIEN
[2부] 맛집 탐방 유튜브 6개월 구독자 100명 달성 후기
https://www.clien.net/service/board/use/17110722
CLIEN
----------------------------------------------------------------------------------------------------------------------------------
안녕하세요.
지난 2022년 3월에 구독자 100명 달성했다고 글 올린 게 엊그제 같은데, 오늘 구독자 1,000명을 달성했습니다.
좀 얼떨떨하고요.
유튜브 알고리즘느님의 간택을 받아 조회수가 미친듯이 터진 영상 1개가 멱살 캐리 했네요.
그래서 간단(?)하게 후기를 남깁니다.
1. 구독자도 조회수도 찔끔씩 오르던 시절
이전 후기에도 남겼지만, 요즘은 맛집 Shorts 영상+더빙 해서 올리고 만 있습니다.
예상되시겠지만 조회수는 처참했고요 ㅎㅎ 100 미만 나오는게 대부분이죠. 구독자도 일주일에 1~5명 정도 올랐습니다.
그래도 주 5일(월~금) 매일 오후 5시쯤에 영상을 올렸습니다.
직장 근처 맛집들만 찾아다녀도 콘텐츠가 마르질 않더군요 -_-;
매일같이 맛집들 돌아다니고, 영상 찍고, 출퇴근길에 스마트폰앱으로 편집하고, 더빙해서 2차 편집하는게 일상이 되었습니다.
생각보다는 지루하지 않더군요 ^^; 덕분에 게임하는 시간이 현저히 줄었습니다.
초조하지는 않았지만, 그래도 너무 조회수가 안 나오면 실망스럽긴 했습니다.
2. 포켓몬빵! 영상 하나로 개떡상
이 영상은 에피소드가 있는데... 딸아이 초딩학교에 갑자기 띠부씰 유행이 돌기 시작했고 와이프가 포켓몬빵을 몇 번 구해보더니... 자긴 다 구할 수 있을 것 같다며 ;;;; 끝내 11종류를 다 구해오더군요. (지금봐도 어케 모은건지 참... 열정 열정 열정)
와이프 말로는 콘텐츠 만들려고 모은 측면도 있다고 했습니다. 한 화면에 11개 다 나온 영상이 없다며....
희소성 있다고 영상 가치 있다고 주장했습니다.
저는 맛집 채널 성격과 안 맞다고 영상 촬영 안하려고 했는데.. 등쌀에 못 이겨 울며겨자먹기로 대충 촬영하고 편집해서 올렸습니다. 촬영하면서 투덜댄건 비밀입니다.. 흠흠...
헐 근데 이게 대박이 났네요... 순식간에 1만 조회수 찍더니, 거의 하루에 10만씩 오르네요...
오늘 기준으로 83만 조회수
입니다. 조회수가 가파르게 늘면서 좋아요, 댓글, 구독자도 미친듯이 늘었습니다.
아니 영상 하나로 이게 된다고??? 이게 된다고???
네. 됩니다. 지금 유튜브에서 제일 핫한 주제가 '
포켓몬빵
' 이더군요.
구하기 어려우니 대리만족하려고 사람들이 무진장 검색해보고, 연관된 영상 엄청 봅니다.
뒤 늦게 알게 되었는데, 11개 띠부씰 뜯으면서 리자몽, 이상해꽃, 이브이 등이 나왔는데 귀한거라고 하더군요.
저는 포켓몬 별로 관심이 없어서.. 귀한건줄도 몰랐네요 ;;;
3. 포켓몬빵 후속영상 계속 가즈아!!
위에 영상 대충 만들어서 올렸다고 했는데... 그래서 시즌2 발챙이빵을 시즌1이라고 써놨더니, 댓글로 이걸 지적하는 분들이 너무 많은 겁니다.
이미 채널 모니터링과 운영간섭권을 획득한 내무부장관의 강압적인 지시로 ;;;
발챙이빵이 시즌2 인지 시즌1 인지 고객센터에 전화해서 그걸 녹음해서 올리라는 겁니다.
아니 누가봐도 시즌2인데 굳이 해야해??? 라고 반항했지만 이미 조회수뽕을 심하게 맞은 상태라...
군소리없이 영상을 만들어 올립니다. 어이없게도 삼립에서는 시즌1/2 개념은 없다고 하네요 ;;;;
이건 첫 영상에 비해서 관심도가 많이 떨어졌지만 제 기준에 조회수 1만 넘으면 무조건 성공이라 ^^ 기부니가 좋았습니다.
4. 포켓몬빵 신상이 나온다고? 이건 못참지
기존 맛집 영상도 계속 올리고는 있었지만...
조회수뽕에 심취해 신상 포켓몬롤케익이 나오자말자 쿠팡 프레시로 구해서 후다닥 영상 찍어 올렸습니다.
지난번 고객센터에 문의하면서 신상도 물어봤었고 출시일과 쿠팡에서 판다는 정보를 미리 알고 있었습니다. 운이 좋았네요.
역시나 이것도 엊그제부터 초초대박이 나고 있습니다. ㅠㅠ
삼립 고마워... 포켓몬 고마워... 잊지 않을께... ㅠㅠ
5. 앞으로의 운영방안
1,000명 이라는 구독자... 1년 예상했는데 8개월 만에 도달했습니다. 솔직히 와이프가 떠먹여줘서 달성한거죠...
그리고 알게 되었습니다. 유튜브 콘텐츠는 현재 가장 인기있는 키워드, 이슈몰이에 편승해야 떡상하는 거구나.
유튜버들이 유행에 목을 메는 이유가 여기 있었구나.
물론 기존에 올리던 맛집 영상은 계속해서 올리고, 가끔 신상이나 이슈 있는 것들, 신기한 것들도 올리기로 했습니다.
좀 더 콘텐츠의 폭이 넓어졌다고 보는 게 맞겠네요.
더불어 구독자가 늘어나니까, 콘텐츠를 올리면 기본 조회수가 보장이 된다는 거였습니다.
예전에 100명일때는 조회수 10~100 이었다면, 지금은 1,000~5,000 정도 나옵니다. 이게 가장 기분이 좋습니다 ^^;
저 같은 하꼬는 조회수 1,000 이상만 넘으면 만족하거든요 ㅎㅎ
6. 수익화 관련
현재 구독자는 달성했지만 Shorts 특성상 시청시간은 거의 올라가지 않았습니다 ^^;
그래서 수익신청은 당분간 어려워 보이지만 어느 정도 감수하고 Shorts 위주로 간거라 후회는 없습니다.
구독자 늘리는게 우선이라고 생각했었고 지금도 변함은 없습니다.
물론 Shorts 로만 따지면 1만 시간 시청했다고 나오네요...
(유튜브는 얼른 쇼츠로도 수익화할 수 있게 해달라!! 해달라!!)
글이 길어졌네요. 긴 글 봐주셔서 감사합니다.
다음에 또 좋은 소식 있으면 공유드리러 오겠습니다.",https://www.clien.net/service/board/use/17243057,,success,etc,"본인이 8개월간 맛집 유튜브 운영, 구독자 100명→1,000명 달성 과정을 1인칭으로 상세 서술. '주 5일 매일 오후 5시 영상 업로드', '포켓몬빵 영상 83만 조회수', '출퇴근길 스마트폰 편집' 등 구체적 경험과 수치 제시. 수익화 미달성이지만 구독자 성장 성공 사례."
ppomppu_002,success_story,online-commerce,온라인 커머스,0.95,0.9,False,ppomppu,N잡러를 위한부업별 수입 비교 (2020년 핫 했던 그부업5가지)8,"2021년 더 열심히 살기 위해 N잡러가 되기로 결심했습니다. 그 중 하나가 블로그이며, 기초 조사를 하면서 정리한 내용을 함께 공유하고자 합니다. 2020년 핫했던 부업을 조사해 보았고, 현재 시점과 본인의 지역상황 등에 차이가 있음을 미리 알려 드립니다.
(본문에 앞서)
글쓴이도 모든 부업을 체험하지 못했다. 하지만 온라인 서칭, 지인, 직접 확인 등 다양한 상황에서 정보를 취합하고 객관성을 가지기 위해 노력하였다.  소개되는 부업의 수입은 읽는 사람의 나이, 성별, 지역 등 다양한 사회적 변수에 의해 차이가 날 수 있고, 내가 수집한 평균을 기준으로 소개하였다.
2020년을 기준으로 꾸준히 관심 받아 온 부업에 대해서 소개하며 소개 된 부업 외 다양한 분야의 부업이 존재한다. 자신의 상황과 적성, 여유시간 등을 고려해 좋은 성과를 이루길 바란다.
이 시대를 열심히 살아가는 모든 분들께 행운과 금전적 수익이 하길 기원하며 이 글을 시작한다.
2020년 인기 있었던 부업은 뭐가 있을까?
2020년 인기 있었던 부업은 당연 ‘쇼핑몰(=오픈마켓)'이 아닐까 생각한다. 그 중
#스마트스토어
는 아주 큰 파괴력을 가졌다. “유튜버
#신사임당
이
쏘아올린 거대한 공
”이라고 해도 되지 않을까. 지금은 120만 유튜버로 거대하고 유명한 그 유튜버. 퇴사한 절친을 스마트스토어에 입문시키고 그 성공스토리를 기록으로 남겼던
#창업다마고치
가 스마트스토어를 유행하게 했던 이유 중 하나일 것이다. 최근에는
#정영민TV
채널에서도 좋은 온라인 비즈니스에 대해서 다양한 정보를 참고 할 수 있다.
자신의 전문성을 판매할 수 있는
전자책 판매
도 인기를 끌었죠.
#N잡하는허대리
도 전자책으로 자신의 재능과 지식을 기록해 판매하는 콘텐츠로 유명세를 떨쳤다.
그리고
2020년 코로나19의 영향으로 언텍트, 비대면이 활성화 되고 이와 함께
#배달
이라는 키워드가 득세(?)하게 되었다.
#배민커넥터트
,
#쿠팡이츠
배달파트너,
#쿠팡플렉스
,
#세탁물배달
등등 다양한 종목의 배달 이 생겼다.
이제 주제로 들어가 보자.
이 글에서 소개하는 알바는 5개이다.
1. (쇼핑몰) 오픈마켓 feat.위탁판매&구매대행
2. (재능판매) 전자책
3. (글쓰기) 블로그
4. (영상) 유튜버
5. (배달) 음식배달, 택배배달, 세탁물배달
콘텐츠를 정하다 보니 어쩔 수 없이 몸쓰는 일 보다 손가락 쓰는 일이 많아 보인다. 시대의 흐름이니 어쩔 수 있겠는가. 컴퓨터에 익숙하지 않아도 익숙해야만 돈을 벌 수 있는 세상이 되어간다.
퇴근 후 집에서 바쁘게 일하는 투잡러, 여러 일을 동시에 진행하는 N잡러의 소중한 시간을 위해 설명은 수익에 집중하여 설명하도록 한다.
1. 온라인 쇼핑몰=오픈마켓 (feat. 위탁판매&구매대행)
부업이라는 타이틀에 걸맞게 직접 사입판매, 제조유통이 아닌 위탁판매와 구매대행으로 얻을 수 있는 수익을 설명한다. 왜냐고? 부업이니깐. 전문셀러 만큼의 수익을 올리는 것은 쉽지 않다. 전업 셀러에 비해 시간, 노력, 상품을 보는 소싱능력, 상세페이지를 통해 구매를 전환시키는 능력, 광고비 등 판매를 위한 다양한 측면에서 열세에 있다.
위탁판매으로는 오너클랜, 도매꾹, 셀러즈, 온채널 등 아주 다양하다. 네이버 또는 구글에
#위탁판매
,
#도매쇼핑몰
#위탁도매
#B2B사이트
등의 키워드로 검색하면 쉽게 찾을 수 있다.
이 경우에 N잡러가 얻을 수 있는
위탁판매 수익은 판매대금의 10%
정도라고 한다. 상품마다 다르니 평균 수익이라는 점을 참고하길 바란다. 위탁은 많은 판매자가 존재하고, 경쟁이 심해 가격이 흐려지는 경우가 많다. 자신만의 차별점을 두고 판매해 보길 권한다. 도매사이트에 있는 대표이미지 변경, 제목변경, 상세페이지 리터치, 키워드관리 등을 통해 차별화를 꾸민다면 남들 보다 좋은 성과를 올릴 수 있다.
구매대행은 해외사이트(아마존, 타오바오, 알리익스프레스 등)에 있는 제품을 내 오픈마켓에 올려 놓고 판매한 후 구매가 이루어 지면 직접 해외사이트에서 내가 구매해서 고객에게 배송해 주는 판매방식이다. 직접 해외 to 한국으로 배송되는 경우와 중간 배송대행지를 거쳐야 하는 경우가 있는데, 배송대행지를 거치면 아무래도 운송비와 업무가 늘어나기 마련이다. 미국은 미화 200달러, 그 외 국가는 150달러가 면세한도이기 때문에 고객이 주문한 금액이 앞선 면세한도를 초과한다면 관세에 대한 부분도 고려해야한다. 또 전파인증법 등 국내에 판매하기 위한 지재권을 포함하여 법적인 부분도 꼼꼼히 챙겨야 한다. 업무가 다양복잡하기에 마진도 좋은 편이다.
보통 판매가격 대비 30~100%의 마진이 생긴다.
쇼핑 부업 마진 = 위탁판매*판매액 10% < 해외구매대행 30~50%
(셀러 판매능력과 상황에 따라 달라질 수 있음)
해외구매대행의 경우 금액으로 환산할 경우 월 수익은 약 50만원 좌우가 된다. 글쓴이가 운영하는
#쿠팡
스토어를 기준으로 경험상 50~100만원 사이의 수익을 얻을 수 있었다.
https://postfiles.pstatic.net/MjAyMTAxMTFfMTQ5/MDAxNjEwMzM1NTAxMzQw.8gByCNeCo9QfS31Hj-3liEEaLsrmhSA50-cLbiFItkUg.QG4HrhGH3-EPGu50Lp3RKPpSoO0fsTUhlEGSefjywDcg.PNG.overyellow/image.png"", ""linkUse"" : ""false"", ""link"" : """"}"" style=""text-decoration: none; margin: 0px; padding: 0px; border: 0px; font-family: inherit; font-size: inherit; font-style: inherit; font-variant-caps: inherit; font-stretch: inherit; line-height: inherit; vertical-align: baseline;"">
30일간 판매이력, 마진율 32%
#해외구매대행
에 이용하는 서비스:
#셀러클라우드
https://www.selcle.com/
셀러클라우드
셀러클라우드 상품DB구독서비스 셀러에게 더 좋은 판매환경을 제공
https://www.",https://www.ppomppu.co.kr/zboard/view.php?id=soho&no=23692,,ambiguous,etc,작성자가 '글쓴이가 운영하는 쿠팡 스토어를 기준으로 경험상 50~100만원 사이의 수익을 얻을 수 있었다'고 1인칭으로 본인의 실제 해외구매대행 경험과 수익을 구체적으로 밝힘. 30일 판매이력 스크린샷 첨부.
ppomppu_004,success_story,platform-labor,플랫폼 노동,0.95,0.92,False,ppomppu,비오는 날 배달 미안해하지 마세요 (저도부업배달러)14,"우천시에는 물론 운전 위험하지만
라이더들이 가져가는 돈이 날 좋을때에 비해 엄청 수입이 좋아요
안전운행만 바라면 되요
평소에 20만원 벌었으면 우천시에는 30이나 40이상도
수입이 생겨요
저는 직장다니고 부업인 일반자전거 라이더라 비올때는 쉬어요
게을러서 그래도 월 100만원정도 부수입이라 가계에
큰 도움이 되요",https://www.ppomppu.co.kr/zboard/view.php?id=freeboard&no=9503049,,success,etc,"1인칭 배달 라이더 경험 명시('저도부업배달러', '저는 직장다니고 부업인 일반자전거 라이더'). 구체적 수익 제시('월 100만원정도 부수입', '평소 20만원→우천시 30~40만원'). 실제 운영 방식 공유(비올때 쉼, 안전운행). 광고성 문구 없음."
ppomppu_008,success_story,content-sns,콘텐츠·SNS,0.95,0.92,False,ppomppu,"유튜브 + 블로그부업2주간 일하고, 6개월간 테스트11","부수입만들어보기 테스트겸 블로그와 유튜브를 운영해보았습니다.
SEO 개념은 잘 이해하고 있기 때문에 검색에 잘걸리게는 했습니다.
남들보다 유리한 상황에서 시작했다고 볼 수 있습니다.
[유튜브의 시작]
2주간 모든 컨텐츠를 다 만들었고 3개월간 나눠서 업로드 되도록 해놓았습니다.
유튜브는 일단 기준 넘기기 자체가 너무 어려웠습니다.
구독자 기준 1000명은 한 달만에 쉽게 넘었습니다만,
시청시간 3000시간을 넘겨야 되는데 이게 너무 어려웠습니다. 5개월만에 넘겼습니다.
결론 : 영상 200개 업로드(숏츠 재생산 포함) = 6개월차 총 수입 5달러, 현재 미지급 상태
[블로그의 시작]
구글 광고를 넣을 수 있는 T스토리로 시작해보았습니다.
블로그도 2주간 모든 컨텐츠를 그냥 막 때려넣었습니다.
하루 방문자수가 1명 들어오던게 한두달 지나니깐 200~400명이 들어왔습니다.
애드 붙이는 인증은 어렵다고 했는데 만든지 3일만에 그냥 통과했고,
2주간 열심히 컨텐츠 올린 뒤 아무것도 안했습니다.(하루에 올리는 숫자가 정해져 있어서 만들어 놓고 매일 풀로 업로드)
SEO 최적화 되어 아무 컨텐츠를 안올려도 하루에 200명 이상이 꾸준히 들어오는 상황이고,
망할 줄알았는데 3개월에 한번씩 수익 100달러를 넘겨서 통장에 돈이 들어오네요.
결론 : 컨텐츠 글 400개 업로드, 매달 30~50달러 수익 발생
[결론]
- 일단 한달일하고 6개월 방치 해봄.
- 수익 거의 없음. (편의점 알바가 더 잘 범)
- 반복적으로 꾸준히 1년 이상 할 경우 월 100만원 달성까지는 가능해 보임
- 3년 이상하면 월 300만원 까지도 달성 가능해 보임
- 유튜브는 수익내가 참 어렵다. 블로그는 그래도 진입장벽이 낮아 잔돈 벌이가 된다.",https://www.ppomppu.co.kr/zboard/view.php?id=whatever&no=23607,,success,etc,"1인칭 시점으로 유튜브·블로그 6개월 운영 후 실제 수익 발생 기록. '2주간 컨텐츠 제작→3개월 분산 업로드→5개월차 수익화 달성', '매달 30~50달러 수익 발생' 등 구체적 경험과 수치 명시. 광고성 문구 없음."
ppomppu_010,success_story,content-sns,콘텐츠·SNS,0.95,0.92,False,ppomppu,아래에수익형블로그관련글이 있어서19,"티스토리 블로그를 운영하다가, 티스토리 광고 사태때 워드프레스로 넘어왔습니다.
많은 분들이 수익형 블로그 운영에 관심을 가지고 계신 것 같아, 혹시 도움이 되실까 싶어 몇 가지 사항에 대해 끄적거려 보겠습니다.
대충 생각나는대로 끄적거릴 예정이고, 귀차니즘으로 인해 수정이나 퇴고는 안 할 예정이므로, 오타나 문맥에 맞지 않는 부분이 보여도 이해 부탁드립니다.
- 수익
가장 궁금해하실 부분이라 생각하는데요.
수익이 없는 분은 아예 없고, 많으신 분은 많고, 케바케입니다. 보험을 하시는 분들도 어떤 분은 수억을 버시는데, 어떤 분은 마이너스이고.... 뭐 이런 원리라고 보시면 됩니다.
제 기준으로 말씀드리자면, 저는 티스토리를 운영할 당시에는
대략 한화로 월 300만원에서 왔다갔다 했습니다. 개인적으로 하는 사업이 있는데, 시간이 좀 많이 남아돌아 시작했던게 꽤나 괜찮은 수익을 안겨줬던 것 같습니다.
아무것도 모르는 상태에서 시작을 해서, 저 정도 수익을 올리는데, 대략 2년 정도 걸린 것 같습니다.
인증을 하라고 하시면, 귀찮아서... 굳이.....
- 티스토리? 워드프레스?
아무것도 모르고 시작을 하신다면, 티스토리로 시작을 하셔서 구글 블로그나 워드프레스로 넘어가시는 것을 추천드립니다.
구블이너 워프가 티스토리에 비해 노출도 힘들고 신경써야 할 것도 많습니다. 내가 포스팅을 하면, 누군가 방문을 해줘야 하는데, 티스토리는 한달 후부터 노출이 쉽게 되는데 비해, 구블 워프는 조금 더 어렵습니다.
- 강의? 책?
이미 정보는 넘쳐납니다. 유료 강의의 필요성은 굳이.......
좋은 강의를 해주시는 분들도 계시지만, 대부분은 강의 팔이 입니다.
자신은 고수고 전문가이니 3개월이면 천만원의 수익을 올릴 수 있다..... 라는 분들도 계시는데, 자신만의 노하우가 있으신 분들도 계시겠지만, 대부분은 편법을 사용해서 3개월 동안 광고 수익을 올립니다. 그리고 그걸 인증>>>.광고, 책, 강의 팔이. 루트를 타는 것이죠.
몇 가지 편법은 알고 있지만, 배보다 배꼽이 더 큰 경우도 있고, 딱 3개월 개고생하고, 그 이후에 블로그가 날아가는 경우도 있고.......
편법은 어차피 시간이 지나면 대부분 걸립니다. 괜히 구글은 위대하다라는 얘기가 있는게 아니죠.
관심 있으신 분들은 도서관 가셔서 책 한권 빌리셔서 읽어보시고, 유튜브에 공개된 정보들, 애드센스 포럼이란 사이트가 있는데, 그 곳에 가셔서 게시판만 정독하셔도 충분하시다고 생각합니다.
- 결론은?
블로그는 초기 투자 비용도 거의 없고, 내 시간과 노력을 들이는 분야라고 생각합니다.
""블로그로 누구나 쉽게 월급만큼 벌 수 있다?""
한 마디로 말씀드리자면, 개소리입니다.
공부도 필요하고, 노력도 필요하고 시간도 필요합니다. 쉽지만은 않습니다.
일기 같은 글을 천 개를 써봐야, 내 필력이 하늘에 닿아있지 않은 이상 누군가 찾아와 보지는 않습니다.
키워드에 대한 공부도 필요하고. 구글 seo에 대한 공부도 필요합니다.
노력이 필요한 분야인 것은 맞지만, 짜투리 시간을 활용하기에는 상당히 괜찮은 부업이라 생각합니다.
chat GPT로 인해 검색량은 앞으로도 점점 줄겠지만, 최소한의 용돈 벌이 정도는 되리라 생각합니다.
모든 일이 그렇듯, 블로그 운영도 체질에 맞아야 한다고 생각합니다.
제가 블로그를 통해 수익을 올리는 것을 본 지인들도 꽤나 시작을 했는데, 저보다 더 높은 수익을 올리는 놈도 있고, 며칠 만에 때려친 놈, 어느 정도 용돈 벌이는 하는 놈.... 시작해봐야지 하고 아직까지 시작도 안한 놈(이게 대부분입니다.) ......
개인의 성향과 노력에 따라 갈리는 것 같습니다.
그리 어렵지 않습니다. 하지만 그리 어렵지 않다는 말은 누구나 시작할 수 있다는 말이고, 경쟁이 치열하다는 말이기도 합니다.
100명이 시작을 하면, 끝까지 가는 분들은 2~3명 정도더군요.
1년 이상 하루 3시간 정도씩 꾸준히 하실 자신이 있으시다면 상당히 괜찮은 부업이 되리라 생각합니다.",https://www.ppomppu.co.kr/zboard/view.php?id=whatever&no=25804,,success,etc,"1인칭 시점으로 티스토리→워드프레스 블로그 운영 경험 서술. '월 300만원' 구체적 수익 명시, '2년 소요' 등 실제 경험 디테일 풍부. 광고 수익형 블로그 운영 성공 사례."
clien_017,success_story,platform-labor,플랫폼 노동,0.98,0.95,False,clien,배민투잡 일주일 후기 적어봐요~^^,"가게 장사가 너무 안되서 투잡으로 배민을 시작한지
10일차가 되었습니다.
당근으로 13만원으로 구매한 킥보드값 일주일만에  뽑았습니다.
기뻐서 한자 남깁니다.
장소는 수원시 권선구 곡반정동 입니다.
원룸이 많고 중심삼가 기준으로 좌우측
대단지 아파트가 형성 되어 있어서
라인잡고 멀리가지 않고 곡반정동 배달위주로만
했습니다.
시간은 12시30부터 4시30분 정도로 잡았구요.
말이 4시간인데 3분의1시간은 콜없어서
쉬는경우가 많습니다.
달린 키로수는
5일평균 20에서 25키로 달린거 같습니다.
왔다갔다 하는시간이있으니 25키로 다배달
한건 아니고 직접적으로 뛴건 15키로 정도 되겠네요.
전 욕심 안내고 하루 10건 3만원으로 잡았습니다.
전 두개 플랫폼사용 하는데요
배민커넥트 쿠팡이츠
이건 지역마다 틀린걸로 알고있습니다.
전 배민이 콜을 더잘줘서 배민을 메인으로 사용하고 있습니다.
두개 켜놓고 먼저 오는것 위주로 콜을 잡습니다.
보통 1키로이내 2500 1키로 이상 3000에서 3500
동넘어가는 콜은 거부합니다.
가끔 한번식은 갑니다.
그시간에 단타 두개잡는게
훨씬 이득이더라구요.
수입은
22일 10개 28930
23일 11개 30910
24일 11개 32240
25일   6개 22440
26일   7개 22750
27일   9개 41850(눈 설프로모션)
28일   8개 44300(눈 설프로모션)
합 223.420
25일 26일은 주말이라 넘무리하게 하면
힘들것 같아서 1시간 정도 더취침했습니다.
하루3만 잡았는데 이제 요령이 생겨서
충분히 시간줄여도 가능할것 같습니다.
투자비용
킥보드 상태좋은거 당근에서 13만원에 구매 했습니다.
첨엔 멋도 모르고 보냉 보온가방 안쓰고 몇일하다가
문제가 되는거 알고 보온보냉가방
당근에서 15.000구매했습니다.
킥보드 값 가방값 투자한거 빼고
약 8만정도 벌었네요
일단 장점이라면
1.생각보다 많이 걷습니다.
운동이 됩니다.
엘베없는 원룸 올라갈때
픽업하러 갈때
가끔 차막히면 끌고 이동할때
2.콜잡고 돈이 적립되면
너무뿌듯하고 재미있습니다.
3.동네길을 아주빠삭하게 알게됩니다.
하다보면 네비안키고도 갈수있는 지경에 이르게 됩니다.
4.가끔식 사장님들이 건네는 작은호의에 인류애를 느낍니다.
따뜻한커피 주시는분도 있고 추우니까
안에서 들어와 있으시라고
밥드셨냐고 시간좀 걸리니 김밥이라도 드시고
계시라고 주시는분도 계십니다.
5.시간당 최저시급만큼 안되지만 스트레스 안받고
누구에게 구애안받고 잼나게 일할수 있습니다.
컴플레인이나 식당에서 가끔식 생기는 마찰
상담센테에서 잘잘해결해줍니다.
얼마전 주문번호 잘못확인하고 가져가서
제가 하루일한거 무르게 생겼는데
상황을 이야기하니 배민에서 자기비용으로
처리 해주더라구요.
더 열심히 해야겠죠.
처음에는 잠줄이니 조금 힘들었는데
6시간 자는거 적응되니 괜찮더라구요.
노동대비 최저시급보다 못하지만
이것이라도 할수있음에 너무 감사하며 일하고 있습니다
아무리 힘들어도 긍정적인 마인드는
잃지않고  열심히 하겠습니다.
진짜 2년간 죽도록 너무힘들었는데
진짜 언젠가는 저에게도 또 한번의 기회는
찾아오겠죠?^^;;",https://www.clien.net/service/board/park/18909041,,success,etc,"본인이 배민 배달 투잡 10일간 직접 수행한 1인칭 후기. 일별 수입(22일~28일 총 223,420원), 킥보드·가방 구매 등 투자비용, 배달 루트·시간·콜 전략 등 구체적 경험 상세 기술. '일주일만에 킥보드값 뽑았다'는 성공 표현과 긍정적 마인드로 종결."
clien_019,failure_story,etc,기타,0.4,0.75,False,clien,알고보니 저도 가스라이팅을 당한적이 있더군요,"해외에 있을때
알게 된 형들과 일을 한 적이 있습니다.
저는 그 사람들보고 적게는 8살 많게는 15살정도 어렸던걸로 기억합니다.
어쨋든,
이 사람들이 돈을 제대로 안주기 시작합니다.
일은 엄청 시켜요.
그리고 제가 뭐라고 했습니다. 돈을 제대로 달라.
그랬더니 뭐 조금만 있으면 너랑 같이 다 성공할텐데 왜 기다리질 못하냐 이럽니다.
그리고 그때쯤 어머니가 암투병을 하시게 되어서 한국으로 돌아간다고 말을 했습니다.
그랬더니 한국으로 너가 돌아가봤자 월 200만원 벌겠냐.
너는 우리랑 안하면 안된다. 라는 식으로 제 자존감을 꺾으려고 하더군요.
근데 이 사람들이 잘 몰랐던게, 제가 이미 이 사람들 이외에 하고 있던 일이 월 3000불은 벌고 있었습니다.
그래서 안그래도 어머니 암투병때문에 화가 나는데 진짜 빡치더군요.
왜 너따위가 나를 얕잡아보지? 18ㅅㄲ가 진짜 장난하나? 나이 먹고 한다는 소리가 저거인가?
이런 생각이 쓱쓱 나오더군요.
그리고나서 했던 말이 아직도 기억납니다.
""야 형은 너 나이때에 벤츠 몰고 다녔어. 조금만 더 있으면, 너도 벤츠 몰 수 있는데 왜 그러냐?""
멍멍이 쉐리가 지는 부모 돈으로 이것 저것 산 주제에, 황당하더군요.
그리고 결심했습니다. 얘네랑 다니면 안되겠더라고 ㅎㅎㅎ
그 형들 중 나이 적은 형은 나이 많은 사람의 친척동생인가 그랬는데
뭐 허드렛일은 그 사람이 다 하더군요.
저도 이 사람과 함께 하면 저 사람처럼 허드렛일이나 하는 사람이 되겠구나 싶어서
그 이후로 연락 끊고 한국 와서 지금 잘먹고 잘 살고 있습니다.
그 사람도 나중엔 한국와서 정부지원금으로 창업해서 여기저기 또 헛소리 팔고 다녔던걸로 기억합니다.
어쨋든, 저도 주변에 이직생들 취직생들 가르치는 부업을 하면서 느끼는 건데,
학교에서든 직장에서든 그리고 연인사이에서도 자존감을 일부러 낮추게해서 다른 곳은 못가게 하려는 사람들이
꽤 많은 것 같습니다.
참 비겁한 사람들이 많구나라는 생각이 더더욱 많이 들게 되었습니다.
오히려 자신이 사랑하는 아끼는 사람의 자존감 자신감을 더 복돋아주진 못할망정, 자기 없으면 안되는 사람으로 만드는 것은
참 비겁하다고 생각합니다.",https://www.clien.net/service/board/park/15188003,,success,etc,"해외에서 형들과 일했으나 '돈을 제대로 안주기 시작', '연락 끊고 한국 와서' 종결. 부업 실패 후 현재는 '주변에 이직생들 취직생들 가르치는 부업'을 하고 있으나, 본문 초점은 과거 실패 경험과 가스라이팅 피해. 구체적 부업 카테고리 불명확."
ppomppu_013,failure_story,platform-labor,플랫폼 노동,0.95,0.92,False,ppomppu,"배민 / 쿠팡이츠로 배달해본후기~!! (개인적 관점, Feat, 전동이동장치의 단점)5","한 달전에 몇 일 해본거라 지금하고 다를지도 몰라요~!!
그리고 제가 사는 동네 위주로 해본거라 다른 지역과 다를지도 몰라요~!!
저는 전기자전거로 했는데 다른 이동수단과는 다를지도 몰라요~!!
주말에 알바를 찾다가 사실 주말알바는 거의 없거나 있어도 노가다처럼 본업에 지장을 줄 정도의
노동강도를 요하는 알바라서 고민하고 있다가 요즘 직장인들이 투잡개념으로 종종한다는
배달알바를 시작하게 되었습니다.
집에 전기자전거도 있겠다. 잘되었다 싶어서 평일날 시간을 내서 등록절차를 마치고...
주말이 다가왔습니다. 대충 오후2시 이후부터 시작했습니다.
일단 제가 있는 지역에 한에서 쿠팡이츠는 콜이 잘 뜨지 않습니다.
쿠팡은 콜이 간혹 뜨는데 거리도 먼거리고 배달비용도 배민과 거의 차이가 없었습니다.
그러다보니 자연스레 쿠팡콜은 안받다가 나중엔 그냥 꺼버리게 되더군요.
상대적으로 배민콜은 꾸준히 왔던 편인데 저희 동네가 언덕이 많은 동네라서 그런지...
언덕을 거쳐가거나 하는 콜은 받기 좀 어렵습니다. 아마 오토바이나 자동차였다면 받았겠지만...
배터리의 압박을 심하게 받는 전동이동장치는 언덕을 왔다갔다 하는건 리스크가 큽니다.
그리고 약 10분의 3-4의 비율로 B마트 콜이 자주 뜹니다.
개인적인 의견입니다만 B마트 콜은 배달비용도 일반콜과 별 차이 없는데 무겁고 짐이 많은 경우가
대다수였습니다. 그래서 몇번 하다가 정말 콜이 없을때를 제외하고는 B마트 콜은 안받게 됩니다.
음 3주정도 총 5-6일정도를 했는데 하루 평균 2-3만원정도 벌었던것 같습니다.
밖에 나가서 있는 시간을 생각해보면 돈이 거의 안되는 수준이었습니다.
오토바이가 있었다면 좀 더 많은 콜을 받고 더 벌 수 있지 않을까 싶었지만...
어쨋든 그렇게 접었습니다.
5-6일 동안 번 돈이 10만원정도 입니다. ㅋㅋㅋ
오토바이나 자동차로 하는거 아니면 비추 합니다.
아 물론 서울은 다를수도 있을겁니다.",https://www.ppomppu.co.kr/zboard/view.php?id=freeboard&no=7644617,,success,etc,"본인이 직접 배민/쿠팡이츠 배달을 전기자전거로 3주간 5-6일 수행한 1인칭 경험담. '그렇게 접었습니다', '5-6일 동안 번 돈이 10만원정도', '비추 합니다' 등 실패/포기 표현과 낮은 수익으로 종결된 사례"
ppomppu_016,success_story,investment,투자·재테크,0.95,0.9,False,ppomppu,소소한 수익인증..신광슈퍼님 감사합니다.13,"갑자기 게시판이 시끄럽네요...
전 신광슈퍼님 추천해주신 주식 종목으로 수익 보고 있습니다.
정말 감사합니다.
신광슈퍼님처럼 근거 있는 추천과 사후 코멘트까지 해주시는 분이 얼마나 있나요?
그리고 종목 추천을 안하면, 증포 게시판이 무슨 의미가 있을까 생각합니다..
근거 있는 추천 종목이거나, 약팔이처럼 종목만 툭 던지거나 전 하루에 한두번 여기 게시판 들어와서
다른 분들이 추천하거나 언급하신 종목은 잠시라도 찾아봅니다.
저같이 부업으로 주식 하는 직장인들에게는 이슈가 되는 종목 자체를 찾기가 힘들기 때문에
큰 도움이 됩니다.",https://www.ppomppu.co.kr/zboard/view.php?id=stock&no=88100,,success,etc,"작성자가 '신광슈퍼님 추천 주식 종목으로 수익 보고 있습니다', '부업으로 주식 하는 직장인'이라 명시. 1인칭 실제 투자 수익 경험 서술."
ppomppu_017,success_story,investment,투자·재테크,0.95,0.9,False,ppomppu,2014년 현재까지 수익인증합니다38,"안녕하세요 주식을 부업 삼아 틈틈히 하고 있는 30대 직장인입니다.
주식 투자 스타일은 저평가 우량주를 위주로 중장기 매매 80%
테마주 위주의 단타나 스윙매매 20% 비중으로 포트 운영하고 있습니다.
올해는 현재까지는 운이 좋은 평이라서 수익이 좀 났네요..
물론 더 대박이 날 수 있었던 기회도 있었지만 몇번 날려 먹어서 아쉬움이 남긴하지만...
남은 2014년에도 상반기와 같이 좋은 수익이 났으면 좋겠네요..",https://www.ppomppu.co.kr/zboard/view.php?id=stock&no=79911,,success,etc,"본인이 '30대 직장인'으로 '주식을 부업 삼아' 2014년부터 현재까지 투자하며 '수익이 좀 났다'고 1인칭으로 서술. 구체적 투자 스타일(저평가 우량주 80%, 테마주 단타 20%)과 실제 수익 발생을 명시한 성공 후기."
ppomppu_020,success_story,content-sns,콘텐츠·SNS,0.85,0.9,False,ppomppu,업무용으로 구매한 RTX 4070 탑재한 어로스 16X ASG-53KR4,"사회초년생으로 일하는데 업체쪽 미팅할 때 대용량 소스 파일을 띄울일이 많아 구매했습니다. 미팅이 많은건 아닌데 미팅갈때 마다 다른 분들은 노트북들고 다니시는데 혼자 노트를 들고 다니는게 눈치보이더라고요.
처음엔 굳이 필요할까 싶어 망설였습니다. 그래도 다들 있으니 하나쯤 있어야겠다 생각해 쿠팡이랑 후기글 틈틈히 살펴보면서 검색해 보고 구매한 제품입니다.
물론 사무용 노트북을 구매한다는 핑계로 구매한 제품이지만 딱 사무용으로만 사용할거였으면 이 제품을 구매하지 않았을겁니다. 더 가벼운 제품이 많기 때문이죠.
하지만 저는 부업으로 유튭을 시작하기도 해서 가끔 프리미어프로, 포토샵, 에펙도 사용할 용도로 전반적으로 사용할 수 있는 노트북을 구매했습니다.
아 물론 기분 전환용으로 배그, 롤, 피파도 가끔할 생각으로 구매했습니다.
이제 혼자 멀뚱멀뚱 서있지 않아도 되고 스을쩍 화면 훔쳐볼 필요 없이 제 노트북으로 확인하면 될거 같아 벌써 기분이가 좋네요
구매하기에 앞써 여기저기 후기를 남겨주시는 분들 덕분에 참고해서 구매를 잘 할 수 있었던거 같습니다.  은혜는 받았으면 베풀줄도 알아야한다고 배워 글 재주는 없지만 그래도 누군가에게 도움이 될 수 있다는 생각에 한번 작성해봤습니다.
우선 박스 크기가 진짜 작습니다. 제가 16인치를 구매했는데 무슨 14인치가 잘못온줄 알았어요.
내부를 열어보면 제품설명서, 보증서가 들어있고 어댑터와 충전기도 들어있습니다.
아 물론 노트북도 잘 들어있습니다.제가 구매한 어로스 노트북! 검색해보면 다 나오지만! 가격이 LOQ보다 비싸긴 하지만 마감이라던가 설계등에서 많이 차이가 난다고 하더라고요.
기왕 비싼돈 주고 사는거 기왕이면 좋은제품 산다는 생각 + 자주 들어본 HP의 오멘이나 레노버의 리전도 후보였지만 아무래도 메인보드나 그래픽카드를 제작하고 있는 기가바이트보다 제품이 좋지 않을까 걱정이 되기도 했고 컴퓨터 부품을 잘만들면 노트북도 잘 만들지 않을까 하는 단순한 생각에 기가바이트 어로스로 제품을 구매했습니다.
다른 제품이 안좋다는건 아니고 그냥 제 생각입니다. 게다가 AS가 보통 1년인데 2년이라는 점도 마음에 들었습니다.
제품을 보면 새우모양의 어로스가 눈에 보입니다. 로고가 좀 독특하게 되어있는데 빛에 따라색이 달라집니다. 처음엔 좀 신기했는데 뭐 그냥 그렇더라고요. 로고 말고도 곳곳에 이런 재질로 되어있어요. 아는 사람 눈에만 보이는 멋스러움인듯하네요
AORUS 비콘이라고 제품 뒤에보면 RGB바랑 AORUS 문구가 적혀있습니다. 집에서 불끄고 게임하면 좀 이쁠거 같습니다.
제품을 열어보면 디스플레이는 이렇게 생겼습니다.
와 근데 진짜 베젤이 얇더라고요. 유튜브나 몇몇 후기를 봐서 알고 있었는데 실제로 보는건 또 다른 느낌인거 같습니다. 몇 년 후면 이제 더 얇아지겠죠?
Your browser does not support the video tag.
노트북 힌지가 말썽이라는 글도 심심치 않게 보였는데 힌지가 튼튼하니 좋습니다. 역시 하나하나 세심하게 신경쓴 모습입니다.
키보드는 텐키가 없이 구성되어있어 좋습니다. 물론 텐키가 있으면 숫자를 입력할 때 편하긴한데 노트북은 그렇게 되면 키보드가 너무 좁아져 오타율이 많을 수 밖에 없습니다. 차라리 텐키가 없는게 낫다는게 제 생각입니다.
이건 좀 호불호가 강할거 같은데 게임에서 자주 쓰는 QWERASD키가 투명 키캡으로 되어 있습니다.
설정한 빛에 따라 보이는 모습이 이쁘긴하네요
Dolby atmos 스피커라 음질도 좋고! 아까 말했듯 베젤도 얇아 몰입감도 좋습니다. 영화관 갈 필요 없을듯하네요.
포트도 여러개가 잘 구비되어있습니다.
새제품은 언제든 기분이 좋은거 같습니다. 또 며칠 지나면 다른 제품에 눈독 들일 수 있겠지만 그래도 지금 제일 좋은점은 이제 회의 갈 때 혼자 쭈뻣쭈뻣 거리지 않아도 된다는 점이네요.",https://www.ppomppu.co.kr/zboard/view.php?id=review2&no=66295,,success,etc,"작성자가 '부업으로 유튭을 시작하기도 해서 가끔 프리미어프로, 포토샵, 에펙도 사용할 용도'라고 명시. 유튜브 부업을 위해 고사양 노트북(RTX 4070)을 구매한 1인칭 경험담이며, 업무용 핑계로 구매했으나 실제로는 영상 편집 부업 목적이 포함됨."
ppomppu_021,success_story,investment,투자,0.95,0.92,False,ppomppu,"""P2P 투자중입니다""후기2    부제:탈출의 시기12","또 오랜만에 글쓰네요 이제 거의 투자 만 1년에 접어드네요...
시작은 2~3천으로 시작해서 거의 17년 연말에는 1억을 훨씬넘겼었는데
요즘은 최대한 투자금을 다이어트해서 상환족족 빼고 있습니다.
이번 글은 조금 간단하게 쓰고자합니다. 지난글에도 꾸준한 경고가 있지만 이번글에서도 역시 주로 위험성에 대해 말씀드릴꺼라서요..
제글을 처음보시는분들은 제가 과거에쓴 P2P 관련글인
""P2P 투자""중 입니다. 질문받습니다.
http://www.ppomppu.co.kr/zboard/view.php?id=money&page=1&divpage=50&search_type=name&keyword=_logan_&no=261727
""P2P 투자중입니다."" 후기
http://www.ppomppu.co.kr/zboard/view.php?id=money&page=1&divpage=50&search_type=name&keyword=_logan_&no=270973
2개의 글을 먼저 읽고 오시기를 바랍니다.
그리고 추가 정보를 얻고자 하시는분들은 네이버에 P2P관련 큰카페가 몇군데 있으니 가입하고 충분히 검토하고 하셔야합니다.
이번글은 부실/연체 관리 및 위험성부분에 대해서 이야기를 하고자합니다. 제가 얼마를 투자했고 얼마가 연체중이며, 얼마나 희망이없는지는
일반 개인이기에 (개인투자는 한 P2P대부법인에 천만원 제한이 되어있습니다.) 사이트를 10개 넘게 돌리고 있어서 계산이 매우 힘들어
그냥 현재 1년 돌려서 본전쯤 될꺼같다 예상하시면 편합니다.
일단 저도 현재 연체중인 것들은 PF가 대부분 이기에 연체 당해도 싸다 싶을정도로 좀 불안한 것들이 많습니다.
하지만 그것들을 들어감에도 나름에 이유가 있었고,
특히 초기 포트폴리오를 구성할때 나름 주식도 펀드도 다많이 했었어서인지.... 하아 저/중/고 위험군으로 나눠서 부실이나도
적당히 수익을 얻을수 있도록 구성하자였습니다.
저위험군/중위험군/고위험군을(1억이라보면 4천/3천/3천)
4 : 3 : 3 정도의 비율로 하자라고 생각해서 투자한것이기 때문에 당시에도 물론 위험하다는 것을 인지하였지만 투자하였죠...
근데 이것의 결론을 말씀드리면 제가 평가한대로 저위험군은 매우 탄탄하게 이자/원금이 잘상환되며 조기상환도 잘이뤄집니다.
(주로 탄탄한 P2P법인의 이자 15%미만의 아파트담보대출 및 NPL/배당금 위주)
중위험군은 연체가 있다하더라도 결국에는 상환이 되는 적당한 놈들
(중견규모 이상의 P2P법인에서 진행한 준공되기 직전의 PF상품 or 신생업체의 아파트담보대출/NPL 과 같은 상품들)
고위험군은 제 예상으론 반은 연체 / 반은 부실생각하고 부실중 일부는 그냥 없어지리라 생각하고 투자했습니다.
결론은 고위험군은 하나도 남김없이 연체가 걸렸습니다. 정말 예외가 없더군요. 몇개월 후에 상환이 되더라고 일단 고위험군으로
분류해서 들어간 모든 상품은 연체가 걸렸습니다.
지금 현재 제가 들고있는 연체 채권만.. ㅇㅋ에 1500 ㅁㅇ에 1500 기타 1000 도합 4천쯤 됩니다.
이중 기타로 분류된것에 한 300 들가 있는데 제 예상으론 아마 업체가 도산할꺼 같습니다.
뭐 사장이 뻥치고 있긴한데 시간문제인듯 H사라고만 하겠습니다.
(제가 언제부턴가 업체에 연체이자 20% 넘게 붙고있는거 너네 다 먹으라고 내가 지금 어머님 수술이 급해서 그냥 원금만 니네 자금있으면
주면안되냐 라고 전화를 엄청합니닼 이제 대충 ㅇㅋ이나 ㅁㅇ H사 목소리는 대충누가받으면 알겠습니다.)
부실에 무서운점은 투자금액 전액이 손실이 되어버릴수 있기때문입니다.
이전 글이나 그 밑에 전문적으로 돌리시는 분들이 가장중시하는게 무엇이냐하면.... 업체의 추심능력입니다.
추심 간단히 말하면 빌려준 대금을 차주가 갚지않아 강제로 집행해서 가져오는거죠....
자 여기서부터는 기존에 투자를 제대로 하시는분들이나 대충 기본적인 권리분석이 되셔야 알아들을수 있을꺼에요
자세한 설명은 네이버 찾아보면 다 나오니 참고하시고..
P2P업체는 P2P 업체라고 하지만 그냥 대부업체입니다. 즉 여러분이 아시는 사채업을 하는 곳이죠
사채업의 기본법정이율은 연 24% 이하입니다. 근데 이렇게 주고 빌리는 사람들은 정말 끝에 끝까지 가신거죠... 상식적으로..?
그걸 염두해두셔야 됩니다. 보통 신용이 안좋은분들이더라도 집을 소유하고 있다면 대부업체에서는 담보가 확실하기에 대출이 쉽게 나가요
여러분들이 이자 15% 이상 받는 아파트 후순위 P2P의 경우 보통 업체가 아마 연20% 이상은 가져갑니다.
근데 아파트주인이 연20%나 되는 이자를 내면서 돈을 빌린다.... 시세보다 싸게만 내놔도 수도권의 아파트는 금방나가는데
그걸 고이율로 사채를 쓴다는거 자체가 상당히 신용상으로 사실 불안한 겁니다.
여튼 이런사람들이 그냥 ㅌㄱㄷ나 ㅌㄹ같은 P2P 큰손들에게 대출하기 탭을눌러서 대출하겠습니까?
뭐 상위 탑급 업체는 그렇게 들어오는 건도 있긴하겠죠  근데 P2P 하위업체들은 아마 대출중개인에게 받는걸꺼에요...
대출중개인은 무엇일까요 ?
공인중개사는 부동산을 사고팔때 중개해주는 사람입니다.
대출중개인은 제가 10억짜리 아파트로 대출을 하고싶을때 대출중개인이 저를 대부업체에 소개시켜주는겁니다.
그리고 소개비로 중개수수료를 받아갑니다.
보통 아마도...법정수수료가 3.5%인가 될꺼에요(아마도...찾아보시면나올듯)
즉 5억짜리 아파트에 2억 대부업체에 대출을 하면... 700만원 리베이트 가져갈꺼에요(아마도...?)
P2P업체가 자주자주 상품을올리기 위해선 이렇게 물어오는 건들이 있을꺼에요 그럼 중개수수료도 줘야지 이자도 줘야지 직원 월급도 줘야지
사무실 임대료도 내야지... 그냥 일반 회사라고 생각해도 겁나 수익률이 걱정되죠..?
자 이런상황에서 예전에 10초 이내로 상품이 마감되던 시절과 비교할때 요즘은 좋은물건도 마감이 매우 여유있죠...
하위 업체들은 마감되는데 몇일걸리기도 합니다.
P2P의 위험성이 대두되면서, ㅇㄹ, ㄷㅅ, ㄷㅎㅇㅇ 터졌죠... 근래에 ㅇㄴㄹㅊ 터졌죠...ㅇㄴㄹㅊ 대출미회수 300억입니다... 검찰조사들어가네요
줄줄이 터질꺼라고 봅니다. 제가 터졋다고 한곳은 진짜 업체가 터진겁니다...
이외에도 문제 업체가",https://www.ppomppu.co.kr/zboard/view.php?id=money&no=276729,,success,etc,"1인칭 P2P 투자 1년 경험담. '2~3천으로 시작해서 17년 연말 1억 훨씬 넘겼다', '1년 돌려서 본전쯤 될 것 같다' 등 구체적 수익/손실 기록. 연체 4천만원 보유 중이나 전체적으로 본전 수준 달성 예상. 실제 투자 포트폴리오 구성(저/중/고 위험 4:3:3) 및 업체별 연체 현황 상세 기술."
ppomppu_024,success_story,platform-labor,플랫폼 노동,0.95,0.92,False,ppomppu,경기가 진짜 안좋긴 안 좋은가봐요.3,"익명 죄송합니다.
전 사이트 닉네임 공통이라 특정이되거든요.
전 배달대행 합니다.
오토바이가 좋아서 시작했던 배달알바인데 어쩌다 보니 아직도 여기네요
배달일 시작할때만 해도 그깟걸로 밥벌이나 하냐 위험하고 몸상하고 그딴거 때려치라는 어른들만 많았는데
희안하게 올해 들어서 배달하면 한달에 얼마 버냐고 물으시는 분들만 많아졌어요.
그냥 얘가 밥이나 벌어먹고 살까? 하는 의구심에 물으시는 게 아니라
직접 해보고 싶으시다고 문의하는 분들이요.
그것도 주로 50대 이상 되시는 분들이네요.
보통은 심심풀이로 혹은 부업 삼아 라고 말꺼내시는 데
처자식 먹여살릴려면... 이라는 진중한 분들도 계십니다.
그래서 배달대행하면 얼마나 가져가는 지 아재들이 할만할지를 짧막하게 적어보려 합니다.
(사실 하지 않는 게 좋다는 말씀을 드리는 글입니다. 면대면에선 좋게 좋게 반대의견을 말하기 어렵거든요.)
일단, 저야 순수 월 400 정도 가져갑니다만, 저희 동네에서 탑클래스입니다.
제가 속한 업체에서도 일단 1,2위 하고 있고, 구역 전체로 따져도 저와 동등 혹은 더 많이 가져가는 분은 10명이 채 안되는 걸로 알고 있습니다.
제 관점에서 배달 대행이나 해볼까 하시는 분들께 권하지 않는 이유를 서술해보겠습니다.
1. 반응속도.
배달 대행이나 퀵의 시스템은
고객이 오더를 넣는다 -> 배달 시스템에 등록된다 -> 배달 기사들이 리스트 중 빠르게 처리할 수 있는 것을 접수한다
인데요.
퀵이야 배차까지 시간이 좀 있지만, 배달 대행은 1분, 1초가 급한것들입니다.
그래서 보통 배달대행 어플에 나타나는 리스트는 엥간히 밀리지 않는한 등록후 1초 내에 접수됩니다.
일감이 적은 11시~오후 5시 사이에는 손이 느리면 일도 못합니다.
근데 50대 이상 나이가 드시면.... 느리죠.....
일 하고 싶으셔도 못합니다.
일감이 많아져서 다소 밀리는 저녁시간이되면 좀 잡으실수 있습니다만,
멀고 묶어 가기 까다로운 돈 안되는 것들만 잡게 되십니다.
스마트폰 터치해서 일 잡는 것도 개개인의 능력이기때문에 관리자들도 무리하게 잡아두는 게 아니면 별 터치를 안합니다.
앞에 있는 애가 하루 15~20만원 찍는다고 해도 누구나 다 되는 것은 아닙니다.
2. 예의
저희 업체에도 50대 되신 아저씨 한분이 처음이지만 해보겠다고 오신 적이 있어요.
그리고 하루도 못채우고 퇴사하셨습니다.
물론 첫번째 이유는 상술한 일감 못잡아서 인데,
배달 대행에는 은근히 고등학생이 많고.... 애들은 담배를 피웁니다.
아저씨가 정의감이 넘치셨는지 사람은 예의를 갖춰야 한다고 생각하셨는지는 모르지만,
그 애들은 부모 말도 안들어서 하라는 공부 안하고 배달하고 있는 애들입니다.
이유야 어찌되었건 무모한 시도였고, 적응 못하실거 같다는 이유로 조용히 집으로 보내드리는 것으로 마무리되었습니다.
그런꼴 나는 못 본다!
라고 하시면 배달대행은 시도하지 않는 것이 정신건강에 이롭습니다.
3. 재투자
나이 드시고 오신 이유야 돈이겠죠....
돈 있고 오토바이 한번 타보고 싶으셨으면 두건 쓰고 할리데이비슨 동호회 가입하시거나 BMW 매장에 가셨을 거구요.
배달대행은 생각보다 오토바이에 많은 투자가 필요합니다.
빠른 배달을 위해 불법주행도 많이 일어나지만, 기본적으로 급가속, 급정지가 되야 합니다.
급가속 급정지가 잘 되려면 타이어, 브레이크, 구동계 등에 은근히 많은 돈이 투자됩니다.
지금같이 겨울에는 비싸더라도 윈터타이어를 껴야 안전하고 빠르게가 가능하구요
순정 브레이크 패드 보다는 브랜드 상급 패드 사용하는 게 급정지에 도움이 됩니다.
엔진오일도 주에 1번은 좋은 것으로 갈아주는 게 권장됩니다.
이런 소모품들이 순정보다 적게는 2배에서 3배 4배 비쌉니다.
투자한만큼 돈이 된다기 보다 투자한 만큼 안전에 도움이 되는 건데....
보통 그말씀 많이 하시더라구요... ""이걸로도 괜차너~ 타이어 이 상태면 2천은 더 써!""
그래서 날라가셔서 목뼈가 작살나고 손가락 잘리신거같아요.
차가 들어오는 게 보이셨으면 멈추시면 될것을...
타이어랑 패드는 좀 좋은거 쓰시래니까....
이해 안 되는 건 아닙니다.
회당 2만원 짜리 엔진오일 대신 5천원 짜리 광유 넣으면 애들 책 한권이라도 더 사줄수 있고
짝당 10만원짜리 타이어 대신 3만원 짜리 타이어 끼면 애들 1주일 동안 고기 반찬 해줄수 있었을 겁니다.
그럼 뭐하나요. 사고 한방에 다 끝나는데요....",https://www.ppomppu.co.kr/zboard/view.php?id=soho&no=19857,,success,etc,"본인이 배달대행으로 '순수 월 400 정도 가져갑니다'라고 명시하며, 업체 내 1~2위 수준의 구체적 경험과 수익을 서술. 50대 이상 문의자들에게 권하지 않는 이유(반응속도, 예의, 재투자)를 실제 사례와 함께 상세히 설명. 1인칭 성공 후기이나 타인에게는 비추천하는 현실적 조언."
ppomppu_025,success_story,talent-freelance,재능·프리랜서,0.95,0.92,False,ppomppu,"[잡소리]타이어 뱅크 사건처럼, 컴퓨터도 쪽도 얼마나 해먹고 있는지 걍 끄적이고 싶어서 끄적 끄적합니다.36","본업도 컴퓨터 HW 개발 직군이지만... 부업으로 컴퓨터 수리하는 1인입니다.
타이어 뱅크 보면서 고질적인 서비스업의 바가지, 바꿔치기 등등이 만연한거 보면서...
뻘글 끄적입니다.
네이버 광고와, 모어플을 통해서 부업을 하고 있습니다.
아래 사진처럼 제 평가가 상당히 좋습니다.
제가 그렇다고 저렴하지 않습니다.... 1시간~2시간 작업에...
3~5만원 청구해요...
대신에 정말 확실한 불량 아닌 이상에는.. 교체 안합니다....
롬라이터기 가지고 다녀서.. BIOS 손상까지도 현장에서 걍 수리해버려요, 의외로 BIOS 교체 또는 Rewrite 하면 해결 되는 경우 많아요
As기간 남은 부품에 대해서는 고객과 SN 조회해서 보증여부 확인하고, AS 대행접수 또는 그거 감안해서 제가 가지고 있는거 설치하고 부품 가격 어느정도 빼드려요...
피치 못하게 부품 고장난거면.. 인터넷 최저가 돌리고... 10~20%, 또는 1만원 내외 수준 마진 넣어서 판다고 하면... 90% 고객들은 수긍해요...
물론 불만 제기하는 분도 있구요, 1~2시간 씨름하고 3만원 청구하는 것도 비싸다고 머라하시는 분도 있어요...
근데 아래 처럼 평가 좋았던 분들이.. 사실 이전에 눈팅이 경험했던 사람들이구요.. 그 숫자가 엄청나다는 거에요... ㅋㅋㅋㅋ
컴퓨터 포럼 분들이야 전문가도 많고, 어느정도 관심 있고 조사하시는 분들이여서 의야 하시겠지만.... 진짜 많아요...
후기 쓰는 분들 다수는 눈팅이 당하셨던 분들입니다. ㅠㅠ
#눈팅이 본 케이스들..
Case1.
10년된 본체... AS기사 3명 다녀가고... 40만원 가까이 쓴 고객도 있었어요 ;;;
전 수리 거부했는데.... 그냥 사시라고.. 근데 그동안 수리한게 아까워서. 수리하시겠데요....
웃긴게.. 한달동안 3번 고장났는데.. 이전 기사들이.. 잠수 탄데요.. 또는 딴거 고장났다고 다른 부품 교체 요구한데 컴XX, 컴## 체인점에서요...
마지막 기사는 이미 보드 교체로 18만원 가져갔으면서, 추가 부품 머시기 머시기 바꾸고 하면 32만원 정도 더 주셔야한다곸ㅋㅋㅋ
무슨 부품인지도 모르겠지만 ;;;
Case2.
그래픽 디자인쪽 하시는 고객님, 용산서 컴터 사서. 사고 나서부터 계속 고장나서 저가 5번째라고 해요...
i7-7700, 1080ti 쓰는 컴퓨터인데.. 메인보드가 H110이에요... 파워는 듣보잡이구요.... 케이스도 어디서 싸구려더라구요..
첨에도 그랬냐고 물어봤는데 ;; 고장 몇번 나서 기사 부르고 하다보니.. 부품들 계속 바뀌였데요...
케이스도 합선 일어난다고;; 바뀌였데요 ㅋㅋㅋㅋㅋㅋㅋㅋㅋㅋㅋㅋㅋㅋㅋㅋㅋㅋㅋㅋㅋ
여지껏 100만원은 넘게 수리비 썼데욬ㅋㅋㅋㅋㅋㅋㅋㅋㅋㅋ
파워도 해처먹고, 보드도 해쳐먹고, 케이스는 이해 안되지만 해처먹은거 같고......
Case3.
제일 흔한케이스, 메모리 접촉 불량으로 탈착 후 재장착만 해도 해결되는 것인데 ;; 기사들 부르면.. 보드고장, SSD고장, 원인도 다양.. 비용도 다양.
근데 중요한건 기본 12만원 부터 시작하더라구요 ㅋㅋㅋㅋ
쭉 하면서 느끼는 건데.. 정말 눈팅이도 많고, 부품 바꿔치기도 많고.. 그래요..
보통 초보자들이 부르니깐요... 그분들은 잘 몰라요.. 그래서 정비 직군 해먹을려면 많이 해먹을 수 있어요..
고객에 따라서 호구는 정말 있으니깐요....
물론 전업이 아니여서. 돈버는게 절실한 편은 아니에요 ;;; 물론 돈버는게 좋아서 부업하는 것이지만... 그래서 생존을 위한 급여는 회사에서 주니깐요..
그런데 그런게 있더라구요...
#양심껏하면 좋은점
몇년에 한번 보는 관계가 되지만... 단골이 생겨요, 이거 무시 못해요.. 주변도 소개해줘요...
그리고 90%의 고객들은 잘 설명해주고 타당성 이야기하면 이해해줘요...
출장 나가서.. 기름값에.. 이동시간 계산하면 아무리 단순건에 근거리라도.. 1시간~2시간 소요된다고하면.. 3만원은 기본적으로 다들 이해해줘요..
기분이 좋아져요.. 칭찬 받거나.. 돈을 더 주시거나, 음료 챙겨주시거나,  그런것들 받으면 마음이 훈훈해져요..
물론 경우에 따라선 고객이 사기꾼 취급하더라도.. 양심에 캥기는것도 없고, 법적으로 걸릴 것도 없기에 떳떳해요..
물론 부업으로 하니깐 배부른 소리다 막 그러실 수 있어요.... 먹고 살기 급급한데.. 저렇게 해서 언제 돈버냐??? 할수도 있겠죠....
근데..
부지런하면 어느정도 상쇄
되요.... 가만히 손님 오는 것만 기다리면 굶어죽어요...
네이버, 블로그, 당근, 어플
돈 크게 안들여도 어느정도 홍보
되요
8월달에 휴가 1주일 포함... 12일정도.. 하루에 3~7건씩 죽어라 했어요... 인천에서 용인까지.. 대략 동선 맞춰서.. 막 다녔어요...
몸은 죽어나긴 했지만... 교통비 및 부품값 제외 283만원 벌었더라구요... 물론 데이터 복구 하는 거랑, 학원 컴퓨터 22대 정비 및 업그레이드, 아프리카 TV BJ분꺼가 크긴 했지만요
-> 아프리카 TV BJ분꼐서는 ;;; 통이 크셔서 PC 반출 금지, 불필요한 데이터 열람하지 않았으면 좋겠다 하시며, 새벽출장 고생이라며 30만원 더주더라구요, 종종 부르시겠다고 ;;; (이건 잡소리입니다 ;;;)
전업으로 돌리고.. 병원, 학원, 기업체 몇곳 등등 관리한다면.. 600~700정도는 벌꺼 같더라구요,
대로변이 아닌, 외곽에 저렴한 임대료 사무실 얻는다면 월세도.. 그리 안비쌀꺼구요..
솔찍히 이정도도 못하겠다.. 정말 양심껏 팔아서 장사 안되겠다 하면;;; 잔인한 이야기지만 장사 접으셔야 해요..
사람마다 체질과 특기가 있거든요.... 자영업은 정말 홀로서기인데.. 홀로서기가 안된다면... 직장 및 직업 들어가셔야죠...
.
#양심 팔면 나쁜점.
사람들이 그렇게 바보가 아니에요... 뒤늦게라도.. 자기가 당한거 아는 사람들이 대다수에요... 단지 귀찮거나.. 쫄보이거나 해서.. 컴플레인 크게 안하는거지..
다 알거든요.... 당하면 다신 안불러요... 수리라는게 지역사람들 장사인데... 그렇게 몇사람 누적되다 보면... 더더욱 장사 안되요...
정말 한명 제대로 걸리면.. 법적 처벌 받아요...몇만원 몇십 더 벌겠다고... 소송",https://www.ppomppu.co.kr/zboard/view.php?id=computer&no=605831,,success,etc,"본인이 '본업도 컴퓨터 HW 개발 직군이지만 부업으로 컴퓨터 수리하는 1인', '네이버 광고와 모어플을 통해서 부업', '8월달 12일 하루 3~7건씩 283만원 벌었다'는 구체적 1인칭 수익 경험 서술. 양심적 운영으로 단골 확보 및 지속 가능한 부업 성공 사례."
ppomppu_027,failure_story,investment,투자(주식·코인·부동산 등),0.95,0.92,False,ppomppu,큰 손실 이후 2~3년간 존버의 결과 입니다.31,"2025년은 저에게 너무나 큰 수익과 행운이 찾아온 한해 였던 것 같습니다.
지금까지 겪었던 마음 고생을 기록으로 남겨두고 두번 다시 똑같은 일을 반복하지 않기 위하여,
그리고 지금의 여유를 조금은 자랑하고 싶어서 글을 써보고 되었습니다.
저는 경남의 중견기업 15년 이상 근무중인 외벌이 일반 회사원입니다. 결혼은 하였고 초등학생 아들 하나를 두고 있습니다.
대학 졸업 후 다행히 지금의 회사에 취직하여, 결혼도 하고 아들하나를 키우고 있습니다.
2019년 나름 돈도 모아 3억 좀 안되는 아파트를 구매하며 담보 대출로 1억을 갚아 나갈 목표로 아파트도 구매하였네요.
와이프의 씀씀이도 크지 않아, 계획대로 돈을 모아나갈 수 있을 예정이었습니다.
아파트 대출을 거의 다 갚아갈 시점 이었던 것 같네요. 그러던 중 저희 아버지께서 여유 돈이 생기셔서 저에게 5천만원을 빌려 주시면서, 제가 투자를 해보라고 권유하셨네요.
당시 10년 이상 주식하면서 크게 하지는 않았지만, 매년마다 몇백~천만원 이하 단위로 조금씩 벌어 실패할꺼라 생각은 하지도 못하였습니다. (10여년 전 삼성중공업으로 천만원 손실을 보았으나, 하이닉스 2만원대에 사서 3만원대로 복구 한적은 있었습니다.)
그렇게 아버지께 빌린 돈 5천만원과, 신용 대출 5천만원으로 주식투자가 시작되었네요. (당시 금리는 성에 차지 않아 예금은 하지 않았습니다.)
하지만 얼마지 않아 21년 코로나와 함께 주식으로 2~3천만원의 손실이 순식간에 발생하였고, 빨리 복구 하려는 욕심이 생겼습니다.
수익율이 낮더라도 시드를 불리면 되겠다는 생각에 신용 대출을 6천만원을 추가로 받았습니다. 손실이 있어 대출을 제외하고 약 1억 3천만원 원금으로 종목을 찾게 되었지요.
당시 코로나는 주식 시장에 충격이었지만, 코로나로 인한 위생 장갑 수요 증가로 인해 석유화학주식은 사상 최고가를 향해 갔던 것 같습니다.
그때 친구가 다니던 금호석유화학을 눈여겨 보았고, 사상 최대 수익 뉴스와 함께 친구에게 물어보니 생산 라인이 쉴세 없이 돌아간다는 이야기를 듣게 되었고, 사상 최대 이익은 주주에게 돌아갈 수도 있다는 이야기를 검증 없이 너무 쉽게 믿었던것 같네요.
2~3천만원의 손실을 한번에 만회할 수 있는 빛이 보이는 것 같았습니다.
원금 1억 3천만원, 거의 다 갚았던 주담대 1억 다시 변경. 거기에 신용을 처음 써봤습니다. 배당 예상은 3500~4000만원 수준이 목표였고. 주가가 20만원 정도에 주식가치는 5억원 정도였던 것으로 기억합니다. 당시 저로써는 말도 안되는 금액을 빌렸고, 대주주가 된듯한 기분에 우쭐해지기도 하였습니다.
당시 배당 받는 기간인 한,두달만 잠시 빌려쓰고 중도 상환 수수료 1% 정도는 충분히 감당할 수 있다는 계산이었고. 그대로 실행하였습니다.
하지만 현실은 달랐네요. 실제 배당은 2900만원 수준이었고, 배당락일 이후 주가는 배당을 반영하여 3~4프로 떨어졌던 것 같습니다.
실질적으로 남는 돈이 없는 상황이 되었고, 최대 실적이 이어질 줄 알았으나, 주가는 지속적으로 하락하였고, 담보 부족 메시지가 오면 반대매매를 당하면 안되는 줄 알고 신용 구매 주식을 팔고, 손실은 현금 구매 주식으로 메꾸는 상황이 반복되었습니다. 시드가 커졌다 보니 주가가 1~2%만 하락하여도, 원금이 금방 줄어들더군요. 하루에 2천만원 이상 손실 봤던 날도 1~2일 있었던 것 같습니다.
그런 상황이 오니 현실을 도피하게되고 계좌가 꼴도 보기 싫어 처다보지도 않게 되더군요. 그러다 반대매매 당하고. 다행이 미수 발생시 거래가 막힌다고 알고 있어 거래 가능 상태는 유지 했었습니다.
그렇게 -2~3천만원 손실을 -7~8천 손실로 키웠습니다. 그러고도 정신 못차려 당시 유행하던 2차전지에 들어가 또 다시 -2~3천 날린 기록이 있네요.
악몽 갔았던 21년을 1억원이 넘는 손실로 마무리 하였습니다. 남은건 2억 1천만원 대출에, 아버지 자금 5천만원, 주식계좌에 약 1억원 잔고가 남았습니다. 코로나때 대출 금리가 4~5%로 치솟아 월 이자가 180만원 정도 였던것 같습니다.
부끄러워서 와이프한테 말도 못하고 혼자서 끙끙거렸습니다.
하지만 다른 방법이 딱히 있지도 않았고, 다른 부업을 해야하는 생각도 가졌었네요. (본업과 병행해 부업하시는 분들 대단하시다고 생각합니다). 2억 빚이 크지 않을 수도 있지만 저에게는 너무 큰 부담으로 다가왔습니다.
그렇게 다시 생각난 방법도 결국은 주식투자였습니다. 하지만 이번엔 짧은 기간 수익이 아닌 장기간으로 투자를 해보자고 생각하였습니다. 위의 손실도 제가 목표한 단기간에 원하는 수익 금액을 얻겠다는 거였는데. 지금 생각해보니 말도 안되는 기준이었네요. 제 생각대로 움직이지도 않는 시장을 제가 어떤 근거로 예측하고, 수익을 실현하겠다고 생각한건지... 지금 생각해보면 한없이 어리석었지만 이미 발생산 손실을 바꿀수도 없었습니다.
그리고 다음 방법은 내가 잘 아는 주식을 하자였습니다. 평소에 군사 및 국방 장비 관련 유튜브를 즐겨보고 있었기에 방산 장비는 어느 정도 알고 있었습니다. 그래서 사게된 주식은 항공항공우주, 당시 미국 차세대 훈련기 사업에 큰 기대가 있었고, 그외 여러나라에 FA-50 판매가 예상되고 있었지요, 그리고 추가로 KF-21을 개발하고 있었고 2026년? 27년에 양산단계였기에 그 기간동안 버텨보자는 생각이었습니다.
하지만 버티기도 쉽지 않았네요. 월 이자 180 ~ 200만원에 + 생활비 200 수준을 버티기가 만만치 않다보니 주식을 조금씩 처분하면서 버텼던것 같습니다.
회사에 같이 이런 저런 이야기나 잡담을 나누는 동생이 있는데, 그 동생이 항상 했던 말이 형님처럼 하면 절대 안된다. 지금이라도 미국 주식 지수투자와 같이 배당을 늘려나가야된다라는 잔소리를 꾸준히 들었습니다. 하지만 이미 많은 빚이 있는 상황에 그대로는 손실 복구에도 너무 많은 시간이 걸릴 것으로 예상되었습니다. 여러 생각이 들었어요. 이제 곧 있으면 초등학교 가는 아들의 학원비도 못 줄것 같아서 미안하고. 여유 있게 생활비도 주지 못해 와이프한테도 미안했는데 당시 와이프랑 사이도 안 좋아져서 너무 힘든 22, 23, 24년을 보냈던것 같네요.",https://www.ppomppu.co.kr/zboard/view.php?id=stock&no=318630,,success,etc,1인칭 주식투자 실패담. '21년 코로나 시기 신용대출+주담대로 주식 매수 → 1억원 이상 손실 발생 → '월 이자 180만원 + 생활비 200만원 버티기 힘들어 주식 처분' → '22~24년 힘든 시간' 명시. 수익 종결 없이 손실과 부채 부담만 기록됨.
ppomppu_031,failure_story,offline-sidejob,오프라인 부업,0.85,0.9,False,ppomppu,[펌] 제발.. 밀키트 창업 하지 마세요(이건 노예짓입니다)71,"제가 오지랍이 넓어서 일부러  창업자분들을 일부러 막을려고 하는게 아닙니다.
제가 남의 인생에 굳굳이 신경써서 하지 말라는게 아닙니다.
더 이상의 밀키트 관련 본사들의 사기짓에 노예화 과정을 까발리려고 하는 겁니다.
1. 프랜차이즈도본사도 소매점도 너무 진입장벽이 너무 낮습니다.
(밀키트는 1등 2등 브랜드가 없습니다~ )
걍 먼저 진행했냐 안진행했냐의 차이이지 어딘 살아남고 다른데는 죽는다?
개소리고요 다 죽어요 본사가 튼튼하고 믿을곳은요 이런 전문점같은거 안해요 꿈 꾸지 마세요 ! 걍 자본 투입해서 밀키트 공장지어서 유통채널 다각화를 하지
소매점 운영하면서 로얄티 걷으면서 양아치짓 하는 사업구조가 아닙니다 . 뭘 어디빼고 살아남는다? 되도 않는 헛소리입니다.
파리바게트나 뚜레주르의 창업 진입장벽이 높은 구조도 아닙니다 생지를 만들수 있는 능력정도는 되야 장수하는거죠~
밀키트 전문점이란게  뭔 소스공장 하나있어서 파생된 프랜차이즈나 , 아웃소싱 연결해주고 쳐 먹는 구조인데 어딘 살아남는다니 걍 어디든 이건 하면 안되는 사업아이템입니다.
막비닐에 야채넣고 2~3일 파는게 신선하다? 그만큼 관리하는거다?
절대 개인 소매점에서 매일 야채 손질 못하죠 만들기는 하겠죠? 근데 야채는 미리 손질되어 있는거라 도긴개긴입니다.
신선한걸 진공포장해야 더 신선하게 먹는거지 집에서 요리하다 남은거 막비닐에 보관하면 어때요?
냉동햄 해동시켜서 막비닐에 비닐장갑하나 끼고 막 소분.. 아휴.. 뭐 업글해서 진공으로 넣어주는데 있지만 그 조차도 아웃소싱이라 계속 ~~~~ 본사도 쳐먹고, 아웃소싱 업체도 쳐먹고, 물류 넣어주는곳 조차도 아웃소싱이라 다쳐먹고.. 거기에 전문점 점주들은 소비자가로 야채까지 사서  마진률 더 쪼그라 들고
더 신선하게 보관할려고 지퍼백이든 진공용기로 넣고 야채 칸에 왜 넣는건지?
2~3일 남는거 어떻게 생각하세요?
진공포장할 경쟁력이 없는거에요.
소자본으로 할 수 있는게 절대 아닙니다.
자체유통도 못하고 아웃소싱주는 허접한 본사(회사 맞나요?ㅋㅋ ) 발주를 넣어도 D2일 D3일전에 넣어야합니다 ㅋㅋ 이거 진짜 정부에서 쎄게 먹여야합니다. 능력도 갖추는거없이 사람들 기만하고 본사?ㅋㅋ  어떤데는 냉장식품도 걍 냉장탑차가아닌 일반 탑차에 옮기는데도 봤습니다. 우리는 다를거다 1등브랜드다? 이 사업아이템자체가 1등브랜드가어딨어요 .프레시지 같은곳이 1등기업이지 . 어떤데는 프래시지 상품진열하고 파는대도 봤네요 ㅋㅋ
본사가 아닙니다. 사무실 하나 임대해놓고 . 아웃소싱으로 만든 ~ 소스만 보내줍니다
이 소스요 흔하디 흔한거라  롯데마트나 이마트 가면 다 파는 소스들이에요 .. 거기서도 마진을 쳐 맥이니 소스 자체도 가격 경쟁력 없습니다. (밀키트 소매점이 이윤이 박한 이유중 하나고 , 소비자들에게도 싸게 팔 수 없는 구조입니다.)
이 소스 하나 보내놓고~ 본사 업무는 없습니다~ 죄다 여기 저기~ 아웃소싱 업체들하고만 연결해주는 구조입니다.
이 얼마나 봉이 김선달 스럽습니까? 밀키트 본사가 많은 이유가 이거죠.. ( 걍 사무실 임대하고 홈페이지 만들고 소스만 업체컨택하든지  소스공장에서 직접 밀키트 프차 운영하는곳도 있죠 )
야채는 직접 또 마트가서 사는거에요 직접 . 소비자들하고 같이 어우러져서~ 걍 소비자가로~ 야채사고, 소스 사서 포장해주는 겁니다
밀키트 원팩으로 받아봐야 의미 없습니다 (신선도 문제 . 가격경쟁력 문제 ) 이것 조차도 아웃소싱 ㅋㅋ 마진을 얼마나 쳐맥이는지 걍 점주들만 죽습니다.
살다 살다 이렇게 본사가 많은 아이템 ... 왜 인줄 아시겠죠? 이건 뭐 투자한것도 없으니 망해도 타격이 없어요~
2. 밀키트 판매 구조가 소매로는 버틸 수 없습니다.
좋은 아이템이면 이미 대기업에서 가맹사업 합니다 . 백종원도 손절한 사업구조 아이템입니다.
몇 군데 본사는 거리제한이 450m ~에서 500m 입니다. 소매로 버틸 수도 없는데 같은 브랜끼리도 경쟁해야 하는 구조입니다.
밀키트는 많은 메뉴 .박리다매 . 빠른 회전률이 성공요인입니다.( 이건 소매점에서 할수 없는 구조입니다.)
밀키트 4가지~6가지도 혼자 제대로 하실려면 못합니다~ 자 인제 손님들이 느끼죠 메뉴가 없다는 걸 ..
자 생각해보세요~ 밀키트 4~6가지에 들어가는 식자재들 . 이게 소매로 혼자서 가능한것일까 곰곰이 생각해보세요~
콩나물, 배추, 팽이버섯, 표고버섯, 느타리버섯, 감자, 고구마, 애호박, 무, 청양고추, 청경채, 마늘다지기, 김치, 양파, 대파 ,깻잎 등등을 매일~~ 손질 해줘야합니다.
거기에 떡이며 , 닭이며, 돼지고기며, 당면이며, 햄이며 아우...  재료가 몇가지를 10평공간에 밀어넣고 !
매일 마트를 가셔서 야채 사가지고 오셔서 씻고 세척하고 자르고 절단하고, 회전 안된 야채들은 눅눅해져서 사용 못하면 폐기하고 이 짓거리만해도 3~4시간 걸려요
아 보면 대충하는 소매점들도 많죠 워낙 사람들이 다양하니~ 근데 그 곳은요 사람들이 두번 다신 안가죠
생각해보세요 밀키트의 생명은 야채의 신선도인데 많이 포장해놓고 신경 안쓰는 사람들 더러 있죠 심지어 유통기한 도장으로 찍어놓고 눈에 대충보고 야채만 바꾸고 밀키트 재포장하는데 널렸을겁니다 . 이영돈이 봤으면 진즉 대만 카스테라 꼴 나는거죠
근데 소름끼치는것은 매출이 없어도 저시간입니다~ 혼자 못해요~ 야채 다듬고 나면 소분해야하고요. 별 짓거리 다해야 합니다~ 많이 만들어서 돈을 많이 벌어서  바쁜게 아니고~ 메뉴가 6가지만 넘어가도 이거 하다가 저거하고 전환하고 설겆이하고 다른 야채 다듬는데 하루 종일 걸리는겁니다~  비효율이에요
메뉴가 잘나가면 문제가 없는데 여러메뉴중 예측도 안될뿐더러 손 놓고 있기에는 매출이 안나오니 이건 뭐 진퇴양난의 구조입니다.
근데 대기업 밀키트는요 ~ 야채 대량사입해서 공장에서 다이렉트로 작업하는 구조로 애초에 밀키트는 공장형 아이템입니다. 절대 소매가 이길 수 없는 구조입니다.
3. 마트에서 파는 대기업 밀키트 회전율과 할인율
소매에서 만드는 밀키트는 실링을 박는순간 3일안에 그 제품을 팔든지 폐기하든지 둘 중하나입니다.
자 생각해보세요~ 대기업 밀키트는 야채 회전율과 포장지부분에서 이미 야채 신선도는 대기업 승",https://www.ppomppu.co.kr/zboard/view.php?id=soho&no=24886,,ambiguous,etc,"1인칭 시점으로 밀키트 소매점 창업 실패 경험을 상세히 서술. '노예짓', '점주들만 죽습니다', '소매로 버틸 수 없습니다' 등 강한 부정 표현과 함께 야채 손질·재고 관리의 비효율성, 본사 구조의 문제점을 구체적으로 폭로. 백종원 손절 언급 및 대기업 밀키트와의 경쟁 불가 주장으로 실패 종결 의도 명확."
ppomppu_032,success_story,etc,기타,0.6,0.85,False,ppomppu,회사다니면서 사업도 병행하는데 회사를 못그만두겠어요137,"나이 40대이고
대학 졸업이후 계속 직장생활만 하다가
역시 애생기니 월급만으론 부족해서
3년전에 소일거리로 부업을 시작했고
달달이 5만원 20만원 50만원 200만원 벌다가
어느새 올해 평균으로 따졌을때 월 1000만원을 벌게 됐습니다
역시 다니는 직장의 월급은 300만원 정도로 박봉
하지만
사업소득 1000만원에 고정수입 300만원은 보험 느낌도 있고 매출이 적을때 버팀목이 되는 소득원이기도 하고요
월 1000만원 소득이 있으면 회사 왜다니냐? 이런 생각도 하시겠지만
위에 말했듯 안정적인 300만원을 버릴수가 없드라고요
그리고 사업소득 월 1000만원이 언제까지 유지된다는게 보장되는것도 아니고요
그래서 너무 고민인게
회사 다니면서 시간 버리지 말고 그 시간을 사업에 투자해서 소득 올리는 가치있는 활동을 할까?
사업 그거 미래를 보장 못한다 힘 닿는데까지 회사생활 병행하면서 안정적으로 생활해야할까?
사업 선배님들 또는 투잡하시는 분들은 어떤 계기로 어떤 결정을 하셨는지
조언 부탁드립니다.
내일부터 추워진다는데 모두 감기 조심 코로나 조심 하세요",https://www.ppomppu.co.kr/zboard/view.php?id=soho&no=24461,,success,etc,본인이 3년간 부업으로 월 5만원→1000만원까지 성장시킨 1인칭 성공 경험. 구체적 수익 추이와 본업 병행 고민 서술. 다만 사업 종류 미명시로 카테고리 특정 불가.
