description,from_file,full_text,full_text_length,keyword,link,remove_reason,source,title
,community,"""마짱!""
달리느라 가빠진 숨을 고르며, 병실의 문을 연다. 병상에는 환자복을 입고 있는 나의 담당 애스턴 마짱이 있다.
멍하니 창밖을 보던 그녀가 내 쪽을 돌아본다.
""아...""
""다행...다행이다...""
교통사고가 있었다는 말을 들었을 때는 심장이 철렁이는 기분에, 입원했다는 병원 이름을 듣자말자 차를 몰아 달려왔다.
환자복을 입은 모습에 다시금 등골이 서늘해지는 느낌을 받았지만 다행이 그녀는 겉으로 보이는 상처나, 깁스 등은 보이지 않았다.
""아, 아니지. 교통사고는 겉으로 보이지 않는 부상이나 후유증이 남을 수도 있으니까. 확실하게 검사를 받자.""
""그렇네요...""
""그래도 크게 다치지 않은건 다행이야. 정말로, 정말로 걱정했어.""
""네...""
그렇게 대답하는 마짱의 표정이 좋지 않았다.
어째서인지 석연치않은, 어딘가 안절부절한 모습.
""괜찮아? 혹시 어디 아픈 곳이라도 있어?""
""아뇨. 괜찬아요. 단지, 그....""
마짱은 조금 불안하게 눈동자를 움직이다가, 말했다.
""당신은...의사 선생님인가요?""
* * *
""CT도 MRI도 찍어봤지만 특별한 이상은 없었습니다.""
의사 선생님의 말씀으론 약간의 찰과상 정도가 전부. 사고의 규모가 작지는 않았지만 우마무스메 특유의 튼튼함으로 큰 부상은 피했다고 한다.
뇌진탕이나 내출혈 등 보이지 않는 위험에 대한 검사도 진행하였지만, 방금 말한대로 특별한 이상은 없었다.
""하지만...""
""아마도 심인성...사고 당시 충격에 의한 일시적인 기억장애로 판단됩니다.""
사고 현장에 대해 자세히는 듣지 못했지만, 다른 피해자들 중에는 상당한 중상도 있었다고 한다.
마짱도 실려올 당시에는 의식을 잃었다고 하니, 그저 튼튼한 것 뿐만 아니라 엄청난 행운으로 부상을 피했다고 하는게 맞을 것이다.
그러나 그 행운의 댓가...라고 하는건 어폐가 있겠지만
마짱은 상당한 기간의 기억을 잃었다. 대략 요 몇년, 구체적으론 트레센에 입학한 후의 기억 대부분을.
물론 내가 그녀를 처음 만나고, 스카웃해서, 함께 달려온 시간들도 포함해서.
그 뒤로도 의사 선생님이 여러가지를 설명해주셨지만, 내용을 간략히 요약하자면
안정을 취하고 기억이 돌아오기를 기다리라는 것이었다. (만화처럼 충격을 준다던가 해선 안되는 경고도 하였다. 당연히 할 생각 없었다만)
조금 늦게, 연락을 받은 마짱의 어머님이 도착하였다. 나는 죄송하다는 말밖에 할 수 없었다.
그녀는 나를 질책하거나 하지는 않았다. 오히려 자기보다 먼저 병원에 찾아와 준 것에 감사하다는 소리를 들어버렸다.
....상냥함이 조금 괴로웠다.
마짱의 어머님은 담당의와 조금 더 이야기할 것이 있다고 하셨기에 나는 홀로 병실로 돌아왔다. 마짱네 어머님은 의사라 들었는데, 아마 그와 관련된 것이 아닐까 추측하였다.
병실문을 노크하고 열자, 마짱이 핸드폰을 바라보다가 시선을 돌린다.
""그게...음~ 트레이너 씨, 인거죠?""
""...응. 맞아.""
""아까는 실례했습니다.""
알고 있는 그 아이의 표정이 맞는데도, 조금 다른, 거리감이 있는 모습에 조금 가슴이 아파온다.
""괜찮아. 그보다 마짱은 어때? 뭐하고 있었어?""
""마짱은 조금 자아 탐색을 하고 있었답니다~""
그러면서 그녀는 핸드폰 화면을 보여준다. 화면에는 애스턴 마짱의 우승 기사를 스크랩한 블로그의 글. 얼마 전의 스프린터즈S에 관한 것이었다.
""이건...""
""마짱은 마짱의 이름을 검색해보았답니다. 에고서치랍니다?""
""말 그대로의 자아탐색이었구나.""
""그러다가 이 기사를 찾아냈답니다. 놀랍게도 마짱은 G1 경기에서 우승한 것 같습니다?""
""의문문으로 말해도 말이지...정말로 우승했으니까.""
""거기다가 이 블로그, 마짱의 기사에 4컷만화도 잔뜩이네요. 팬 분인걸까요?""
""....응. 분명 그럴꺼야.""
""마짱의 팬...인 거군요.""
그녀는 스마트폰의 화면을 뚫어져라 바라보고 있다. 그 눈빛에는 놀라움이 서려있다.
마짱은 어린시절부터 잊혀지지 않는 것을 바래왔다고 한다.
그렇기에 마스코트가 되고자 했고, 그 중에서 레이스의 길을 선택했다. 단순히 레이스에서 이기는 것을 넘어, 모두에게 기억되는 레이스를 하는 길을.
나는 그런 그녀를 돕기 위해 트레이닝 외에도 여러방면으로 지원하였다. 가령 홍보물을 만들거나, 인형탈을 만들거나,
그녀의 일상을 담은 4컷만화를 블로그에 올린다던가...
....마짱은 처음 본다는 표정으로 흥미진진하게 그 블로그를 탐방하고 있었다.
""신기한 기분이네요.""
""신기한?""
""저는 분명 어제까지 어떡하면 온 세상에 마짱을 기억시킬까를 고민했는데, 눈을 떴더니 모두 이루어진 기분입니다. 시간 여행을 한 걸까요?""
그녀의 기억은 트레센 입학 전까지로 되돌아가 있다고 한다. 그 때와 비교해서 클래식의 끝자락에 있는 지금을 비교하면, 마짱을 기억해주는 사람들은 어마어마하게 늘어났으리라. 그녀는 확실히 미래에 온 기분일 것이다.
""응. 마짱은 열심히 달렸고, 그 성과로 많은 분들이 성원을 보내주고 있어.""
""그렇군요....그럼 1가정 1마짱 인형은 성공한 걸까요!?""
""열심히 나눠주곤 있지만 아직 거기까진 힘들지 않을까?""
""그런가요. 아쉽네요.""
""그보다 그 계획 굉장히 오래전부터 구상했었구나...""
그로부터 마짱은 블로그의 글들을 빠르게 되짚어가기 시작했다. 달려왔던 경기들, 단거리로의 노선 변경, 함께 뛰었던 라이벌들...
""아, 그리고 이런 것도 있어.""
나는 스마트폰의 방송용 어플리케이션을 연다. 마짱이 일상 기록을 남기거나, 팬들과 소통할 때 사용하는 것이다. 나도 당연히 팔로우 하고 있다.
물론 지금 당장 방송을 켜는 것은 아니고, 이전의 방송 기록을 보여주었다.
""이건...마짱인가요?""
""맞아. 대회의 전후라던가, 이벤트 참여 때에 직접 소통하곤 했었어.""
""글자랑 이모지가 어마어마한 속도로 올라가고 있어요.""
""많은 분들이 와주셨으니까. 여기 숫자 보이지? 그 때의 최고 시청자수야.""
""엄청난 숫자...! 마짱은 월드 클래스가 된 걸까요?!""
""아직 거기까진 아니지만.""
""그런가요. 아쉽네요.""
아쉽다며 말하지만 마짱의 눈은 반짝반짝 빛나고 있었다. 화면 속에는 웃으면서 팬들과 소통하고 있는 '애스턴 마짱'의 모습이 비춰진다.
막연한 우승 기사보",17227,부업 성공 후기,https://gall.dcinside.com/mgallery/board/view/?id=umamusme&no=1641280,부업 키워드 부족 (2/5),dc,[괴문서] 너가 먼저 잊어버리면 어떡하냐고zzzz
,community,"월 100만원정도 나오는 부업이면 꿀임?
모바일에서 작성
ㅇㅇ
(119.200)
2026.04.27 21:06:54
스크랩
조회 199
추천 0
댓글 0
방송인들 부업 느낌으로 100만원 버는애들 꽤잇던데
추천검색
추천 비추천
0
0
개념 추천
개념 비추천
0
실베추
공유
스크랩
신고",159,부업 월 100만원,https://gall.dcinside.com/mgallery/board/view/?id=firefighter&no=1380355,부업 키워드 부족 (2/5),dc,월100만원정도 나오는부업이면 꿀임?
,community,"월 100만원정도 나오는 부업이면 꿀임?
모바일에서 작성
ㅇㅇ
(119.200)
2026.04.27 21:06:49
스크랩
조회 163
추천 0
댓글 0
방송인들 부업 느낌으로 100만원 버는애들 꽤잇던데
추천검색
추천 비추천
0
0
개념 추천
개념 비추천
0
실베추
공유
스크랩
신고",159,부업 월 100만원,https://gall.dcinside.com/board/view/?id=policeofficer&no=2127105,부업 키워드 부족 (2/5),dc,월100만원정도 나오는부업이면 꿀임?
,community,"월 100만원정도 나오는 부업이면 꿀임?
모바일에서 작성
ㅇㅇ
(119.200)
2026.04.27 21:06:46
스크랩
조회 65
추천 1
댓글 0
방송인들 부업 느낌으로 100만원 버는애들 꽤잇던데
추천검색
추천 비추천
1
1
개념 추천
개념 비추천
0
실베추
공유
스크랩
신고",158,부업 월 100만원,https://gall.dcinside.com/board/view/?id=comic_new6&no=4075553,부업 키워드 부족 (2/5),dc,월100만원정도 나오는부업이면 꿀임?
,community,"[일반]
월 100만원정도 나오는 부업이면 꿀임?
모바일에서 작성
ㅇㅇ
(119.200)
2026.04.27 21:06:42
스크랩
조회 61
추천 0
댓글 2
방송인들 부업 느낌으로 100만원 버는애들 꽤잇던데
추천검색
추천 비추천
0
0
개념 추천
개념 비추천
1
공유
스크랩
신고",159,부업 월 100만원,https://gall.dcinside.com/mini/board/view/?id=soopsosopbj&no=6467456,부업 키워드 부족 (2/5),dc,월100만원정도 나오는부업이면 꿀임?
,community,"은 주방위군
월 1회 주말 소집으로 30만원
연 1회 2주 동원 훈련있는 달은 +100만원
2주 나가서 100만원은 별로 아니냐 하겠는데
다니는 직장이 제대로 된 곳이면 유급처리까지 해줌
- dc official App",122,부업 월 100만원,https://gall.dcinside.com/mgallery/board/view/?id=singlebungle1472&no=2325783,부업 키워드 부족 (1/5),dc,미국에서월30만원짜리부업
,community,"히키코모리들이
성인이 되었음에도 사회생활 안하고
집에서 게임만 쳐 하다가
용돈 받아쓰기 눈치보여서
본인이 직접 게임재화 팔아서
담배값이나 하던건데
똑똑한 20대들이
실업급여의 헛점을 노려
8개월(실근무180일초과) 일하고
4개월 실업급여(약160만원 시절) 타면서
게임으로 나머지 충당(월 +50~100)
이게 코로나 터지면서
대부분 직장인들이 유급휴직 또는
무급휴직(나라에서 70% 지원) 맞아서
3040도 쌀먹에 합류하게 됨
이 기간이 약 3년 가까이 길어지면서
생계형쌀먹, 쉬었음청년이 늘어남
위드 코로나 이후 적응된 사람들은
5년간 실업급여 최대3회로 제한되면서
매년 반복하던걸 2년마다 할 수 있게되고
최소연봉 직장인이나 알바들도
부업으로 하루 몇시간씩 쌀먹하게 됨
지금은 생계형 쌀먹과 쉬었음 쌀먹때메
극한의 효율을 추구하게 되었고
이를 제외한 일반 쌀먹들은
월 100만원
내외의 부수익이면 만족을 함
즉 쌀먹은 월 50-100만원정도면 충분하다
그래야 생계형 쌀먹이나 쉬었음 청년들이
돈이 부족해서 알바라도 하지
현재 공장에서도 외노자한테 일자리 뺏기고
사이버 세상에서도 외노자한테 일자리 뺏기는게
현실임",569,부업 월 100만원,https://gall.dcinside.com/mgallery/board/view/?id=lineage2classic&no=601915,부업 키워드 부족 (3/5),dc,애초에 쌀먹이 생겨난건
,community,"캐시백먹었음?
아뇨
월 얼마씀?
의류 리셀하는거 부업 삼아 해서 카드 결제 자체는 월 100만원 넘게씩 함
한달 내로 다 팔리다 보니까 지출?이라고는 생각 안하는 편
프카나 마일찾음?
아뇨
세금개많이냄?
아뇨
관리비냄?
ㄴㄴ
주유비얼마?
25만원 + 신한 딥오일 발급받아서 쓰는중
통신사 어디 얼마?
LG알뜰폰 만육천원
갤럭시임?
아이퐁 근데 갤럭시로 갈아탈의향있음
무슨카드있음?
신용카드 신한딥오일
나머지는 체크카드(네이버페이)
해외직구/여행 얼마나자주 얼마씀?
일본 최소 1년에 네다섯번?
여행용 카드는 트래블로그 쓰고, 주로 청주공항(에어로케이)에서 가서 마일리지적립 없음
차 대출 이번달에 끝나서 차량고정비는 보험비+주유비 정도
시골에서 혼자 살아서 주로 인터넷 쇼핑이 메인이고
오프라인 소비는 하나로마트 + 주유소가 전부인것같음
인터넷 간편결제를 많이 하다보니까 탭탭디지털 관심있었는데
생각보다 효율 안좋아서 로카 라잌잇 조금 관심 생겼음
다들 주식 오르세요 빨간창 보세요 감사합니다",499,부업 월 100만원,https://gall.dcinside.com/board/view/?id=creditcard&no=598597,부업 키워드 부족 (4/5),dc,미천한 저에게 정보를 알려주실 신용카드 마스터를 찾습니다
,community,"[일반]
도보로 한달 350개 쳐도 월 100만원이 안되네
앱에서 작성
쿠붕이
(118.235)
2026.04.12 22:19:36
스크랩
조회 227
추천 1
댓글 7
부업인데 오토로 바꾸면 150은 찍으려나
- dc official App
추천검색
추천 비추천
1
0
개념 추천
공유
스크랩
신고",167,부업 월 100만원,https://gall.dcinside.com/mini/board/view/?id=coupangeats&no=566708,부업 키워드 부족 (2/5),dc,도보로 한달 350개 쳐도월100만원이 안되네
,community,"보통 몇마리로 시작해?
지금 운영중인 샵, 테라핀 전문 브리더들 첫 시작부터 10마리 20마리로 시작하진 않았을텐데.
암2 수1로 시작해서 5년 뒤부터 소소하게 용돈벌이 생각하고 들어가면 되는건가...
아주 똥퀄 박리다매로 파는건 그냥 취미 수준일거같은데
걍 똥퀄 5만원에 던진다 생각하고 테라핀 여러마리 키워볼까?
근데 이건 찻집에서도 수요가 없겠지..?
부업으로 월 100만원정도 나오면 진짜 취미 할 맛 나겠는데..",235,부업 월 100만원,https://gall.dcinside.com/board/view/?id=reptile&no=966437,부업 키워드 부족 (2/5),dc,테라핀 지금 들어간다고 가정했을 때 (부업)
,community,"월 100만원이 증발항게 생겼어
머리아프다
추천검색
추천 비추천
0
0
개념 추천
개념 비추천
0
실베추
공유
스크랩
신고
원본 첨부파일
1
6ae33709d72b57a746468ad1120c24f4.jpg",115,부업 월 100만원,https://gall.dcinside.com/mgallery/board/view/?id=professional&no=700339,부업 키워드 부족 (2/5),dc,부업끊길거 같은데 어떡해해야지
,community,"그냥 초반에는 내경험상 주식 공부하면서
지출 아끼고 부업해서 시드모으는게 정석임
몇천따리로 좆빠지게 움직여봤자
부업 한번 추가해서 월 100만원 버는게 더 빠르거든
그런계산이 끝난애들은 이미 주식 존나잘하는애고
시드 좆도없는데 머리싸매가면서
쓸거 다쓰고 주식해서 집사고 차사겠다는 놈들은
이미 마인드부터가 글러먹어서
주식시장에서 곧 나가리임.
버핏도 한화 약 1.4억정도를 일단 시드로 모으라고 했고
그전에는 죽기살기로 돈모으라고 했음.
어찌됐든 주식시장은 현명한 놈들만 살아남는다.
1억 미만은 그냥 쥐좆시드 연습장용이맞음",293,부업 월 100만원,https://gall.dcinside.com/mgallery/board/view/?id=stockus&no=14827035,부업 키워드 부족 (3/5),dc,몇천따리로 주식하는새끼들 컴온
,community,"대학생이라
금토일만 배달함
전자타는데 공도로 달리긴 눈치보이고
자도도 잘 안돼있고 인도마저 개쫍은 동네라
오토 살까 고민인데
금토일 부업으로 월 100만원 안쪽 용돈벌이하는데
오토바이 사는거 오바인가",111,부업 월 100만원,https://gall.dcinside.com/mini/board/view/?id=coupangeats&no=522195,부업 키워드 부족 (3/5),dc,대딩 전자붕이 오토 살까 말까
,community,"부모 등골 다 빼먹으면서
월 100만원씩 용돈받으며 졸업도 안하고
30살까지 스트리머 하겠다고 존나 나대다가 ㅈ망해서
31살에 겨우 졸업하고
단 3개월만에 좆좆소지만 초봉 4000 조금 넘게 받고 갔음
업계가 좀 특수해서 가능했지만 어쨌든
니들도 분명 할 수 있음
그리고 그 스트리머 하겠다고 나댔던 시간에 배워놓은 편집기술도
요즘 부업으로 잘 쓰이는 중
여튼 취업 어렵지 않음
방향성만 잘 맞으면
니들 고3때 노력의 70%만 써도 취직 될거임
화이팅 하셈
그리고 버튜버는 보지 마라 인생에서 도움 안됌",281,부업 월 100만원,https://gall.dcinside.com/mgallery/board/view/?id=chzzk&no=10069329,부업 키워드 부족 (2/5),dc,아까 취업 어려운거 맞냐고 글싼 갤럼인데
,community,"그래도 꽤 되는거지? 수익은 월 100만원 이상은 꾸준히 나와서 부업으로 하고 있어
추천검색
추천 비추천
2
0
개념 추천
개념 비추천
1
실베추
공유
스크랩
신고",91,부업 월 100만원,https://gall.dcinside.com/mgallery/board/view/?id=creator&no=185006,부업 키워드 부족 (3/5),dc,평범한 직장인 기준 구독자 3만명이면
,community,"안녕하세요. 작은 광고대행사 다니면서 영상 촬영, 편집하고 광고 집행하는 디붕이입니다. 1년 뒤에 취미 + 부업으로 영상 촬영용 카메라 구매하려고 합니다. 예산은 아래와 같습니다.
1. 카메라 적금: 월 40만원 12개월, 총 487~ 489만원
2. 여유자금: 100만원까지 가능
= 총 580 ~590만원(렌즈 포함)
제가 중고 매물 보는 눈이 없어서, 가능하다면 신품으로 알아보고 싶습니다.
영상/사진 비율은 8/2입니다
주로 부동산 촬영 많이 하고, 모델하우스 내부에서 촬영합니다. 회사 카메라가 A7M3 + 1635g f4 g고, 주로 4k 30p로 촬영합니다.
인테리어 촬영을 주로 하되, 아나운서 인터뷰, 투어 영상도 촬영합니다. 비율은 7 : 3 정도입니다.
지금 장비로 촬영을 하면 느껴지는 염증은 아래와 같습니다.
1. 실내 저조도 환경에서 ISO를 불필요하게 늘리게 되는 것 같다.
2. 아나운서 촬영시 표준줌이 절실하게 필요하다. (광각줌 렌즈로 아나운서 인터뷰도 따게 되는데, 회사에서 표준줌을 사주질 않네요.)
3. 모델하우스에서 조명을 못까는 경우가 좀 많다. (직원들이 방해하거나, 사람이 너무 붐비면 삼각대도 펴기 힘든 경우가 있습니다.)
제가 개인 소유하고 있는 장비는 아래와 같습니다.
1. DJI RS4 MINI (아나운서 촬영용으로 아이폰을 올리기 위해 개인적으로 구매)
2. T7 Shield 1TB (그냥 집에 있습니다)
인터넷 서핑과 GPT를 통해 얻은 견적은 회사별 1가지씩, 총 4가지입니다. 바디 + 광각단렌즈 + 표준줌렌즈 구성입니다.
1. 소니 A7IV + 시그마 14mm F1.4 DG DN + 시그마 28-70mm F2.8 DG DN
2. 캐논 R6M2 + RF 16mm F2.8 STM + RF 24-70mm F2.8 L IS
3. 니콘 Z6M3 + 빌트록스 AF 16mm F1.8 (Z) + 니콜 Z 28-75mm F2.8
4. 파나소닉 S5M2X + 시그마 14mm F1.4 DG DN (L) + 시그마 28-70mm F2.8 (L)
또한 여기에 광각단렌즈를 라오와 15mm F2 Zero-D (L)로 가라는 의견도 있었는데, 시그마 14mm를 대체하고 바디를 한단계 더 좋은걸로 가는게 나은지도 알고 싶습니다.
후보정은 편집툴에서 채도 대비 노출만 조정하고 있습니다. 다만 RAW 워크플로를 경험하고 싶기는 합니다.
1년 뒤에 어떤 신제품이 나올지, 어떤 기종이 얼마나 감가될지 모른다는 것은 충분히 이해하고 있습니다. 다만 현시점에 이 예산으로는 어떤 선택을 할 수 있을지 궁금합니다. 부디 고견 부탁드립니다.",1273,부업 월 100만원,https://gall.dcinside.com/mgallery/board/view/?id=digitalpicture&no=1803417,부업 키워드 부족 (2/5),dc,A7V 사면 개 호구인 이유
,community,"안녕 나는 곧 40 코앞인 남자야
최근 답답한 마음에 익명의 힘을빌려 여기라도 털어나보려고
우리 부모님은 고등학교때 이혼하셨어
이유는 첫째로 어머니의 외도 둘째로 외가식구한테 아버지몰래 3억원가량 빼돌림
어머니가 바람핀 상대를 A라고 할게
A는 아버지 가게에서 일하는 배달직원이었고 어머니보다 10살 어리셔
바람현장을 아버지가 급습했고 어머니,A 둘다 모텔에서 깨알닥 벋고게셨음 (친가식구들도 그현장에 같이출동해서 그 모습 다 목격함)
당시에 어머니는 아버지가 의처증이라고 자식들한테 거짓말을 했음
A랑 엄마랑 둘이 도망가려고 집보증금 가지고 날른적도 있음
여차저차 여동생과 나는 당시에 바람난걸 안믿어서 아버지가 문제구나 생각했어
어머니랑 나랑 여동생 이렇게 셋이 생활했고 아버지는 다른 도시로 혼자 이사가서 사셨어
협의이혼당시 재산분할
1. 어머니: 30평대 수도권 아파트1채, 양평에 땅 대략 3천평, 현금 1억원가량
2. 아버지: 수도권 50평대 단층상가, 서울에 30평대 빌라, 현금 5천
* 매 월 양육비 어머니에게 150만원 지급약속
이렇게 재산분할 해준것도 아버지가 우리들 생각해서 해주신거래
당시 난 고2 여동생 중3이었고 그땐 엄마가 하도 아버지 욕을해서 아빠를 미워했어
보증금 500에 월세 40짜리 반지하 투룸에서 세식구 같이살았어 나머지 돈은 엄마가 장사하는데 쓰임
외가식구들한테 빼돌린 3억원은 외가형제들 빚갚는데 다쓰임 (작은삼촌 사채, 큰삼촌 장사빚)
그렇게 살다가 나 군대휴가때 엄니몰래 깜짝? 이벤트로 엄마가게에 방문했는데
오잉 ? 그때 아버지가 말한 A가 엄마랑 같이 딱 달라붙어서 술을먹고있내?
그때 처음알았어 고2때 아버지가 말한 바람핀게 사실이었구나...
(그날 난 그 A랑 대판싸움)
바로 아버지 집으로 갔고 1년간 아버지랑 같이 살았어
(그 당시 아버지 담배/술 다 끊고 노가다 뛰시면서 자기생활비 10만원 빼곤 우리 생활비쓰라고 엄마한테 전부 보내고 있던걸 처음알았어..)
+ 롯데타워 꼭대기층 공사현장에서 목숨걸고 일해본적도 있으시대 ㅠㅠ
어머니가 미안하다고 근 1년간을 계속 찾아오셔서 용서하고 다시 24살에 엄니집에서 살기시작함
뭐 27까지는 그럭저럭 평화롭게 지냈음 (2년 공뭔준비도하고 학교도 졸업하고~)
아! 26살에 수도권에 아파트 산다고 내명의 융자좀 받아달라고 하셨다 (이때가 시작인듯)
대충 3억정도...? ㅋㅋㅋ... (아버지가 이거해주면 다신 자기볼 생각하지 말라해서 거절했어)
28살 첫 취업하고 2달만에 엄니가 신용카드를 만들어달래
4~5개월쯤 지날땐 현금서비스 500만원 이야기하심
그 후 50만원 ~100만원 자잘히 계속 빌려가셨음
그러다 취직한지 9개월? 쯤 됬을때 월세내라고 하셨어 (월 60이었나.. 70이었나 기억이안나)
그래서 원룸월세 1000/50짜리 구해서 나왔어 (당연히 모은돈 제로, 아버지가 천만원 지원해주심)
모은돈이 없을수 밖에 없었던게 월 170만원 벌으면 쓸돈쓰고 저축을 해야하는데 어머니가 족족 가져가심 ㅠㅠ 경제관념이 이때 박살난듯
월세 살면서 5~6개월에 500모으면 엄마가 홀라당 빌려가고
또 5~6개월 모으면 300 홀라당 가져가시고 (명목상은 빌려가신다고함)
그렇게 2년쯤 다니다 돈도 안모이고 이직하고 싶은 마음에 그만둠..
* 이때는 내가 월급을 250정도 받으면 괜찮을꺼다! 생각했던거 같어
퇴직하고 1주일만에 퇴직금 빌려달라하심
퇴직금 빌려주고 그 담주에 150만원 또 빌려가심
그리고 이직회사 첫 출근날 80만원 또 빌려가심 .. (퇴사하고 1달도 못쇰 ㅠ 돈도없어서 할것도 없었음)
내 나이 30살 이때부터 어머니가 본격적으로 부릉부릉 시동을 거심
매년 여름마다 장사안되서 50~100만원 달라~ 뭐 사달라~ 통신비가 없다~ 쌀값이 없다~
식당 테이블/의자 교체, 식기교체, 식기세척기 구매, 라디에이터 교체, 병원비 등등
30~34살 사이에 짜잘하게 20만원 ~ 300만원까지 너~~~무 많아서 이제 생각도 잘 안나
34살 그당시 연봉이 이것저것 4천만원이었어 아버지 도움 2천만원 받아서
원룸보증금+아버지도움+내가 겨우겨우모은돈 해서! 청년전세대출 받아 3룸으로 이사함!
너무 행복했음! 가전도 인터넷 저렴한거 였지만 냉장고 세탁기 침대 등등 다삼! 내힘으로!
차도 국산소형 SUV지만 할부넣고 구매함 ! (할부금 월 30만원가량)
그 이사날 어머니가 도와주시긴 커녕 .. 이사내내~~ 돈 이야기만 하셨어
돈좀빌려달라고 ㅠㅠ 흑 .. 결국 이때도 한 200도와드린걸로 기억함
너무~~~ 괴로웠어 물론 동생은 나보다 더심하게 괴로웠음!
여동생 23살 취업해서 28까지 번돈 퇴직금 포함하여 싹다 엄마가 털어감 ^^
당시 셋이살때 동생이 생필품 집관리비 다내던거였어 (난 진짜 몰랐어)
물론 동생도 아파트 융자받아달라고 엄니가 그랬고 안해주니 미친년 불효자년 등등 별이야기를 다들었대
동생 빚까지 지게해서 아버지가 다~~갚아주고 동생 5천만원 주면서 살아가게 하심.. (아버지 미안합니다..)
충격적인건!!? 엄마가 돈빌린곳이 너~~~~무 많다는거야
외가식구들 한테 총 3~4억가량 빌림! (삼촌들+이모)
할아버지 유산으로 5천만원가량 받으셨고! 할머니한테도 대략 7~8천만원 받으심!
정부대출 1억 + 신용대출 + 마이너스통장 + 사채 + 신용카드 등등 ..
전부~~~~~~~ 우리 고2때부터 지금까지!! 이곳저곳 장사하시면서 다~~~~~~말아드심 ^^
물론 아버지가준 아파트, 땅 , 돈? 이미 나 20대 중반에 증발~
더 충격적인건 그 바람난 A씨 있지? 아직도 같이산다 ㅋㅋㅋㅋㅋ
근데 제작년에는 그 A씨 병원비 없다고 내가결제하고옴 (약100만원?)
작년에는 엄마 병원비만 천만원 꺠짐 ^^ (건강검진, 치과, 당뇨 등등)
물론 30살이후부터는 동생이랑 어느정도 반반부담했어
근데 더웃긴건 이런 돈빌리는 상황에서도 가족행사, 생일, 추석, 설날 이런건 죽어도 꼬박꼬박 다챙김 ㅋㅋㅋ 자식들한테 대신 효도하게끔함 ㅋㅋㅋㅋㅋㅋㅋㅋㅋㅋㅠㅠ
결국 작년에 개인회생 진행했어 (물론 그 비용도 우리가 냄!)
다 털고 나니까 최소빚이 7천만원에 + 개인빚 1억정도 남았어 그거 열심히~ 갚고계신대
최근에 이사간다고 보증금을 달라고 하시내 ? ",3925,부업 월 100만원,https://gall.dcinside.com/board/view?id=sc&no=938452,부업 키워드 부족 (2/5),dc,나이40까지 고통받고있는 흙수저 사연 (긴글주의)
,community,"넷카마짓으로 월 100만원 부업 돈들어오면 시발 저게 창조경제지
편갤러
(118.33)
2026.01.22 02:26:54
스크랩
조회 67
추천 0
댓글 1
편의점알바 월280+넷카마짓100= 월380 좆되노
시바 뭐고
추천검색
추천 비추천
0
0
개념 추천
개념 비추천
0
실베추
공유
스크랩
신고",168,부업 월 100만원,https://gall.dcinside.com/board/view/?id=cs_new1&no=8173017,부업 키워드 부족 (2/5),dc,넷카마짓으로월100만원부업돈들어오면 시발 저게 창조경제지
,community,"저녁 미션만 깨면 주5일 저피만 해도 월 100만원 나옴
거기에 주거급여 근로장려금 더 하면 월 140~150 정도
공부 하면서 부업으로 하기에 이거보다 나은건 이 나라에는 없는듯
문제는 해가 갈수록 나라 내수 경제가 안 좋아지는 것 같다",133,부업 월 100만원,https://gall.dcinside.com/mini/board/view/?id=coupangeats&no=300211,부업 키워드 부족 (3/5),dc,내가 배달하는 이유
,community,"남들 다 200이상은 찍는데 왜 월 100만원도 안주는 편의점에 있으려고 하는거임??
편의점 알바는 걍 투잡 부업용도다 편의점 탈출하는 자가 진정한 승리자다",87,부업 월 100만원,https://gall.dcinside.com/board/view/?id=cs_new1&no=7813752,부업 키워드 부족 (3/5),dc,편의점 가지말고 마트에서 일해라
,community,"본업으로 대충 유명한 메던로 + 부업으로 신작이나 대충 유명한 뱀피르,로드나인
이렇게만해도
월 300은 버는데
평균 월 100만원나오는건 걍 취미로 쌀먹하는 사람들합쳐서지
순수하게 게임시간 10시간잡고 월 100만원 벌꺼면
사회나가서 공장가도 병신취급받고 쫓겨날 지능인거지",152,부업 월 100만원,https://gall.dcinside.com/mgallery/board/view/?id=aion2&no=49988,부업 키워드 부족 (4/5),dc,월100은 ㅅㅂ ㅋㅋ
,community,"넷플 보면서 딸칵딸칵 하면 월 100만원 부업 ㄷㄷ
ㅇㅇ
(121.172)
2025.09.08 18:58:56
스크랩
조회 83
추천 0
댓글 7
이런게 어딨노
신창섭 씨발 찬양해
추천검색
추천 비추천
0
0
개념 추천
개념 비추천
1
실베추
공유
스크랩
신고",145,부업 월 100만원,https://gall.dcinside.com/board/view/?id=maplestory_new&no=11233565,부업 키워드 부족 (2/5),dc,넷플 보면서 딸칵딸칵 하면월100만원부업ㄷㄷ
,community,"3트만에 겨우 들어가서 노베이스로 바닥 기다가 싸피 커리큘럼 알고리즘 최소한만 하면서 걍 혼자 프론트만 다 공부해서 나왔는데
3400받고 180명 규모 중소기업 들어감
나름 열심히 하고 운도 좋았는지 1년만에 5500받는 회사로 이직함 기타 멘토링 부업으로 월 20시간 100만원 정도 더 벌고 있고
현재는 토스 NEXT 직무 면접까지 합격해서 문화적합성 대기중
그 외에 경력 면접 기회는 네카라쿠배부터 내려오면 10번도 넘게 있었을 정도로 기회가 많더라
참고로 이력서에 싸피는 쓰지도 않음 ㅋㅋ 중도 퇴소기도 하고 아예 필요 없는 이력이라
하고 싶은말은 뭐냐면
걍 알고리즘 좀 안되고 거기서 후순위로 밀리는 거 같아도 개발 역량이라는게 어느 순간 포텐 터지느냐의 차이일 뿐이지
계속 하다보면 동일 연차 기준 상위 5%는 무조건 들어가게 되있음
다들 열심히 하자",426,부업 월 100만원,https://gall.dcinside.com/mgallery/board/view/?id=ssafy&no=3989,부업 키워드 부족 (2/5),dc,나 싸피 3트만에 붙은 10기 프론트인데 잘 사는중
,community,"우선 구미로 간다
보증금100 월세20 원룸에 드간다
아니면 그에 준하는 소도시로 가도 됨
아무튼 여기서 주거 해결
여기서 포트폴리오는 다양하게 짤 수 있지만 걍 쉽게 가자
schd80%
sgov20%
이렇게 짜면 가장 쉽게 짤 수 있음
schd슈드 욕 오지게 쳐먹지만 배당성장 자체는 팩트고 작동 제대로함
연8~12% 배당성장은 꾸준하게 함
3억으로 위 포트대로 짜면
2.4억 슈드에 6천 sgov인데
슈드에서 3.5%배당 기준 약 연670만원 세후배당(세금이랑 건보료 제함) 나옴
세금이랑 건보료는 isa 미리 세팅해서 줄인 결과임
이게 매년 10% 오른다고 러프하게 계산하셈
이러면 1년차엔 월 세후 56만원 배당금임
여기서 매월100만원 컷으로 생활비 세팅하면 부족분은 44만원인데 이걸 sgov에서 꺼내쓰면 됨
여기에 매년 인플레 감안한 실질 배당성장률이 5~9%정도 됨
걍 러프하게 7%잡으면 십년만에 월 세후배당금 100만원 넘어감
그전까지 부족분은 sgov에서 꺼내쓰면 주식시장이랑 무관하게 주식 지킬 수 있음
6천 sgov에 넣어놓고 부족분만 꺼내쓰면 10년 안에 배당만으로 생활비 충당가능해지고 오히려 단기채권에서 돈 남음
여기에 주2회 부업 이런거라도 해주면 금상첨화 ㅅㄱ",611,부업 월 100만원,https://gall.dcinside.com/mgallery/board/view/?id=stockus&no=11983722,부업 키워드 부족 (2/5),dc,3억 파이어 포트폴리오랑 의식주문제 해결해줌
,community,"[바보]
월100만원만벌어도팬박스함
앱에서 작성
snrnsepdy
2025.08.23 18:36:05
스크랩
조회 108
추천 0
댓글 4
부업ㅁㅊ
추천검색
추천 비추천
0
0
개념 추천
실베추
공유
스크랩
신고",118,부업 월 100만원,https://gall.dcinside.com/mgallery/board/view/?id=vr&no=4957342,부업 키워드 부족 (2/5),dc,월100만원만벌어도팬박스함
,community,"[일반]
하 악마의삶 대충 신뢰도 4개월남았어
앱에서 작성
로갤러
(118.235)
2025.08.05 17:58:13
스크랩
조회 70
추천 0
댓글 0
월 100만원 부업 끝나가는구나
- dc official App
추천검색
추천 비추천
0
0
개념 추천
개념 비추천
0
실베추
공유
스크랩
신고",167,부업 월 100만원,https://gall.dcinside.com/board/view/?id=lostark&no=18279658,부업 키워드 부족 (2/5),dc,하 악마의삶 대충 신뢰도 4개월남았어
,community,"[일반]
로아 지금 시작해서 월 100만원 벌기 가능함?
로갤러
(36.38)
2025.07.26 16:58:41
스크랩
조회 148
추천 0
댓글 15
부업으로 해보려고 하는데
투자 비용 얼마 들어감?
추천검색
추천 비추천
0
0
개념 추천
개념 비추천
0
실베추
공유
스크랩
신고",158,부업 월 100만원,https://gall.dcinside.com/board/view/?id=lostark&no=18256385,부업 키워드 부족 (3/5),dc,로아 지금 시작해서월100만원벌기 가능함?
,community,"본업이랑 투잡 부업해서 월천에서 -100만원 왔다갔다함
20초중반임
추천검색
추천 비추천
2
0
개념 추천
개념 비추천
1
실베추
공유
스크랩
신고",82,부업 월 100만원,https://gall.dcinside.com/board/view/?id=arbeit&no=6494340,부업 키워드 부족 (3/5),dc,쿠순인데월1000만원범
,community,"알바하는데 시간남아서 부업으로 쌀먹할 게임 찾고있는데
로아 계정 한개 사서 해볼려고함. 한 계정값 100만원 + 아이템 맞추는데 100만원 총 2백만원 투자하면
하루 3~4시간씩 해서 월 100만원 벌기 가능한 부분??",122,부업 월 100만원,https://gall.dcinside.com/board/view/?id=lostark&no=17952007,부업 키워드 부족 (3/5),dc,로아부업으로월100만원벌려면 투자 얼마해야함??
,community,"일년 유지비 천만원 ㅋ
전자 일년 유지비 100만원 ㅋ
부업 전자 하루 5시간만 타도
월 300만원 찍음 ㅋ
오토바이 월 300시간 일해도
콜없어서 유지비 빼고 200따리 ㅋ
차라리 경차 사서 배달해라
눈 비오면 돈쓸어담고
내구성 오토바이보다 좋아서
시동문제도 없고
솔직히 오토바이 일년 천만원 유지비 쓰느니
5년 풀할부 테슬라모델3 사서하는게
수익적으로 더 좋음 ㅋㅋㅋ
- dc official App",225,부업 월 100만원,https://gall.dcinside.com/board/view/?id=de&no=514743,부업 키워드 부족 (4/5),dc,아직도 오토바이 배달하냐?
,community,"채널 링크
토봉이
토봉이
www.youtube.com
어쩔 수 없이 롱폼 링크올리면 채널도 노출되서 그냥 올립니다.
스트리머가 글 올려보라해서 올림
타 직장 이직 준비 중이던 차에
스트리머
제의로 편집자로 일하게 되었습니다.
클립 잘 따니까 편집자로 와서 일해보자,
보수는 한 달에 10만원 주당 쇼츠 6개 정도만 지켜주면
자를 일 없고 평생 같이 가겠다.
채널 성장되면 5대5로 쳐주겠다.
대신, 익숙해지면 롱폼도 생각해야 한다.
부업 느낌으로 생각하지 말고 취미로 부담 없이 일단 시작해봐라
대신 초보편집자인거 감수하고 나도 하는거고 같이 채널 성장해보자.
하여 팬심도 있고 해서
아예 편집에 대한 지식이 없는 상태에서
9월부터
'처음으로'
편집을 시작하게 되었습니다.
형식상 계약서 작성만 하고 서명이나 날인은 안했습니다
(만나서 하기 위해 미룸).
8월(프리미어 프로 1년 값 일시불로 받음 - 프로그램 지원)
9월
(10만원 - 월급)
10월
(6만원 - 월급, 개인사정으로 미리 상의 후 소급해서 받음)
11월
(10만원 - 월급)
12월
(10만원 - 월급)
1월
(12만원, 인상)
~
2월
(월말지급 예정)
+
위는 제가 일한 기간과 보수인데요,
12월 부터는 롱폼으로 인해서 주당 1개 쇼츠로 줄이는 대신
롱폼에 시간 투자를 하기로 했습니다.
가끔 하루 늦게 입금되는 것 말고는 월급 미루는 건 없었구요.
프리미어 프로 (1년) 지원 받았으며, 타입캐스트(2번) 지원 받았습니다(베이직, 9900원)
여기서 추가적인 부분은
같이 성장하기로 하고 유튜브 지분은 5:5로 가져가기로 했어요.
원래(4:6(지인 썸네일러 지분1)) 이였으나 바꾸어서 5:5가 됐습니다.
썸네일러는 무급입니다.
쇼츠의 경우엔 주당 6개 해서 월 26개 정도
(개인사정으로 10월 쉬고 12월부터는 주당 1개씩 제작)
롱폼의 경우엔 30분짜리 하나
만든 상태이며
(편집점 잡아주지 않음, 사운드분리 X)
링크
https://www.youtube.com/
v/hQIxNgcdrQg"" type=""application/x-shockwave-flash"" width=""560"" height=""315"" allowfullscreen=""true"">
+
썸네일 제작자가
해외여행가서 업로드가 미뤄지고 있는
실정입니다.
2부 영상은 컷편집만 끝낸 상태입니다(원본 약 1시간).
연락 불시에 와도, 다 받았고.
피드백, 다 수용하고.
수정사항, 다 수용해서 작업했습니다.
연락 두절, 방송 약속, 거짓말, 시청자 문제 등등으로
이런저런 다툼이 있었으나 적당히 잘 굴러가는듯 보였습니다.
아, 중간에 부채널 편집자를 구하면서 프리미어 프로 공유하면 안되냐고 해서 또 다투기도 했었네요.
월급이 무급과 비슷하다 보니 본업을 구하고 부업 느낌으로
월 10~15분 영상 2개 가져가면서
쇼츠도 주당 1개씩 만들기로 하자고 하였습니다.
그런데 제가 받은 대답은 한달에 롱폼 2개 정도면 채널 성장에 영향이 가고
성장이 안될 수도 있다. 여기에 더해서
앞으로 너보다 열심히 하고 잘하는 편집자가 오면
떳떳할 수 있겠냐는 얘기가 나오면서 다투게 되었는데,
다른 편집자가 나타나고 나서 이야기해도 늦지 않는 이야기 아니냐,
12만원으로 한달에 10분이상
롱폼 4개정도 만들 수 있는 편집자 구해보고 나서 이야기해도 늦지 않다.
라고 하니 이건 그냥 저를 더 열심히 압박해서 자극시키려고 이야기했다고 하더라구요..
이건 당연한거고 당연한 압박이라 하는 태도를 보고 기분이 상해서
그냥 무급으로 하고 여유되는 대로 하겠다 하니 스트리머측에서
그건 싫다고 했습니다.
그럼
앞으로 챙겨주는 만큼만 편집하겠다 하였으나,
초급 편집자니까 지금까지의 보수는 합당하고 앞으로 유지할거라는
얘기가 납득이 되지 않아
내기를 하게 되었습니다.
인터넷에 올리고, 보수가 합당하지 않으면 적당한 가격을 찾아 정산받기로 하였고
보수가 합당하면 그대로 가기로 했습니다.
===========================================
스트리머측에서 원한 입장은
방송 훈수 X
과몰입 X
스트리머가 넣어달라고 한 내용)
9월부터 처음 편집 시작한 초보고,
투자한 돈 100만원 남짓인거에 비해
실제로 성과가 별로 없었고,
구독자 20~30명? 밖에 늘지 않았고 쇼츠 조회수도 최대 8800임.
양산형 쇼츠와 다를바 없음.
============================================
프리미어 프로 6개월 사용 18만원, 타입캐스트 2만원, 6개월 월급 총합 67.8만원
프로그램 지원비까지 포함해서 약 1달에 11.3만원 정도 받았네요.
없는 형편이라 돈은 못주는데 부채널 편집자는 주당 3만원(1달 13만원꼴)이라 더 격양된거 같네요.
초보라 성과가 없는건 할말이 없지만
720P 화질 문제(치지직 클립 다운로드 이용)랑 사운드분리(크게 신경안쓰임),
좁은화면 문제(폰으로 보면 문제없음)
삼았으나 이 방식이 좋다고 유지하자 해서 유지한건 좀 억울합니다.
요약)
1. 싸움
2. 월급문제 나옴
3. 정당한 보수인지 아닌지 내기하기로 하고 글올리자 함.
긴글 읽어주셔서 감사합니다.",2488,부업 월 100만원,https://gall.dcinside.com/mini/board/view/?id=videoediting&no=12899,부업 키워드 부족 (4/5),dc,제 보수가 합당한건가요? (진지함)
,community,"부업으로 월 100만원 자동화 시키기
이런거 강의하던데
실효성 있는 강의야?
연간 수강 구독료가 16만원 정도 하는데
한번 들어볼까?
해본 사람있음?
뭐라도 해야 되겠어서 찾아보고 있는데",104,부업 월 100만원,https://gall.dcinside.com/board/view/?id=jungsopd&no=1140430,부업 키워드 부족 (3/5),dc,클래스 101에서 강의해주는부업같은거 진짜로 실현 가능한것들임?
,community,"영화 한편 뚝딱
-----
다른 까페에 비슷한 글을 올린 적이 있습니다. 그런데 이 까페는 좀 조심스러웠습니다.
자격증의 유무와 직업에 대한 비하 및 논쟁으로 인해 괜히 휩쓸리거나 언쟁을 벌이고 싶지 않아서요...
그런데 자꾸 올라오는 글들을 보면 뭔가 문제가 있다는 생각도 들고....
직업에 대한 비하는 자기 자신의 밥그릇을 금이 가게 하는 일이라는 생각도 들고, 본인 스스로도 자부심이 없는데, 그 누가 존중을 해주겠냐는 생각도 들더라고요.... 까페에서 자주쓰는 용어인 ""호백병마 아리수(사수골대)""등에 대한 지극히 제 개인적인 생각을 써보고자 합니다. 마침 4회차 시험도 끝났고 다음 종목 덤벼들기 전에 시간이 좀 남아서요...
미리 말씀드리자면, 저는 자격증이나 스펙이 그리 뛰어나지도 않고, 그렇다고 실무도 그다지 뛰어난 놈도 아닙니다. 전기안전관리자로서 그저 어떻게 하면 감전 안당하고 안죽고 작업을 할 수 있나라는 생각만 하며 일을 하고, 손재주도 없는 똥손인 저로서는 무엇하나 뛰어나다고 내세울건 없지만, 적어도 제 일에대한 자부심과 주어진 여건에 맞춰 살아가고 그 여건이 제게 부족하다 싶으면 일궈내려 노력을 할 뿐입니다. 다시한번 말씀드리지만 저는 이곳뿐만 아닌 다른 까페에서도 난다긴다 하시는 분들에 비하면 발톱의 때 정도 밖에 되지 않지만, 직업에 대해 다시 한번 생각해보고자 글을 올립니다.
​
제가 마지막에 던질 물음들 전에 제 이야기를 해보고자 합니다. 이야기가 길어질 수도 있겠네요.
혹여 저를 아실 분들이나 누구에게 피해가 갈까봐 자세한 정보는 되도록 삭제하고 쓸 계획이다보니 추상적이고 두루뭉실 하더라도 이해해주십시요.
제가 이 글을 쓰는 목적은 난 이렇게 했다는둥 자기자랑을 하는둥(여기에 뛰어나신 분들이 너무나 많으신데 보잘것 없는 저의 자랑을 할 뻔뻔함은 없습니다. 그렇게 보이시더라도 오해 말아주시길...)
​
저는 군을 제대하고 아프리카에 5년정도 살다가(아주 먼곳에....유학과는 거리가 먼 가족의 일로 인해서였습니다) 한국에 들어와서 급하게 전기과가 있는 전문대를 입학하여 31살에 졸업을 하고. 보잘것 없는 학점이야 좋았지만 보잘것 없는 학벌의 학점이고 상대적으로 9~10살정도 어린 친구들과 경쟁해야 하다보니 취업이 쉽지 않았습니다.
어찌하다보니 졸업하고 학원의 아르바이트를 하며 응시자격이 되는 전기산업기사와 공사산업기사를 따고 지인의 도움으로 타지역의 신축 아파트를 관리하게 되었습니다.
​
1. 초보 아파트 전기과장
​
전구하나 교체해본적 없이 자격증만 덜렁따서 신규 아파트 단지에 전기과장이라고 갔는데, 그때 당시는 주변 과장들에 비해 나이도 어리고 곱상(?)하게 생겼다보니 시공 현장소장들이 만만하게 보더라고요.
소개해준분의 면도 있고, 초짜배기인 과장을 맞은 소장님에게도 실망을 드리고 싶지 않아 여러모로 나름 노력을 많이 하였습니다.
1) 각종 상황에 대비한 대응 매뉴얼 작성
2) 신축아파트인 관계로 인수인계 서명이 들어가야 하므로 몇시간이고 이해될때까지 설명을 시키고, 그림까지 그려가며 관리매뉴얼 작성
3) 밑의 주임님들 일도 모르면서 위에서 한가할수도없고, 본인도 안하고 할줄도 모르면서 그자리에서 앉아있다는 소리를 들을까봐 기사보다도 더 열심히 민원처리도 하고 짬날때마다 수시로 도면들고 여기저기 다니며 시설물파악하고 궁금한거 있으면 모아뒀다 해당 현장소장들에게 물어보기(한때 소장님이 제가 농땡이친다고 어디 짱박혀 있는건줄 알고 ""네 자리는 여기 사무실이다. 다른데 나가지 말고 업무를 봐라""라고 오해하면서 말씀하실정도로 사무실 일을 처리하는데로 짬나면 바로 뻔질나게 나다녔습니다. 그러더니 현장소장들도 자기파트 외에 문제가 생길때 사이안좋은 다른파트 현장소장보다 제게 묻기 시작하고 해결이 되니 점점 신뢰하고 존중하더군요. 푸닥거리도 몇번 했었지만. 소장님도 사실을 알고선 전폭적인 지지를....(후에는 저를 사위삼으시려고 딸이랑 많이 엮으시기도하고, 부모님들끼리 만나기까지...참 저를 아껴주시고 고마우셨던 분입니다.))
4) 항상 정전, 누수, 화재 등의 큰 사고에 대비해 수시로 머리 속에서 시뮬레이션을 해가며 상황발생시 당황하지 않고 대처하기(외곽쪽의 아파트라 외부 사고로 인해 정전이 30개월정도 동안 13~14번 정도 정전이 됐었죠. 짧게는 순간정전부터 길게는 3~4시간 정전까지. 다행히 매번 잘 복구했고, 다양한 정전상황에 대처능력도 올라갔습니다. 나중엔 주변에서 겪어보지 못하거나 특이한 정전상황이라 복구 못하는 과장들의 도움요청도 오더군요.)
5) 시간이 나면 주말에 지인찬스를 통해서 소규모 전기공사업체 사장과 같이 동행하여 목조건물이나 주택의 전기, 소방공사를 따라다니며 무보수 조수 역할을 하며 궁금한 사항은 일과 종료 후 사무실에서 물어봤습니다.(정신없이 공사하는데 방해하며 물어볼 엄두도 안나고 화다닥~빠르게 작업하고 말해주니 알아듣기도 힘들어서 마치고 물었죠. 다 지나가고 묻는데다 너무 자세하게나 초보적인것까지 물어볼수 없어 크게 도움은 안됐지만, 처음 생각했던 ""지어봐야 고칠줄도 알고, 어떻게 시공하는지 봐야 벽속, 땅속에 묻혀있는것도 알 수 있지"" 라는 부분은 어느정도 충족이 되어 나름 도움은 되었습니다. 자격증만 달랑따서 아무것도 할 줄 모르면서 저자리에 앉아서 그월급 받는다라는 소리는 듣기 싫었거든요)
6) 직위의 고하를 떠나 모르는것은 묻고 학습하기(기사분들도 나름의 노하우나 지식, 손재주가 있으시고, 경비원분들도 처음부터 그일을 하신게 아니라 과거 이 직종에 도움되는 스킬들도 가지신 분들 많습니다. 항상 서로 존중하고 밑에 사람이라고 자존심 세울게 아니라 필요할땐 고개숙이고, 배울줄도 알아야 한다고 생각했었습니다. 나중엔 그러다보니 격의없고 하나할거 둘, 셋 더 해주시고 좋았던거 같았습니다.)
7) 그 외 기타등등. 당시 전기과장치고도 급여가 작아 저녁엔 간간히 학원 알바를 뛰었습니다. 현재까지도 쭉 이어지고 있죠.
​
2. 인근 아파트로의 반복 이직
​
다른 이 계통의 사람보다 나이는 많고 경력이 적다보니 그걸 극복하기 위해서는 많은 현장을 보고 많은 대처를 해봐야 극복할 수 있다는 생각을 하고 있었지만, 상주안전관리다 ",15122,부업 월 100만원,https://gall.dcinside.com/board/view/?id=siseol&no=316966,부업 키워드 부족 (0/5),dc,귀감이 되는 ㅈ기기사의 삶 가져왔다
,community,"돈에 미친새끼면
미주갤 볼 시간에
당장 쿠팡 뛰고 있음
퇴근 하고도 부업으로 쿠팡 뛰던가
온라인 셀러같은 짓거리라도 함
월 50만원 100만원이라도 늘리려고
거기다 불필요한 지출 다 차단하고
오로지 저축-투자만 하는 돈미새들은
시드가 적을 수가 없음
어차피 사람 근로소득 거기서 거기임
- dc official App",177,부업 월 100만원,https://gall.dcinside.com/mgallery/board/view/?id=stockus&no=8945469,부업 키워드 부족 (3/5),dc,사실 시드 적다는건 핑계임 걍
,community,"댄스팀하면서 알바 투잡 뛰어가면서
다른 멤버 집에서 갠방 챙기고 모바일로 방송하고
컴퓨터 렌탈해서 원룸집에서 방송하던 꼬맹이가
차곡차곡 돈 모아서 강남권으로 이사까지하고
내가 쥬니 팬이면 ㅈㄴ 뿌듯할듯",112,투잡 성공,https://gall.dcinside.com/mini/board/view/?id=soopmusicstreaming&no=209699,부업 키워드 부족 (2/5),dc,쥬니도성공했네 내가 다 뿌듯하노
,community,"안녕하세요.
연재중단작
‘내가 바로 그 식칼 든 아가헌터지요’
를 썼던
‘독자는 하늘’
이라고 합니다.
본 해명문은 꽤 긴 내용으로 서술될 예정이오니 참고 부탁드립니다.
바로 본론으로 들어가겠습니다.
0. 네가 뭔데 해명까지 하냐.
주제 넘는 행동이라면 정말 죄송합니다.
저 또한 이 관심이 어젯밤이 지나면 차가워질 거라 생각했습니다.
하지만 불씨가 꺼질 듯 하다 약하게 피어나고, 계속해 반복하는 걸 보며 당사자인 제가 한 마디 얹어 저를 포함한 모두의 피로감을 종식시키고 싶었습니다.
동시에 그간 감사했던 만큼 드리고 싶은 말이 너무 많았습니다.
죄송합니다.
1. 연재 중단에 관한 소해
이 정도면 성적이 안 나오는게 아닌데 왜 연재를 중단하냐.
너한테는 과분한데 욕심이 너무 큰 거 아니냐.
독자님들께 드리는 설명으로는 공지글이 다소 불친절했다는 점, 우선 사과드립니다.
죄송합니다.
작품의 성장 가능성과 성장세를 확인하는 몇 가지 방법을 참조하겠습니다.
(1) 연독률
가장 중요한 지표입니다.
해당 지표가 무너지는 게 작가들에게 가장 큰 공포로 다가옵니다.
이유를 설명드리겠습니다.
1화 조회수가 10,000인 작품이 있다고 가정하겠습니다.
이대로 해당 소설이 평균 90%라는 연독률을 유지하는 소설이라고 가정해 보겠습니다.
2화 9,000. 3화 8,100. 4화 7,290. 5화 6,561. 6화 5,904 … 15화 2,287.
저같은 하꼬 기준에서는 상당히 이상적인 지표라 볼 수 있습니다.
(제 연중작은 이 정도 지표는 꿈도 꿀 수 없는 수준이었습니다.)
이대로 30화까지 달려 보겠습니다.
23화에서 984. 30화에서는 471이라는 조회수를 기록하게 됩니다.
최신화 조회수가 471, 이 중 인증 조회수를 80%라고 가정해 보겠습니다.
그럼 랭크에 산정되는 조회수는 약 376.
실시간 랭킹을 기준으로 약 190위 언저리에 속하는 지표가 됩니다.
현재 실시간 랭킹에서 약 190위. 170~200위에 속하는 작품들 중, 예시 작품과 회차가 비슷한 (30화 언더, 오버) 되는 작품들을 분석해보자면 1화 조회수는 약 3,000에서 4,000.
반면 제가 비교 분석을 위해 제시한 작품의 1화 조회수는 10,000.
그렇다면 연독률 90%는 눈에 보이는 수치보다는 현저히 낮은 지표라는 걸 알 수 있게 됩니다.
그렇다면 제 연독률은 어떻게 되냐.
해당 연중작의 연독률은 1~19화 기준
평균 약 84%
를 기록.
보시다시피 터무니 없이 낮은 지표를 기록하고 있습니다.
1화 조회수 4,546을 기점으로 20화 조회수는 391.
1->20화의 연독률은 총 8%,
유입된 독자님들 중 8%만이 최신화를 따라오고 계셨다, 라고 볼 수 있습니다.
(2) 최신화 조회수
어떤 독자님께서 지적해주신 부분입니다.
작품에 비해 과한 관심을 받았으니 지표가 무너지는 것이 당연하다.
최신화 지표가 무너지지 않으면 된다.
당연히
최신화 성장세 또한 무너지고 있었습니다.
(2월 11일 기준 최신화 조회수 420, 2월 12일 기준 420, 2월 13일 기준 410, 2월 14일 기준 381)
명절 연휴의 특수성으로 인해 떨어지는 것 아니냐. 이 정도면 얼마 하락하지 않는 것도 아니지 않냐.
그럴 때는 랭크 시스템을 확인하면 됩니다.
제 작품만 명절 연휴의 영향을 받는 것은 아니니까요.
마찬가지로 랭킹 또한 하락세를 마주하고 있습니다.
고로, 정리하자면 성적이 안 나오는 것이, 망해가고 있는 것이 맞습니다.
말씀하신대로, 또한 제가 말씀드린 대로 저는 ‘성적이 안 나와서’ 연재를 중단하는 것이 맞습니다.
2. 네 수준 낮은 필력과 허접한 소재로 대체 뭘 기대한 거냐?
욕심이 과한 것이 아니냐?
욕심이 과한 것이 맞습니다.
몇 의견처럼
‘최저 시급’을 목표
로 쓰기 시작한 글입니다.
하루 평균 4-6시간에 거쳐 글이 완성됩니다.
웃기죠?
읽는 데에 1분도 걸리지 않는, 심지어 별 재미도 없는 제 글이 최소 4시간은 투자해야 나오는 글이라니.
저도 쓰면서 이해가 잘 가지 않습니다.
스스로에게 참 안타깝지만 그것이 현실입니다.
다른 작가님들도 대게 1회차를 작성하는 데에 4시간 정도를 투자하신다고 들었습니다.
그래서 네 목표가 대체 뭐 였는데?
투잡으로 삼을 수 있을 만큼의 성적을 원했습니다.
말씀드린 대로 딱 최저시급만큼.
이게 주제에 비해 과분한 욕심이라 비난하실 거라면 드릴 말씀이 없습니다.
다만 생업으로 도전하는 작품에서 이 정도 욕심은 최소한의 동력이 아닐까.
감히 그런 생각을 해봤으나, 주제 넘는 생각이라면 또 한 번 사과의 말씀 드립니다.
죄송합니다.
저에겐 지금처럼 오랜 시간 글에만 매달릴 수 있는 시간이 길지 않습니다.
다시 또 치열하게 한 푼, 두 푼을 위해 움직여야 합니다.
단 한 번 정도 더 도전할 수 있는 기회를 잡기 위해 이번 작품을 포기하게 되었습니다.
그렇다면 작품에 대한 애정이 없는 것 아니냐, 지적하실 수 있습니다.
그렇지 않습니다.
여전히 사랑하고, 이런 관심은 생에 처음 받아 아직도 얼떨떨 합니다.
그렇기에 공지를 통해 볼품 없지만 작은, 남은 콘티를 공지에 모두 풀어 놓고 떠났습니다.
사랑이 없었으면 연재 중단한 그 시점에서 제 작품이 어떤 방식으로 썩어가든 아무런 관심도 없었을 것입니다.
하지만 제 생각은 이렇습니다.
세상은
사랑하는 일만 하고 살 수 없다
고 생각합니다.
저는 스스로 제 자신을 책임져야 할 대한민국의 성인입니다.
저는 17살 무렵부터 꽤 오랜 시간 다른 방식의 예술 활동을 했었습니다.
누구보다 진심이었습니다.
누구보다 먼저 작업실에 출근해 누구보다 오래 머물렀습니다.
남은 제 인생에서 그보다 더 열심히 살 수 있는 방법은 없을 정도로 최선을 다했습니다.
그 시절의 저보다 더 빛나는 순간은 죽을 때까지 찾아오지 않을 거라 생각합니다.
그렇게 사랑만 있으면 뭐든 다 될 줄 알았습니다.
열정만 있으면 작은 재능으로도 내가 꿈꾸던 인생을 살 수 있을 줄 알았습니다.
현실은 녹록치 않았습니다.
그 사랑에 제 인생의 대부분을 투자했으나, 저는 결국 하나 이룬 것 없이 자리에서 내려와야만 했습니다.
재능이 없으니 망했지, 이번 네 연중작도 그 꼴이고. 넌 뭘 해도 망하네. ",8391,투잡 성공,https://gall.dcinside.com/mgallery/board/view/?id=genrenovel&no=11807125,부업 키워드 부족 (3/5),dc,안녕하세요. 감히 연재 중단 관련 변명문을 남기러 왔습니다.
,community,"어느 대학에서 3월에 있었던 일이다.
2학년 복학생이 신입생들을 상대로
""선배들이 친해지고 싶어서 너희에게 밥을 사주는데,
식사 후에 답례로 커피나 아이스크림을 사드리며 감사를 표하면 선배도 감동하여 좀 더 예뻐할 것이다.""
라는 취지의 말을 하였다.
그러자 어느 여자 신입생이 4학년 여선배에게 밥을 얻어먹고 나오는 길에
선배에게 캔커피를 하나 사주고 자신은 마시지 않은 채 멀뚱멀뚱 구경만 했다.
밥을 사준 4학년 여선배는 신입생에게 왜 그러냐고 물었고, ""OO선배가 밥 얻어먹었으면 캔커피 사드리라던데요?""라는 말을 들었다.
다음날 2학년 복학생은 4학년에게 불려가 자초지종을 해명해야 했다.
신입생 또한 좋은 의도를 가지고 조언을 따랐을 것이다
문제가 발생한 원인은 조언의 의도는 이해하지 못한 채 기계적으로 외형만 일부 흉내 냈다는 것이다
부디 이 글을 읽는 이들은 각 항목의 취지와 목적을 이해하고 응용하여
위의 신입생 같은 문제를 일으키지 않기를 기원한다.
예시로 들 상황은 모두 실제 사례들이지만 해당 버튜버의 명예를 위해 본문에 이름은 기재하지 않겠다
이전 글과 마찬가지로 [치지직]+[여성]+[투잡]+[하꼬]+[버튜버] 기준으로 작성하였음으로
[숲],[남성],[버미육],[취미],[중견],[캠방],[대기업]의 상황과는 맞지 않을 것이다.
복붙하기 좋으라고 어떤 이미지도 넣지 않았으며, 어디든 자유롭게 퍼가도 좋다.
2026. 02. 01.
선 요약
1. 기본적으로 이상한 놈들이니까 버튜버에 돈을 그렇게나 쓰는 것이다
2. 대기업 버튜버와 신입 버튜버는 다른 직업이다
3. 최근 버튜버 업계 또한 경력직 신입이 대세다
4. 가치코이 육수장사가 노력으로 성공하기 제일 쉬우니 권유할 뿐이다
5. 데뷔 전후로 트위터, 채팅창의 다른 남자 방송인과 친해지지 마라.
6. 낙수도 방송 실력 있어야 받아먹는다
7. 방 시청자가 10명 이하면 장점 살릴 때가 아니다
8. 버튜버의 5대 기초 능력. ""저챗, 컨텐츠, 일정, 멘탈, 팬 관리""
#저챗
9. 토크 주제 떨어지기 전에 즉흥 주제로 토크 이어 나가는 연습 필요하다
10. 저챗이 인기 많다지만 무한 저챗하란 것이 아니다
11. 억지 목소리라 판단되면 가식적인 연기라고 느낀다
12. 헛기침을 주기적으로 하면 네 목소리가 아니다
#컨텐츠
13.무엇을 보여줄지 최소한의 생각은 하자. 스트리머는 리뷰어나 테스터가 아니다
14.게임 노선을 정하자 ""메이저 게임/ 종겜/ 본인이 좋아하는 마이너 게임특화""
15.종겜에선 게임마다 정석적인 리액션이 있다
16.합방 노선을 타겠다고 결심했으면 여왕벌 놀이와 구분해라
17.게임은 못해도 되지만 최소한의 성의는 필요하다
18.음치라도 노래를 활용할 용도가 있다
#일정
19.투잡이면 방송에 너무 부담 가지지 말고, 지속 가능한 방송을 해라
20.방송 시간과 일정은 지키려고 정하는 것이다
21.랜덤 방송은 성장하기 아주 많이 힘들다
22.게릴라 방송은 소수의 통나무단들이 극도로 싫어한다
23.버튜버 명절을 챙기자
#멘탈
24.이슈는 검색해 보거나 시청자들에게 물어보고, 유행엔 빠르게 탑승해라
25.거짓말은 하기 싫어도 많이 하게 된다. 그러니 평소엔 최대한 하지 않게 노력해라
26.해도 되는 허언과 지키지 않으면 안 되는 약속은 구분해라
27.본인 방 시청자가 돈을 안 쓴다고 욕하는 것은 누워서 침 뱉기다
28.하꼬 구간에서 뒷겜은 미래를 팔아먹는 짓이다
29.이것도 인터넷 방송이고, 대중의 품평은 당연히 발생한다
#팬관리
30.본인이 어떤 시청자를 모아왔는지 성향을 파악하고 있어야 한다
31.남스트리머가 남자 팬에게 해도 되는 행동이면, 그건 유사연애 팔이가 아니라 팬서비스다.
32. 상품 뿌리는 목적을 명확하게 해라
33.얼빠는 존재한다
34. 팬심을 받고 싶으면 먼저 보내라
35.대회에 참가상은 항상 있어야 한다
36.빼빼로 데이에 감사해라
37.샐러드 기념일을 만들자
38.방송 없는 시간에 뭘 하는지 올려라
39.크리스마스는 극기주간
40.뱃지는 자연스럽게 다 떼라고 유도해라
41.구독뱃지는 1개월과 12개월이 구분이 잘 안되게 만들고 사소한 디테일에서 차이나게 해라
42. 미친 사랑꾼들 나오면 애정표현을 자제시켜라
#그외
43.소형 기업세는 사장의 판단력이 매우 중요한데, 판단력 좋은 사람은 버츄얼 스트리머 기업세 따윌 차리지 않는다.
44.이 글이 100% 정답도 아니며, 어기면 방송 무조건 망하고 그런 게 아니다
1.기본적으로 이상한 놈들이니까 버튜버에 돈을 그렇게나 쓰는거다
비상식적이고 비이성적 인간들이니까 파라소셜리즘으로 얼굴도 모르는 여자 버튜버에게 빠져 관계에 대한 일방적 착각하고 과하게 돈을 쓰는 것이다.
그런 나사 빠진 사람들이 많은 덕분에 성공한 버튜버가 대기업 직장인 이상의 돈을 벌어먹고 있으니 상황이니 버츄얼 시청자들을 일반인 감수성을 요구하면 곤란하다.
물론 그중에도 이성적이고 쿨한 사람도 있겠지만, 내 생각에 좋아하는 사람이 게임 하나 깼다고 몇 만 원씩 건네는 인간은 그렇지 않을 가능성이 높지 않겠는가?
그리고 인방과 관련된 다큐멘터리를 봐도 큰 손이 모두 부자인 것은 아니며, 의외로 진짜 인생과 적금을 갈아 넣는 상황도 잦다.
2.데뷔하면 치지직 첫페이지에 나오는 사람과 다른 직업이다
치지직 첫 페이지 최상단의 대기업 버튜버들과 지금 데뷔하는 신입 버튜버의 격차는
흑백요리사 미슐랭 파인다이닝 셰프와 동네 감자탕집 주방보조 알바 1일차 만큼 크다.
스타 셰프들이야 풍부한 미각, 표현력, 창의력, 캐릭터성, 코스트 계산 그런 것들이 중요하지만
주방보조 1일차에게 당장 그런 부분이 필요하겠나?
테스트 방송 1일차인 사람들과 대화해 보면
버튜버는 대기업들 방송처럼 합방, 케미, 긴 스토리 게임, 뛰어난 가창력 그런 것들이 중요하다고 생각하던데
그런 부분은 하등 필요 없다.
3.안타깝지만 버튜버 업계 또한 경력직 신입이 대세다
요즘 데뷔하자마자 한 번에 치고 올라가는 버튜버들은
대부분 전생에 충분한 실전 경험을 쌓은 뒤 환생 데뷔하여 신입 보너스를 효율적으로 이용한 사람들이다.
정말 쌩 신입이 데뷔하여 고속으로 올라가는 사람들은
현실에서 독보적 능력이나 직업을 가졌거나,
대형 ",24265,투잡 성공,https://gall.dcinside.com/mini/board/view/?id=haccovirtual&no=1158942,부업 키워드 부족 (3/5),dc,하꼬애호가의 44가지 하꼬데뷔 가이드 (2편)
,community,"맨날 눈팅만 하고 만세력 풀이 요청만 하다가 입장 바꿔 생각해도 원국만 떡하니 내놓고 풀이해달라는 건 나 같아도 귀찮고 재수 없어서 해줄 거 같다는 생각이 문득 들어서
차라리 그냥 내 이야기를 하고자 이렇게 긴 글을 쓰게 됨.
본인을 간략소개 하자면 을해년 임오월 을미일 정축시의 남자임. 지금 현재 미디편곡 작곡가의 길로 완전히 도전하고싶어 3월 퇴사 예정인 상태임
원래부터 명리학에 관심이 많았기도 하고 성공의 대한 욕구가 많았기 때문에 내 만세력을 통한 내 인생의 성공 여부에 대해 정말 많이 찾아봤는데 좋은 말 반 나쁜 말 반이길래. 그냥 인생을 1인칭으로 살아온 나의 입장으로 에피소드를 몇 개 써볼까 함.
일단 긴 글 적기 전에 만세력 사이트를 통해서 취합해본 결과 용신에 관하여 이런 결과 값을 얻게 됨
용신/희신 : 수, 목 , 금
기신 : 화/토
1대 신사대운 (희신이라고는 하는데 좋은 기억 크게 없음 , 수기운의 편인세운 그 한 해가 너무 별로)
-지금 생각해보면 이 때부터 예술(음악) 쪽으로 나가고싶다라는 생각을 했던 거 같음.
-일단 성장기가 엄청 늦게 온 편이라 항상 왜소하고 외모의 대한 컴플렉스가 심했던 시기였음.
-남중-남고-테크를 탔다보니까 약육강식의 세계에서 초식자의 역할을 하게 됨.
-그러기 때문에 성격도 예민하고 남들에게 날카롭게 대하니 스스로 고립을 자초하던 시기였음.
-공부를 못했던 건 아님. 초등학교부터 중학교 때 까지는 전교권에서 놀 정도로 잘했고, 이때 춤으로 공연도 하고 나름 취미생활을 재밌게 보냈던 거 같음.
-고등학교 때 학업에 집중 못하고 방황하던 시기 제대로 겪어서 내신 개망한 3점대로 인천 전문대 공대 입학
2대 경진대운 (이때부터는 년도로 기록하겠음. 이것도 희신이라는데 졸라게 힘들었던 시기,우여곡절과 내면의 불안감이 가득했던 10년)
2014년
10대와 다르게 살도 빠지고 외모도 버프가 되어서 그런지 이성의 관심과 사람들의 관심을 받게 된 해라 뽕에 취했는지 정말 재밌는 대학생활을 함, 10대 때 2년 짝사랑했던 친구와 연애도 시작함.
2015년-2017년
군대에서 개뺑이치고 돌아옴 / 무탈하게 전역완료
2019년
음악 쪽 일을 본격적으로 도전하며, 막학기 다니면서 끝나면 밤에 작업실 넘어가고, 사람들하고 미팅하고 곡 작업을 시작하게 됨 (미디작곡) , 이때 20살 때 만난 여자친구와 이별 ,
처음으로 곡을 팔아보고, 비즈니스를 함께 해보기 시작 (히트곡은 없음), 하지만 이 년도에 지금까지 함께 음악활동 하고 있는 형들을 만나게 됨
2020년
학교 졸업하면서 본격 백수생활 시작, 코로나 터지고 부모님 가세도 기울어져 전체적으로 되게 어두웠던 한 해. 돈도 제대로 벌어본 적 없고, 알바도 해본 적 별로 없었는데 이때 처음으로 주말 술집 알바를 시작하게 됨 (여전히 돈 없음) . 음악은 간간히 작업하면서 계속 했지만 가장 안 좋은 기억이 있었던 한 해였음 (용신세운이라고 하는데 내 기준에서 제일 개같았던 한 해였다..)
2021년
이 때부터 백화점에서 향수나눠주고 하는 자잘한 알바를 시작하게 됨. 100만원도 제대로 벌어보지 못했던 내가 처음으로 돈 다운 돈을 벌어보는 계기가 됨. 이 때부터 무언가에 홀린듯이 열심히 일하고, 음악보다 일을 더 많이 했던 한 해였음.
2022년
음악 업계에서 일을 배우고 작곡가로 일해보고 싶어서, 같이 음악했던 형의 부탁으로 그 형과 함께 ㅈ소엔터기업에 로드매니저로 취업함. 아티스트 물병 들어주고, 방송국 따라다니면서 미팅하는 법 배우고, 어떻게든 곡 한 번 같이 써보겠다고 개같이 굴렀던 한 해. 하지만 곡은 못 쓰고 개같이 구르기만 함.하지만 여기서 배웠던 건 월급 180-200만원 받으면서 130만원 씩 저축하면서 아득바득 사는 바퀴벌레마인드 장착하게 됨.
2023년
기억이 아주 선명했던 한 해. (개같아서) 다니고 있던 ㅈ소회사에서 임금체불 4,5개월 겪으면서도 회사를 살려보겠다고 발악은 다하면서 지냄.
결국 회사 대표가 잠적. 회사 터지고, 바로 실직자 전락하고 소송준비
3대 기묘대운 (~ing 기신대운 3년차)
2024년
기묘대운 시작. 전 회사랑 소송하면서 우울감이랑 패배감 그리고 돈을 메꾸느라 투잡하면서 돈 모으면서 건강도 악화된 시점에 갑자기 년초에 어떤 가구회사에서 포지션 제안이 옴. 면접보고 2시간만에 합격. (내가 8개월만에 뽑힌 직원이라고 함).
돈이 없어 자취를 못했기 때문에 편도 2시간 거리의 회사를 40분 씩 일찍 출근하며 최선을 다하며 직장생활을 함. 물론 퇴근하고 집에서 작업을 했고, 멘탈을 잡으려고 웨이트 트레이닝 시작(주4-5회).
원래 시력이 눈뜬 장님이었는데 전 회사 소송으로 받은 대지급금으로 라섹함. (나름 개운법)
이때부터 돈 모으는 것에 가속화가 붙음. 회사 휴무날에는 원래 했던 백화점 향수맨 하면서 부족한 돈을 메꿨음.
같이 손 잡고 망했던 형은 엔터를 만들었고 아이돌을 육성하기 시작. 나는 그 형이랑 함께 하며 애들 앨범 프로듀싱해주면서 같이 포기하지 않고 직장생활과 음악활동 병행. (엄청 정신없이 보낸 한 해) ,
2025년
기묘대운 2년차 초반까지는 2024년과 별 반 다를 바 없었지만 이상하게 자꾸 한 번 망해봤는데 두 번 망한다고 죽겠나라는 생각을 하게 됨.
이상하게 예민했던 감정이 고요해지기 시작. 어차피 죽기 아니면 까무러치기라 그냥 내가 하고싶은 거 하자고 생각
8월부터 집에서 작업하다가 회사말고 개인작업실을 얻어서 작업하기 시작, 여러 퍼블리싱과 거래 성사, 곡 판매, 다양한 기회들 확대
2026년 3월 퇴사 결심
귀인들을 만나게 된 시기, 이대로만 가면 너무 좋겠다라는 생각이 듦.
아버지 일도 바빠지고, 덩달아 몸은 힘들어도 마음은 행복한 한 해
너무 두서없이 써서 미안하긴 한데, 내가 말하고 싶은 메세지는 기묘대운이 대흉이라고 하던데 나름 기회들은 더 많았던 시기라고 생각해. 그래서 앞으로 1년마다 기록해서 기신대운에서 살아남기 에피소드를 간략하게라도 남겨볼까 함. 왜냐하면 기신대운에서 살아남으면 다들 용기를 얻지 않을까 해서
당신들도 기신대운이라고 한들 다 박살내고 불도저마냥 앞으로 나아갔으면 좋겠음.
화이팅",2990,투잡 성공,https://gall.dcinside.com/mgallery/board/view/?id=designfortune&no=23005,부업 키워드 부족 (4/5),dc,[긴글주의] 기신대운에서 살아남기(인생 간략 설명 포함)
,community,"본인 00년생 고무백인데
본인 초딩때무터 메이플하다가 중학교 3학년때부터 쌀팔기 시작해서 20대 초반까지 쌀장사했는데
진지하게 고딩때 달에 천도 만져봄, 이때 노스페이스 블랙야크 패딩 300씩하는거 여친 생일선물로 주고 그랬었음
이후에 성인되자마자 쌀장사+통매음 헌터 투잡뛰면서 21살에 2억 모았었고
또 이때 코로나 터졌는데 주식시장 대폭락 후 반등할때 주식시작해서 계좌 고점 5억 찍었었음
이땐 뭐 공부할것도 없이 사면 다올랐음 ㄹㅇ
이후에 주식시장도 정상화되고 쌀값도 운지하고 통매음도 잘 기소 안되기 시작해서
걍 싹다 은퇴하고 독립하면서 모아놓은 돈 까먹으면서 1년동안 놀았었는데 돈이 있으니까 다음에는 내 미래에 대해 생각하게 되더라고
​
난 미래에는 뭐가 될까 생각해봤는데 게임말고는 한게 없는거.
​
​그때 딱 떠오른게 게임사에 취직하면 어떨까 생각이 들었음
그림에는 재능없고 코딩은 시발 좆노잼이라 3일만에 접고 게임기획쪽 학원 다니기 시작
​
관심 있는쪽으로는 집중력 발휘가 잘되서 그런지
9개월만에 쌩신입+고1졸 학력으로 중견기업 취업 성공함, 1년 좀 넘게 회사 다니다가 회사 생활 씨발노잼이라 24년도 말에 퇴직함
근데 25년도 되고 국작 역대급 불장이라 요즘 다시 주식하는중, 요즘엔 단타공부도 병행하면서 하고 있다.
​
순익은 25년도 들어서 1억정도 찍었음, 지금 기준 순자산은 5억이다. 좀 더 해보다가 잘안되면 접고 이직이나 하려고
​
​솔직히 자산 10억도 안되면 부자는 아니라고 생각하는데 뭔 돈이없어서 밥을 못먹고 집에서 쫓겨나고 이런 새끼들 보면 좀 안쓰럽더라",782,투잡 성공,https://gall.dcinside.com/board/view/?id=employment&no=2229624,부업 키워드 부족 (3/5),dc,00년생 고무백인데 인생살기 어렵다는거 이해가 안감
,community,"[시리즈] 스스시리즈
· [스스시리즈] 1. 유입만 늘리면 망하는 이유
안녕하세요!
오늘은
구매전환율
에 대해 알아보겠습니다!
일반적인 소비자가 대표님의 제품을 왜 구매하지 않을까요?
대표님 파시는 제품 상품 100개 미만이죠. 제품에 자신 있죠?
대표님이 멀티탭을 산다고 가정을 했을 때
구매 건수가 100건 미만
이면 사실 거예요? 절대 안 사죠.
제품이 싸든 좋든 메이커가 있든
평점이 2.5
면 사실 거예요? 안 사죠.
대표님들은 왜 대표님들이 파는 제품을 소비자들은 다를 거라고 생각하세요? 같은 상황입니다.
그러면은 이제 구매 전환율을 어떻게 올리는지, 어떤 제품이 구매 전환률이 낮은지 예시를 한번 드릴게요.
​
[1]
별점이 5개고 리뷰를 단 사람이 한 명, 구매 건수가 8건.
별점이 5이지만
안 삽니다.
별점이 4.88이고 구매 건수가 1680건. 살 거예요? 생각 정도는 하고
들어가보긴 할겁니다.
구매 전환이 된다고 가정했을 때 똑같이 보시면 돼요.
일단 들어오면 다음으로 상품평도 보고 구매 건수도 보는데
상세페이지에 알리 느낌이 나면 안 삽니다.
그래서 최소한의 예의를 갖춰 상세페이지 알리 느낌 안 나게 해 주시고요.
여기서
후킹 문구
같은 것도 들어가면 좋아요. 예를 들어
'7차 제품이 완판되었다.
8차 제품 신규로 출시하였다'.
혹은
'현재 구매하면 3,000원에서 5,000원 정도 할인 쿠폰을
제공해 주겠다'
라고 하면 좋습니다.
​
그럼 대표님들 제가 가정을 해 볼게요. 현재 신제품이고 최초 생산을 했다고 한다면 그냥 쓰세요.
신상품 입고 되었고 따끈따근한 신상품이라고. 그런데 신상품을 다 판매해서 2차 재고를 넣잖아요.
그러면 1차 재고가 완판된 게 맞잖아요. 그럼 그렇게 쓰세요. '1차 제품 완판되었다.
2차 제품 현재 입고 되었다' 라고 있는 그대로 정직하게 쓰세요.
[2] 상세페이지에 들어가면 안 되는 것들이 있어요.
예를 들어 제가 책상을 파는 셀러라고 가정을 했을 때 1600cm 책상을 팝니다.
그런데
'1400, 1500cm를 구매하고 싶으면 밑에 스토어로 이동하세요'.
이러면 안 됩니다.
두 번째,
'현재 원가는 10만 원, 그런데 할인률이 80%라 실구매가는 2만 원'
이렇게 현혹시키는 거 있잖아요. 사람들 입장에서 80% 할인돼서 사게 되는 거. 이것도 안 됩니다.
그런데 여러분들은 하셔도 돼요. 왠 줄 아세요? 네이버에서 약 3일 정도 품질 위반이라고 정지를 먹일 수도 있어요.
그런데 네이버가 이를 판단하는 거는 누군가의 신고나 제보로 판단을 합니다.
근데 여러분들은 신고 당할 일이 아마 없을 거예요. 왜? 아무도 여러분들을 경쟁자로 생각하지 않으니까.
그래서 여러분들은 한 번쯤은 해봐도 되지 않을까? 왜냐면 일단 신고라도 받아..
라고 말하면 안 되겠죠?
이건 나쁜 셀러입니다. 여러분들은 절대 그렇게 하시면 안 돼요.
​
[3] 또한 대표님이 타스토어에 들어갔을 때
'이건 이뻐 보인다' 하는 걸 그대로 해 놓으셔야 됩니다.
요즘은 GIF도 잘 되어 있잖아요. 그래서 실제 사례를 많이 보여 주는 것도 좋다.
그러니 상세 페이지라고 했을 때 상세 페이지만 뭐 그림으로만 하지 마시고 최상단에
실사용 후기
,
실제 제품
같은 것도 배치하시는 게 좋고 리뷰 500개 달아 놓는 것 이게 전부가 아니고요.
이뻐 보이는 리뷰, 잘 쓴 리뷰는 최상단에 넣어 놓는 것도 당연히 중요하죠. 이런 작업을 꼭 해 놓으셔야 돼요.
그런데 정말 하고 싶은 말이 구매 전환이 되기 위해서는 상세 페이지도 알리 느낌이 안 나게 이쁘게 만들어야 되지만
무엇보다
'구매 건수 500개, 평점 다섯 개, 리뷰 건수 300개 정도는 무조건 달아놔야 된다'
를
말씀드리고 싶습니다.
친구랑 가족한테 부탁해서요. 최소 500개 이상 달아 놓으세요.
그리고 다 5점으로만 달아 놓으셔도 돼요.
왠지 아세요?
실제 구매한 고객들 중에 일부는 4점이나 3점을 주실 거기 때문에. 그럼 말하겠죠.
난 친구가 500명이 없는데. 난 가족이 500명이 없는데. 대표님 그러면 이커먼스 하지 마세요.
어떤 방법을 써서라도 500명 정도는 만들어 놔라
이겁니다. 아 물론 제품마다 다르긴 해요.
100만 원짜리 소파 같은 거에 500명 구매 리뷰를 달 수는 없겠죠. 그런데 빛, 머리핀같이 객단가가
좀 낫다고 하면 500건 정도는 만들어 놓는게 좋다. 그 방법은 체험단 이런 것도 있어요.
'여러분들 제 물건을 사용해 주시면 체험단 비용을 드릴게요. 리뷰 달 때 꼭 소정의 대가를 받고
리뷰를 달았다고 해주셔야되요. 물론 일부는 안 하시는 분들도 있긴 하지만 여러 가지 사례가 있습니다.
그래서 친구나 가족이 500명을 달아 주던가 이러면 제일 좋겠지만 안 된다면 이런 건 네이버나 구글에다가
쳐 보시면 여러 가지가 나올 거 같아요. 근데 제가 드리고 싶은 말은 어떤 방법을 써서라도 상관은 없다.
그러나 최소한 이쪽에서 살아남고 싶다면 구매평 500개는 만들고 시작해라입니다.
[4] 제가 아는 셀러 대표님들은 제품을 여러 가지를 파세요.
멀티탭 파는 분들도 있고 화는 분들도 있고 드라이기 파는 분들도 있고 포도즙 파는 분들도 있어요.
그분들의 공통점이 뭔지 아세요? 새로 제품을 런칭 하잖아요. 그러면 정말 신기하게 최소 2,000개부터
구매의 점수 아니면 상품평을 달고 시작합니다. 제가 물어봤어요.
대표님 1,000개 정도면 충분하지 않아요? 500개 정도면 충분하지 않아요?
그분들이 하는 말이
'요즘은 2,000개 안 되면 거들 떠도 안봐요. 제품을 판다면 최소 2,000개 만들고 시작해야죠'.
이런 분들과 싸워서 이겨야 돼요.
정말 최소 100건 정도는 만들어 놔라.
200건 정도는 만들어 놔라
를
꼭 말씀드리고 싶습니다. 어떤 방법을 써서라도요.
​
그러면 오늘의 결론!
① 구매전환을 위해 최소 리뷰 300개 / 구매 건수 500개 / 평점 4.97은 만들자.
② 상세페이지에서 알리 느낌이 나지 않게 하기 (후킹 문구, GIF 활용)
​
그러면 이제 유입을 데려오고 싶은데 CPC? 비광고 영역에 슬롯? 궁금한 점이 많으시죠? ㅎㅎ
다음 시간엔
광고비를 저렴하게 지출하는 방법
에 대해서 진행해 보겠습니",3265,스마트스토어 후기,https://gall.dcinside.com/mgallery/board/view/?id=smartstore&no=5900,부업 키워드 부족 (2/5),dc,"[스스시리즈] 2. 트래픽, 유입보다 중요한 구매전환율"
,community,"저는 지난주 목요일부터 오늘 아침까지 즉, 8.5일 카카오카풀을 이용했는데요.. 결과부터 말씀드리자면 카풀 성공을 한번도 못했습니다. ㅜㅜ
이유는.. 저의 출퇴근 환경에서 기인한게 크긴합니다.
서울에서 6시20분경 김포로 출발하고, 20시이후 김포에서 서울로 돌아오는 환경이라 저와 같은 동선으로 움직이는 사람들이 별로 없는거 같기도 하고,  또한 아직 카풀이 활성화 되지 않아 승객 자체가 그리 많지 같습니다.
오히려 요청 알람이 뜨고 5~30초면 모두 배차되는거 보면 승객보다 크루가 더 많은거 아닌가 싶네요 ^^
어제는 김포에서 8:40분경 출발을 하는데.. 정말 카풀이 많이 올라오더군요.. 아마도 택시 파업때문인거 같습니다만.. 결국 저는 실패했습니다.
상암동쪽에서 홍제쪽으로 한 콜을 수락했는데.. 승객이 거절하더군요 ㅋㅋ
여튼 크루로 약 열흘간 운전하면서 느낀건.....
크루와 승객간의 매칭 시스템의 부재, 만약에 있다면 완전 개판이라는 것입니다.
분명히 카풀 요청시 출발지와 목적지를 입력하는데요, 승객 알람을 살펴보면 크루의 정보가 하나도 반영되지 않는다는 것이지요.
아마도 운전자 중심으로 반경 몇키로까지 있으면 알람을 주는 기존 콜택시 시스템인거 같습니다.
예를 들어 퇴근하면서 김포에서 올림픽대로를 타고 홍대방향으로 가고 있는데, 덕양구에서 출발해서 덕양구 도착, 영등포에서 출발해서 강서구청 도착등... 크루의 운행 정보는 하나도 적용하지 않았습니다.
토요일 조카 때문에 용산에서 컴터를 조립해서 인천쪽으로 갈때도 신청했는데, 정말 많이 알람이 뜨더군요.. 대부분 강남도착, 안암동 도착 등 ㅋㅋㅋㅋ
난 분명히 인천 부평간다고 햇는데도 말입니다.
아직 베타서비스인점을 감안하더라도, 현 매칭 시스템은.. 이건 뭐 자가용으로 콜택시 부업하라는 거와 같습니다.
크루가 목적지로 이동할 때, 남는 좌석을 다른 사람과 공유 하면서 크루와 승객간의 금전적 이익을 도모하는게 카풀의 취지 일텐데..
크루의 정보가 반영되지 않다보니.. 만약 이런식이라면 택시 영업에는 카카오카풀이 치명적이지 않을까 싶네요..
저도 약속 없는 주말같은 경우 택시처럼 영업해서 용돈이라도 벌까? 라는 생각도 들더군요..",1070,부업 성공 후기,https://www.clien.net/service/board/park/12966346,부업 키워드 부족 (3/4),clien,카카오카풀 크루로 8.5일간 운행한 후기
,community,"월 1,000만원은 있어야 한다는 말도 자주 듣습니다.
물론 많으면 좋겠지요. 하지만 그 기준이 모두에게 현실적인 것은 아닙니다.
국민연금을 최고구간에 가깝게 오래 납부한 분이라면
1인 기준 월 200만원 안팎,  부부 합산이면 월 400만원 수준도 충분히 가능해 보입니다. (최고수준)
저는 그 정도는 안되지만요. 둘이 합쳐서 250만원정도?
여기에 연금저축이나 irp를 이용해 금융자산 3억원(이게중요! 둘이 퇴직금 모아야죠) 이 있고 배당이나 채권 중심으로 연 4% 정도의 현금흐름을 만든다면
연 1,200만원, 월 100만원 정도를 더할 수 있습니다.(원금보전)
그러면 국민연금과 합쳐 월 350~500만원 수준의 생활비가 만들어집니다.
개인연금까지 있다면 여유는 더 생기겠지요.
은퇴는 무조건 20억, 30억이 있어야만 가능한 일이 아닙니다.
중요한 것은 막연한 불안이 아니라,  내가 받게 될 연금과 내가 만들 수 있는 현금흐름을 차분히 계산해보는 일입니다.
10억 20억짜리 집을 깔고 가기 보단 5억 15억짜리 다운사이징 하고 5억으로 현금흐름 만들듯.. (이 선택도 좋습니다.)
생각보다 많은 사람에게  은퇴는 ‘불가능한 일’이 아니라
‘현실적으로 설계할 수 있는 일’일지도 모릅니다.
하지만, 여러매체에서 10억 20억 이런 이야기를 많이 해서 공포감만 주는게 아닌가 싶어요.(뭐 그래야 자기 상품 파니까.)",686,부업 월 100만원,https://www.clien.net/service/board/park/19175838,부업 키워드 부족 (2/4),clien,은퇴자금 이야기를 하다 보면 (50대 넘어가면서 자주 나누는 주제)
,community,"안녕하세요 저는 올해 40된 IT쪽 종사하는 남자입니다.
10년 넘게 다닌 회사를 옮겨야 할 지 걱정이네요
저는 대기업 소위 을계열사에서 SAP 쪽 운영 업무 하고 있는데,
아마 넘어가면 갑사로 기획업무 및 PM업무를 하게 될 거 같아요.
너무 근속이 길다보니 리스크도 크고 가고싶은마음 반 잔류 반인데...
일단 오퍼레터 받고 고민하려고 하는데,
혹시 의견 있으면 댓글 달아주세요.
감사합니다^^
현재                            이직예정회사
대기업SI 3대바이오 중 하나
거리         30분(강남)                  1시간(송도)
워라벨      1년간 야근없음        2년간 프로젝트 수행
급여                  -->>                   약 천만원 업
업무      운영업무                      기획 ,PM ,운영
사람       다좋음 순둥이들            모름
정년        거의보장          (아마가능?)
팀구성   거의40 50대           20대 30대 대부분
회사의 전망     안정적         고성장(바이오 큰기업)
승진전망     48세에 한번      앞으로 두직급 더 가능??",627,부업 월 100만원,https://www.clien.net/service/board/park/16901655,부업 키워드 부족 (0/4),clien,"40세 , IT사무직 이직 고민"
,community,"출근한 엄마, 아이와 34번 통화 기록 나와
(아이 엄마는 싱글맘, 당일 아이가 당일 어린이집 등원 거부)
“아이 홀로 둔 건 학대” 비난 속 “엄마 홀로 감당 현실 안타깝다” 의견도
“사각지대 도움 필요” 목소리↑
잘못된 형식의 이미지 링크입니다.
지난 주말 영하 13도 날씨에 길거리에서 내복 차림으로 떨다 구조된 다섯 살(만 3세) 여아 사연을 놓고 논란이 이어지고 있다. 입양 부모의 학대로 생후 16개월 만에 세상을 뜬 ‘정인이 학대 사망 사건’으로 아동 학대에 대한 경각심이 높아진 가운데 벌어진 일인 만큼 ‘내복 아이’ 엄마를 향한 비난도 매서웠다.
그런데 아이 엄마가 홀로 아이를 키우며 일을 하러 나가야 했던 사정, 일터에서 아이에게 수십 차례 통화했던 기록, 양육비를 제대로 주지 않고 있던 남편 등의 사연이 알려지면서 단순히 엄마만 비난할 일인지 돌아봐야 한다는 의견도 나온다. 육아와 생계를 홀로 감당해야 하는 싱글맘(대디)이나 육아와 관련한 교육은 물론 기본적인 준비 없이 부모로 내몰린 미혼모(부) 등에 대한 교육과 실질적 지원이 있어야 사각지대에서 반복되는 아동학대를 예방할 수 있을 것이라는 목소리도 높다.
11일 JTBC는 지난 8일 ‘내복 차림’으로 발견된 이 아이가 엄마 A씨와 통화한 내역을 입수해 분석한 결과 A씨가 출근한 오전 10시 34분부터 20~30분 간격으로 아이와 연락이 이어졌다고 보도했다. 오후부터는 대부분 아이가 먼저 전화를 거는데 A씨가 바로 받지 못하고 나중에 다시 아이에게 전화를 거는 일이 반복된 것으로 전해졌다.
보도에 따르면 A씨가 퇴근 전 마지막으로 전화한 오후 5시까지 6시간 반 동안 모두 34번의 통화가 이뤄졌다. 아이와 A씨 사이 통화가 되지 않은 것은 오후 5시 6분부터라고 한다. 아이는 엄마와 통화가 연결되지 않는 동안 10번 더 전화를 걸었고, 이때부터 40여분 뒤 길에서 시민에 의해 발견된 것으로 보인다.
이 아이는 미아방지 팔찌를 차고 있었고, 이 덕분에 아이를 발견한 시민이 엄마에게 연락해볼 수 있었지만, 전원이 꺼져 있어 연결되지 않은 것으로 전해졌다. JTBC에 따르면 이 시민은 5시 55분쯤 엄마에게 아이를 발견해 보호 중이라고 문자를 보냈고 A씨는 5분여가 지난 뒤 편의점에 도착했다.
실제 아이를 구조해 보호했던 시민 B씨는 이날 CBS라디오 ‘김현정의 뉴스쇼’에 출연해서 “편의점에 물건을 사러 갔다가 아이를 발견했다. 아이가 내복만 입고 울면서 엄마를 찾고 있었다”면서 “제가 이해하기로는 (아이가) 자고 일어났더니 엄마가 없어졌다고 말했다”고 전했다.
당시 B씨는 일단 아이를 안고 아이가 말해준 집으로 갔지만, 현관문이 비밀번호로 된 집이어서 열지 못하고 경찰에 신고했다고 전했다. 이후 몸을 녹이기 위해 편의점으로 들어갔다 아이 팔에 있는 팔찌에 있는 엄마 전화번호를 발견했다. B씨는 이 번호로 아이 엄마 A씨에게 전화를 걸었지만 전화가 꺼져 있는지 연결이 안 됐다고 했다. B씨는 “출동한 경찰과 어떻게 해야 하나 고민하던 중에 아이 어머님이 오셨다”고 말했다.
B씨는 “아이 엄마가 굉장히 급하게 들어오면서 아이를 안았다. 아이가 저랑 얘기할 때는 단어만 나열하는 정도였는데 엄마를 만났을 때는 품에 안겨서 말도 잘했다”고 했다. 아울러 “아이 엄마도 ‘너무 추웠지?’라며 걱정하고 쓰다듬어줬다”고 말했다.
지난 9일 아이 엄마 A씨를 아동복지법상 유기·방임 혐의로 입건해 조사 중인 서울 강북경찰서는 신체적 학대 정황은 찾지 못했다고 밝혔다. 아이의 상태도 밝고 특별한 이상이 없는 것으로 전해졌다.
이 같은 소식이 전해지면서 지역 맘카페를 비롯한 각종 온라인 커뮤니티에서는 영하 15도 안팎을 오가던 날씨에 밖에서 만 3세 아이가 밖에서 떨어야 했던 상황, 홀로 9시간 가까이 방치됐던 상황에 대한 안타까움과 분노의 목소리가 쏟아져 나왔다. 쓰레기가 쌓여 있었던 집안 상황 등을 볼 때 아이가 정서적으로 방치·학대된 것만은 분명하다는 지적이다.
다만 홀로 일하며 아이를 돌봐야 했던 엄마에게 불가피한 사정이 있었을 것이라는 의견도 나왔다. 엄마의 방치·학대 가능성에 대한 경찰 조사가 진행되는 가운데 아이가 엄마와 분리돼 친척 집에 가 있다는 소식과 관련, “그동안 엄마가 홀로 일하면서 아이를 키운 것을 보면 친척 집에서는 안전히 잘 있을지 걱정된다”는 우려도 나온다.
이런 가운데 엄마의 방임 책임에 대한 처벌 여부와는 별개로, 이 같은 사각지대를 사회적으로 지원해 아이들이 피해를 보는 일을 예방하는 근본적인 방안이 마련돼야 한다는 제안의 목소리에 힘이 실리고 있다.
실제 A씨는 남편 없이 아이를 홀로 키우고 있는 것으로 전해졌다. 3년 전 아이 아빠와 이혼한 A씨는 당시 두살 배기였던 아이와 모자원에 들어갔다 4달 전에 이 시설에서 독립했고, 생계를 위해 부업까지 하고 있는 것으로 알려졌다. A씨는 JTBC와 인터뷰에서 남편이 한 달에 10만원의 양육비를 주기로 했지만 이마저도 제대로 주지 않았다고 전했다. A씨 아이는 어린이집을 다녔지만 사건 당일 등원을 거부해 집에 있게 됐다고 한다. 경찰에 따르면 어린이집 측도 사건 전날까지 아이가 매일 등원했으며 특별한 학대 정황은 없었다고 진술한 것으로 알려졌다.
경찰은 인근 주민들이 이전에도 아이가 혼자 거리를 떠도는 모습을 목격하는 등 아이가 상습적으로 방치됐다고 증언함에 따라 상습 방임 등이 있었는지도 자세히 살펴보고 있다. 다만 아이에 대한 학대 의심 사례 신고가 접수된 것은 이번이 처음인 것으로 전해졌다.
https://n.news.naver.com/mnews/article/005/0001399923?sid=102
1. 당일 30번 넘게 통화
2. 아이는 미아 방지 팔찌 착용
3. 이혼한 싱글맘에 부업까지 하는 상황
4. 전 남편 양육비 잘 안줌
5. 신체적 학대 정황없고 아이 상태 양호
==================================================================
안타깝네요...
이 기사만으로 전말을 단정지을 수는 없겠지만
최근 사회 분위기 때문에 사회적으로 도움이 필요한 사람들까지 매도, 비난하는 일은 없었으면 하",3004,부업 월 100만원,https://www.clien.net/service/board/park/15789043,부업 키워드 부족 (2/4),clien,내복 바람 아이 아동학대 의심사건 반전
,community,"아이폰14플러스 모델을 꽤 오래썼고 그 전에 갤럭시 S10 5G를 썼었지만
스마트폰의 대부분은 아이폰을 사용해왔었습니다.
이번에 제가 응원하는 수원삼성에 조금이라도 도움이 되고자
갤럭시S26 U로 사전예약 후 구매하였고 대략 한달 정도 사용을 했네요.
제 생활 위주의 리뷰이니 참고해서 봐주세요~
장점
1. 사운드 강제 유지
저는 앱테크 앱을 많이 쓰는데, 아이폰을 쓸때는 음악듣던 도중 광고나오면 음악이 끊기고 광고소리가 나왔어요.
근런데 갤럭시는 굿락에서 사운드 관련 설치하면 음악앱의 소리를 강제로 유지시킬 수가 있더군요. 아주 좋습니다
2. 삼성페이
뭐 이건 따로 설명할 필요가 없겠죠 ㅎㅎ
사실 제가 생활하는 반경(평일 집, 회사) 근처는 거의 토스페이 단말기가 있거나 애플페이, 네이버페이 지원 프랜차이즈들이라
불편함은 없었는데, 다양한 카드를 상황에 맞게 결제할 수 있는 삼성페이가 역시 최고더군요.
3. 카메라
단순 품질로는 쩝니다. 줌도 그렇고 근접촬영, 야간촬영 이런게 놀랍습니다.
전에 쓰던 아이폰 모델이 프로가 아니고 플러스가 더더욱 체감이 클 수도 있어요.
다만 아이폰 사진이 뭔가 막 찍을 때 정감이 더 가는 색감(?) 인 듯한 느낌이 있습니다.
4. 자유로운 설정
안드로이드 특성이지만 거기에 굿락까지 더해져서 여러가지 세세한 설정을 할 수 있는게 놀랍습니다.
아마 제가 5년만 더 젊었으면 정말 재밌게 가지고 놀았을 거에요 ㅎㅎ
5. 스피커
스피커가 놀랍습니다.
최근 폰으로 디즈니+ 드라마를 볼때, 드라마 상에서 멀리서 개가 짖는 소리가 났거든요.
저는 진짜 밖에서 개가 짖는 줄 알았어요. 폰 자체의 스피커가 이렇게 좋다고 느낀 점 처음입니다.
6. 펜
펜이 무슨 용도가 있을까 했는데, 찰나의 순간에 잠깐 잠깐 노트에 필기하고 아이디어 정리하고 이런게
생각보다 인생에 큰 도움이 되더라구요. 필기감도 제가 생각했던 것보다 훨씬 좋았습니다.
또 스카이 포스 같은 비행기 게임할때 컨트롤하기에도 좋습니다 ㅎㅎ
7. 통화녹음
원래 SK로 에이닷 써서 녹음은 되었지만 갤럭시는 순정에서 녹음이 되니 저렴한 알뜰폰으로 번호이동했습니다.
요금이 많이 줄었어요 ㅎ
단점
1. 걸음수 측정
이건 아직도 해결책을 못찾았어요. 하라는 모든 설정, 권한 다 줬는데도 문제가 간혹 생깁니다.
저는 앱테크로 걸음수 앱을 굉장히 많이 써요. 아이폰때는 30개 이상 썼었는데 지금은 잘 안되어서
타겟 금액 맞춘건 쿠폰이나 현금 받고 다 지워버렸습니다 ㅠㅠ
예를들면 1번부터 10번까지의 앱들이 있다고 치면....
어느날은 1번~10번까지 모든 앱들이 걸음수가 잘 측정됩니다. 그러다 다음날 갑자기 2번, 3번 앱이 0걸음이에요.
그리고 또 다음날은 희한하게 6번, 7번 앱이 0걸음이구요. 또 다음날에는 1번~10번까지 모두 다 잘되구요
가장 큰 문제는 아이폰의 경우 모든 앱들이 걸음수가 일치하는데 반해 갤럭시에서 쓸때는 걸음수가 다 중구난방입니다.
5천걸음 이상 차이가 나기도 해요....
그래서 그냥 돈 받을 수 있는거 맞춘거는 다 지워버렸습니다.
1년 동안 쏠쏠했는데, 아쉽네요 ㅠ
2. 배터리
기변을 한 이유중에 하나가 배터리였습니다. 아이폰14플러스를 3년이상 써왔고 배터리 성능은 78%였습니다.
거기다가 제가 앱테크 앱을 많이 하니 배터리가 너무 빨리 소진되었거든요.
그런데.......
갤럭시로 기변했는데, 새 폰인데도 오히려 3년 넘게 쓴 78% 배터리 성능의 아이폰보다 더 빨리 배터리가 녹습니다.
걸음수 측정때문에 뭔가 권한 다 주고, 제한도 다 풀어서 그런건지 모르겠는데 그냥 녹아버립니다.
같은 앱을 쓸때 아이폰보다 배터리 효율이 떨어지는 것 같아요.
3.  앱 퀄리티가 다름
같은 앱을 써도 아이폰에서 쓸 때의 퀄리티랑 미묘하게 다릅니다. 뭐라 설명하기가 좀 애매하네요 ㅎㅎ
4. 맥세이프
원래 폰에 케이스를 씌우는 걸 별로 안좋아해서 생폰으로 쓰거나 생폰같은 아주 얇은 케이스만 썼는데요
맥세이프가 이렇게 생활에 일부분이 되었는 줄 몰랐습니다 ㅠ
강제로 맥세이프 케이스를 써야 하니 이것만큼 괴로운게 없어요 ㅠㅠㅠㅠㅠ
거기다가 카메라 간섭으로 인해 가지고 있는 몇개는 아예 쓰지도 못하게 되었습니다 ㅠ
맥세이프 잘 쓰시는 분들은 진짜 고려하셔야 합니다.
저의 상황 위주의 사용 후기라서 안맞는 분들도 계시겠지만 그냥 참고로 봐주세요~
감사합니다.",2117,스마트스토어 후기,https://www.clien.net/service/board/use/19172335,부업 키워드 부족 (1/4),clien,아이폰 사용하다 갤럭시S26 U 기변 후 한달 사용기
,community,"‘나의 첫 쇼핑 AI 에이전트’
네이버 쇼핑앱, 대화하며 쇼핑하는 ‘쇼핑 AI 에이전트’ 베타 출시
- AI 쇼핑앱 출시 1년만에 쇼핑 AI 에이전트까지… ‘AI 커머스’ 쇼핑 경험 빠르게 확장
- 네플스 앱 검색창에 쇼핑 키워드 넣으면 쇼핑 AI 에이전트 작동
- 정보 요약 및 분석, 상품 제안에 집중한 1.0 버전 공개 … 단계적 고도화 예정
- AI 에이전트가 쇼핑 여정 전반 함께하며 사용자에게 보다 스마트한 쇼핑 경험 제공 기대
이제 사용자의 네이버 쇼핑 여정에 AI 에이전트가 동행을 시작한다.
네이버(주)(대표이사 최수연)는 AI 쇼핑 앱인 ‘네이버플러스 스토어(이하 네플스)’ 앱에 ‘쇼핑 AI 에이전트’ 베타 서비스를 선보였다.
쇼핑 키워드 입력하면 AI 에이전트가 상품 특성 및 쇼핑 탐색 가이드 빠르게 제안
이번 ‘쇼핑 AI 에이전트’ 1.0 버전은 네이버의 방대한 데이터를 기반으로 상품 정보 요약과 비교, 리뷰 분석을 통해 사용자의 쇼핑 탐색을 지원하는데 집중한다.
먼저 네플스 앱에서 쇼핑 키워드를 입력하면, 쇼핑 AI 에이전트가 작동해 ▲쇼핑탐색 가이드를 제시하거나 ▲AI에게 물어보기를 제안한다.
예를 들어 사용자가 “소파”를 찾으면 AI 에이전트가 개인화 쇼핑 이력을 분석해 사용 인원, 공간 크기, 소재에 따른 다양한 구매 팁을 요약하고, 적합한 브랜드를 소개한다.
구체적 탐색은 AI 에이전트와 대화로 쇼핑 … 카테고리 확장 및 에이전트 기능 고도화 예정
[사진설명] 사용자들은 쇼핑 AI 에이전트가 요약한 쇼핑 탐색 가이드 살펴보고(왼쪽), 대화를 통해서도 더 상세히 쇼핑 탐색을 이어나갈 수 있다. (가운데, 오른쪽)
더 자세한 탐색이 필요하다면 AI 에이전트와의 대화를 통해 쇼핑을 이어 나갈 수 있다. “신혼집 소파 추천해줘, 강아지와 같이 살고 있어.”와 같이 구체적인 쇼핑 목적을 말하면 AI 에이전트가 상품 스펙과 구매 후기를 분석해 여러 상품군을 탐색하고 최적화된 상품을 제안한다.
이번 베타 1.0 버전에서는 디지털・리빙・생활 카테고리 등을 중심으로 쇼핑 AI 에이전트 기능을 제공하며 상반기 내 뷰티・식품 등으로 적용 카테고리를 빠르게 넓혀갈 계획이다.
또한 네이버는 향후 쇼핑 AI 에이전트가 쇼핑 여정 전반을 오퍼레이션 할 수 있도록 실시간 쇼핑 트렌드 분석, 연관상품 자동 추천, 장바구니 담기 등의 기능을 단계적으로 고도화해 나갈 예정이다.
서브 에이전트들의 유기적 연결 통해 상품 탐색부터 추천까지 최적의 성능 높여
네이버 쇼핑 AI 에이전트는 상품 탐색부터 비교, 추천에 이르는 복잡하고 난이도가 있는 과정을 효율적으로 처리하기 위해, 각 과정에서 최적의 성능을 발휘하는 서브 에이전트들을 유기적으로 연결했다. 서브 에이전트들은 멀티 에이전트로 구축되어 있고, 자사 모델과 외부 모델 중 가장 성능이 좋은 모델을 활용하도록 한 것이 특징이다.
이 과정에서 쇼핑 생태계에 축적된 가격, 배송 정보, 상품 속성 및 사용자 선호 등의 데이터를 학습한 커머스 특화 LLM ‘쇼핑 인텔리전스’를 자체 기술력으로 확보해 서비스 운영 효율성과 수행력을 동시에 높였다는 점에서 의미가 있다.
네이버 최수연 대표는 “복잡한 정보와 다양한 선택지 속에서, 쇼핑 에이전트가 쇼핑 여정 전반을 함께 함으로써 사용자가 더욱 스마트한 쇼핑 경험을 즐길 수 있도록 만들어 나갈 것” 이라고 말했다. 이어 “또한 쇼핑 AI 에이전트를 중심으로 커머스와 콘텐츠, 데이터를 유기적으로 연결하는 AI 융합 생태계를 통해 새로운 비즈니스와 창작 환경 조성에 힘쓸 것” 이라고 말했다.
출처 :
https://www.navercorp.com/media/pressReleasesDetail?seq=34353",1809,스마트스토어 후기,https://www.clien.net/service/board/news/19150406,부업 키워드 부족 (2/4),clien,"네이버 쇼핑앱, 대화하며 쇼핑하는 ‘쇼핑 AI 에이전트’ 베타 출시"
,community,"사실상 첫 인상 리뷰 올립니다.
이번에는 영상, 사진, 음성, 사용성을 제외한
첫 인상과 주변기기들 위주의 간단 리뷰입니다.
정보는 크게 없을 수도 있습니다..
1. 디자인
생각보다 빌드 퀄리티가 좋다고 느껴집니다.
물론 라이카에 비할건 아니긴 하지만
의외로 만졌을때나 볼때마다 나쁘지 않다는 생각이 드네요.
참고로 저는 코엠카메라 보호 스킨을 붙이고
스몰리그 윈드머프를 장착해뒀습니다.
우선 저는 센서커버를 겸하기 위해서 빌트록스 28mm f/4.5 제품을 장착하고 있긴합니다.
최대한 얇은 팬케이크 렌즈를 상시 장착해두는게 여러모로 좋다는 생각이라 이걸 장착했지만
다만 아주 조금 두꺼워지더라도 니콘 26mm f/2.8렌즈가 실사용에서도 더 좋다보니
개인적으로는 빌트록스를 추천하긴 힘들듯 합니다.
화면이 미쳤습니다.
보통 어떤 카메라에서도 생각하지 못할 수준의 화면이라고 생각이 듭니다.
라이카들과 비교했을때는 어쩔수 없긴 하지만
저는 충분하게 예쁘다고 생각이 듭니다.
2. Z 렌즈
이번에 니콘 카메라를 처음 구매하다 보니
렌즈 고민을 정말 많이 했습니다.
우선 얇은 단렌즈, 표준화각, 전천후 줌렌즈 정도를 생각했었고
아래와 같이 구매하였습니다.(페이백 이벤트까지 참여해서 아주 좋습니다ㅎㅎ)
26mm f/2.8
40mm f/2
50mm f/1.8 S
24-120mm f/4.0 S
가볍게 사용해보기는 했지만
니콘의 S라인이 아주 만족스럽습니다.
26mm, 40mm도 분명 나쁘지 않다고 느꼈지만
S라인이 주는 차이가 확실하게 느껴집니다.
다만 50mm 1.8 S는 흠 24-120을 구매한 저에게는 애매합니다.
조리개가 1.8이라고는 하지만 생각보다 24-120으로 딱히 한계가 느껴지지 않습니다.
그래서 24-120mm f/4 S 렌즈가 가장 만족스럽습니다.
어지간하면 이번에 ZR 렌즈킷을 구매해서
24-70 f/4 S을 가지고 계신다면 그냥 사용하시면 되겠지만
보통 바디만 구매하실거라 생각됩니다.
그때는 24-120mm f/4 S을 적극 추천합니다.
단렌즈와 별개로 무조건 하나 가지고 있어야 좋을 듯 합니다.
조리개가 어둡다고 느끼실수도 있지만
제가 사용해봄에 따르면 전혀 문제 없고 대만족했습니다.
(ZF 사고싶다...)
3. 사진, 동영상, 주변기기 등..
우선 짧게 사용한 후기만 글로 남기자면
사진 찍기도 재미있고
니콘 이미징 레시피는 찍는 재미를 더 해줍니다.
S라인 렌즈의 성능이 정말 발군입니다.
애초에 영상기인 만큼 영상에 대해서는
정말 많이 좋습니다.
개인적으로는 오픈게이트 등..
몇가지 기능 미지원이 아쉽기는 하지만
이 성능에 이 가격이라면 이미 과분하다고도 느껴집니다.
그런데 아직 주변기기들이 많이는 있지 않고
CF익스프레스 타입B + 마이크로SD 듀얼 슬롯이라
어찌보면 SD카드만 사용하던 환경이라면
둘 다 새로 구매해야 합니다...리더기도..
저는 이번에 CF익스프레스 타입B로 좀 구성할까 생각중입니다
마지막으로 저는 틸타의 배터리 충전 키트?를 구매하였는데
성능이 더 좋은지는 아직 체감되지는 않습니다.
거의 비슷한 듯 합니다.
다만 영상을 주로 찍으신다면 오히려
이렇게 구성하시면 여러모로 편리할듯 합니다.
기존 배터리도 충전이 가능합니다.
총평
- 명성대로 아주 좋습니다.
- 실제로 만지고 보면 디자인도 꽤 준수
- 니콘의 렌즈가 저렴하지는 않지만 성능이 좋다고 생각
- 니콘이니깐 머지않아 구매가 쉬워질거라 생각됩니다. 웃돈 주고 사지는 마세요.
출처 :
https://greenteacat.tistory.com/141",1722,스마트스토어 후기,https://www.clien.net/service/board/use/19092742,부업 키워드 부족 (1/4),clien,니콘 ZR 간단 리뷰
,community,"디지털 프레임에 대한 구글 포토스 API 지원 종료
얼마 전 구글이 구글 포토스의 디지털 프레임 등에 무료로 제공하던 API 등의 정책을 철회하면서 레노보 스마트 프레임 사용자들에게 치명적인 타격을 입혔습니다. 기본으로 제공되던 앱은 사용성이 떨어지고 서버도 불안정했지만, 그럼에도 불구하고 중고품조차 구하기가 힘들었는데요. 구글 포토스를 연동해서 사용하기에 이만한 하드웨어는 없었거든요. 적당한 크기의 모니터, 튼튼한 마운트, 심지어 가로/세로 회전도 지원하구요. 하지만 이번 구글 정책으로 인해 조만간 더 많은 매물이 중고 시장에 풀릴 것 같습니다. 사실 레노보만을 깔수가 없는게 거의 대부분의 디지털 프레임에 관련 API가 종료되었는데 아마도 CDN 등 트래픽 비용이 무시못할 수준이라서 그런게 아닐까 합니다.
기본 앱의 서비스가 어려워지면서 몇가지 대안으로 떠오른 방법들이 있습니다.
구글 포토스의 API는 더이상 이용을 못하지만 한번에 9장씩 올릴 수 있는 기능을 활용해서 사진을 수동으로 올려서 활용한다.
써드파티 브라우저와 써드파티 앱스토어를 통해 FOTOO를 설치하고, 활용하는 방법이 있습니다. 이미 레딧 등 해외 사이트에서 검증된 방법이고, 국내 커뮤니티에서도 사례가 보입니다. 기존 구글 포토스에 저장된 사진을 그대로 이용하시려면 아마 이 방법이 최선일 것 같습니다. 다만, FOTOO앱도 언제 구글 포토스의 정책에 영향을 받게 될지 모른다는 부분과 해당 앱을 공식적인 경로로 설치하기까지의 과정이 험난하다는 점이 약간 우려스러운 부분입니다. (
참고글
)
해외 레딧 사례에서 보면, FOTOO를 설치하여 기본 액자앱을 대체하고, Keymapper를 설치하여 기존 스마트프레임의 버튼들을 재활용하고, 뒤에 허브를 통해 SSD를 꽂아서 아마도 대부분의 사진을 넣고 돌리면서 사용하는 사례도 있었습니다. (
참고글
)
구글 클라우드에 프로젝트를 생성하고, Oauth 기반의 안드로이드 앱을 직접 빌딩하여 설치하여 사용하는 것도 가능합니다. 하지만 이는 상당한 개발지식과 노력이 필요하기 떄문에 대부분은 시도하지 않으시리라 생각합니다.
현재 상황 및 니즈 파악
저는 본가에 1대, 집에 1대, 처가댁에 1대, 이렇게 총 3대를 운용중에 있습니다. 운용하는 기기가 적지 않다보니 우선 아기 사진을 매일 보시는 장모님으로부터 민원이 바로 접수됩니다. 그러다가 클리앙에서
다음의 글
을 보게되었습니다. Immich(이미지/영상 관리 서버)와 Immich Kiosk(뷰어앱)으로 세팅하셨다는 내용의 짧은 글인데요. 해당 글과 해외 레딧의 사례를 참고하여 구현을 계획했습니다.
우선 다음의 필요 요건이 갖춰지면 좋겠다고 생각을 했습니다.
하드웨어 자체를 변경하지는 않습니다. 일부 능력자들이 뒷면을 열어 ADB 보드를 설치하고, 여기에 크롬캐스트를 연결하는 것을 보았지만, 손재주가 부족하고 문제가 발생했을 때 복원하기 어려울 것 같아 바로 포기했습니다.
운영 체제의 로우 레벨을 건드리지 않습니다. 안드로이드의 ADB 등을 활성화하는 것이 어렵지는 않지만, 이러한 조치들은 장시간 사용 시 기기에 문제를 일으키거나 재부팅 시 설정이 사라지는 부작용이 있어 선호하지 않습니다.
설치 과정이 단순해야 합니다. 레노보 스마트프레임에는 구글 플레이스토어가 없습니다. 플레이스토어 자체도 거의 설치하기 어려운 구조인 것 같고, 서드파티 앱스토어를 설치하기 위해 SDK를 설치해야 하는데, 그 과정도 번거롭습니다. 원래 하드웨어 성능이 좋지 않은데, 이것저것 설치하다가 성능이 더 나빠질까 봐 꺼려집니다.
유지 보수가 간편해야 합니다. 홈서버를 운영해본 분들이라면 공감하시겠지만, 처음에 설정할 때는 매우 열정적이지만 시간이 지나면 다른 관심사로 인해 관리가 소홀해집니다. 관리가 소홀한 가운데에서도 문제 없이 동작하는 시스템이 좋은 시스템입니다. 특히, 사람들이 구글 포토스를 기반으로 레노보 스마트프레임을 사용하는 것을 좋아했던 이유 중 하나는 구글 포토스가 자동으로 사진을 업데이트하고, 업데이트된 사진이 바로 보여지기 때문입니다. 따로 관리할 필요가 적은 것이 이 제품이 인기 있는 이유 중 하나였습니다.
같은 내부망이 아닌 외부망에서도 접근하여 사용할 수 있어야 합니다. 현재 내부망에 있는 레노보가 1대 있고, 외부망에 2대가 있으며, 외부망에 있는 기기들이 당장은 VPN으로 묶기 어려운 환경에 있어서 외부망에서도 접근이 가능해야 합니다.
솔루션
해당 글은 가이드 글은 아니기때문에 상세한 설치 과정은 생략하고, 대략 어떤식으로 접근했는지를 간략하게 설명드리겠습니다. 이미 홈어시스턴트(Home Assistnat) 등을 미니PC나 라즈베리파이 등에서 설치하여 운영하시는 분들은 큰 어려움 없이 진행한 부분 같고, 관련 경험이 없으신 분들은 다소 어렵게 느껴질 수 있으나 요즘은 AI 등의 도움을 받으면 큰 어려움 없이 진행 가능한 부분입니다.
준비물
홈서버 (미니 PC, 라즈베리파이, NAS 등)
블루투스 마우스와 키보드
로지텍 블루투스 마우스와 키보드는 호환이 안되는 것 같고, 저는 마이크로소프트의 스컬프트 라인의 마우스와 키보드는 호환이 된다는 글을 보고 저는 당근했습니다. 키보드와 블루투스 마우스가 있으면 훨씬 편해집니다.
USB-C 허브
블루투스 동글이나 USB 드라이브, SSD등을 인식시키기 위해 필요합니다.
스마트 플러그 (선택)
원격 온/오프를 위해
진행과정 (소요시간: 30분에서 1시간)
Immich 홈서버 설치: 집에 있는 라즈베리파이에 도커로 설치했으며, 기본 설정부터 셋업까지 어려운 부분이 거의 없습니다. 처음 세팅하고 로그인하면 구글 포토와 아주 유사한 인터페이스를 제공합니다.
Immich의 경우는 앱스토어와 플레이스토어에 사진 백업을 위한 별도의 앱이 있습니다. 현재 폰에 있는 앨범의 사진들을 정기적으로 자동으로 동기화가 가능하기때문에 기존에 구글 포토스를 쓸때와 같은 방식으로 자동 백업을 해두시고, 해당 앨범이 자동으로 보이는 방식으로도 세팅이 가능합니다.
파일의 내용이 방대한 경우, Immich는 CLI 방식의 명령어들도 있기때문에 Claude Code와 같은 AI 기반의 코딩 서비스들에게 부탁해서 방대",4540,스마트스토어 후기,https://www.clien.net/service/board/lecture/19077078,부업 키워드 부족 (1/4),clien,레노보 스마트 프레임 업그레이드 하기
,community,"처벌규정을 보면 다음과 같습니다.
신고가 접수되면 관리자는 해당 게시물과 전후사정을 확인한 후 조치합니다.
일반적으로 규칙위반이 확인되면
최초 단순 삭제 및 주의조치
하여 해당 내역이 위반임을 알려줍니다.
그래도
동일한 위반이 반복되면 경고 및 이용제한
하며,
그 이후에도
반복될 경우 이용제한 기간이 가중되어 조치
됩니다.
[이용제한 기간 가중 예시 : 7일 -> 30일 -> 90일 -> 180일 -> 1년 등...]
다만, 그
위반 정도가 매우 심하거나 반복성, 악의성이 있을 경우 바로 가중된 제한일수가 적용
될 수 있습니다.
( * 7일 - 회원에 대한 인신공격, 욕설, 과도한 비난, 은어성 비하·혐오 표현 등
* 30일 - 회원에 대한 명확한 욕설이나 비하, 단시간에 위반사항이 반복된 경우 등
* 90일 - 홍보성 게시물 작성, 의도적 회원기만, 도배성 게시물, 이용방해 행위 등
*
180일 - 고의적이고 악의적인 불쾌감 조성, 허위사실 유포, 분란조장 반복 등
* 강등 - 회원기만형 무단광고, 징계회피 재가입, 의도적인 은어성 혐오·비하 표현 반복 등  )
그런데, 이 처벌규정의 처음은 ""신고가 접수되면""입니다.
즉, 운영진이
""신고""
를 통해 확인한 경우인데, 신고라는 행위가 없음에도 불구하고 운영진과 바로 싸운다면, 이것은 신고가 아니라 검찰이나 경찰에서 이야기하는 이른 바 인지 사건으로 구분되어 신고에 따른 조치를 취해야 하는 당사자가 바로 인지하게된 사례로 판단하여 바로 처벌이 들어간 것이라고 볼 수 있겠네요. 그렇다면, 이런 인지사건이 ""신고""라는 행위에 해당되는지에 대해서는 논란의 소지가 있습니다. 일단 이 부분을 이해하고 넘어간다 해도 또 문제가 나옵니다. 과연 운영진과의 분란이 사이트 이용규칙에 따른 징계 사유가 되느냐 입니다.
선명님의 처벌이유를 살펴보면, 다음과 같습니다.
선명
님이 운영소통게시판에 작성하신 댓글이 아래 내용과 같이 조치되었습니다.
댓글내용 : 님 아 제가 멍청했습니다! 알구게 바이럴들 잡으면 링크프라이스 쿠팡파트너스 수익이 줄어들어서 ""실익""이 없겠군요!
조치사유 : 비방 또는 분란을 조장하는 근거없는 정보 유포
댓글처리 : 관리자삭제
회원조치 : 경고 (사이트 이용제한 180일)
본문링크 :
https://www.clien.net/service/board/symposium/18651486
일단, 조치사유가 비방 또는 분란을 조장하는 근거없는 정보 유포입니다. 이것은 사이트 이용규칙(종합) 제1조 회원간 서로 배려하고 예의를 지킵니다 조항의 제7항 비방 또는 분란을 조장하는 허위사실이나 근거없는 정보를 유포해서는 안된다는 부분을 인용한 것으로 보입니다.
하지만 여기서 제1조의 적용 대상이
""회원""
간 서로 예의를 지키기 위한 조항이므로, 사이트 운영자를 ""회원""으로 볼 수 있는지에 대해서는 찬성할 수 없습니다. 이 조항이 제정된 의미는 게시물을 작성하는 회원들 간의 분쟁을 방지하기 위한 조항이지, 사이트를 운영하는 운영진을 회원의 범주로 확대 해석하는 것은 이 조항의 취지와는 맞지 않기 때문입니다.
특히나, 해당 게시물이 모공이나 다른 게시판도 아니고
운영소통게시판
에서 운영진과 주고 받은 게시물에 대한 것이라면, 사이트 목적과 부합하지 않은 게시글이 작성된 것으로 볼 수도 없어 보입니다.
따라서, 이번 ""선명""님에 대한 180일 블럭은 규정에 따른 것으로 보기도 어려운 과도한 조치로 사료됩니다. 규정과 방침에 따라 진행되었다고 보기는 어려우니 운영진은 ""징계철회""를 하는 것이 합당해 보입니다.
참고: 사이트 이용규칙 (종합) ,
https://www.clien.net/service/board/rule/10707403
CLIEN",1804,쿠팡파트너스 수익,https://www.clien.net/service/board/park/18668114,부업 키워드 부족 (2/4),clien,"운영진과 싸우면, 신고 없이 바로 징계인가요? 징계철회 요구합니다."
,community,"안녕하세요. 현명한진미채입니다.
저도 사용기 게시판에 저의 도전기를 쓰는 날이 오네요.
주제는 바로 유튜브 쇼츠 채널 운영입니다.
요즘 책에 관심이 생기게 되었습니다. 1년에 한권도 제대로 제가 우연한 기회에 책을 다시 읽게 되었습니다.
그러다보니 저는, 밀리의서재나 도서관의 책을 검색하면서 어떤 책을 읽지 찾는 것도 고민거리가 되었습니다.
좋은 책, 다양한 책을 간단히 소개해주는 곳이 있으면 어떨까 싶어서
교보문고나 예스24 등을 찾아보면 다소 상업적으로 소개된 부분이 있어서 아쉽더라구요.
정확히 3월 24일 갑자기 문득 생각이 났습니다.
유튜브 쇼츠를 통해 다양한 책을 소개하는 채널을 운영하면 어떨까?
나와 같이 고민하는 분들은 영상을 좋아하고, 채널을 구독할거야라는 생각을 하게 됩니다.
바로 실행에 옮겼습니다. 먼저, 채널아트와 채널로그를 만들어야겠습니다.
요즘에는 간단하게 미리캔버스나, 캔바스 등을 이용해 이쁜 템플릿이 많아서 간단하게 만들 수 있었습니다.
채널 이름은 한입책방으로 지었습니다. 한입씩만 맛보고, 책을 고른다는 뜻으로 간단하게 지었습니다.
그리고 이렇게 채널을 오픈했습니다.
https://www.youtube.com/@%ED%95%9C%EC%9E%85%EC%B1%85%EB%B0%A9
영상제작에는 크게 두가지 도구를 이용하고 있습니다.
먼저, 음성 녹음에는 타입캐스트를 사용했습니다. 유료베이식 플랜을 이용 중입니다. 사용량에 따라 등급을 올려야하는데 우선 첫달이다 보니 유료 첫단계를 사용했습니다. 한글을 지원 잘해야하고 다양한 목소리를 지원하는 tts 채널을 찾다보니 이것을 사용했습니다.
그리고 영상편집에는 맥과 윈도우, 아이폰 등 다양한 디바이스를 지원하고 빠르고 가볍고 기능이 많은 capcut을 유료 결제하였습니다. 유료를 사용하는 것은 다양한 템플릿과 기능도 있지만, 무엇보다 워터마크 때문에 입니다. 이전에는 영상편집은 파이널컷으로 종종 해봤는데 일주일 캡컷을 사용한 후기로는 상당히 이정도면 좋은 툴이다라는 생각이 듭니다. 다양한 기능 특히 유튜브 채널을 운영하는데 충분한 기능을 가지고 있다고 생각합니다.
또한 vrew라는 프로그램은 tts와 영상편집 기능을 모두 가지고 있었는데, 세부적인 기능등에서 위 두가지를 선택하는 것이 보다 강력하다고 생각되었습니다.
이렇게 채널을 오픈하는데 총비용은 월 2만원정도 소요되었고, 현재 영상은 20개가 올라가 있고, 구독자는 총 17명입니다.
그리고, 가장 인기가 많은 영상은 김영하 작가의 단한번의삶 소개 영상입니다.
무엇보다 꾸준함이 중요한게 유튜브 쇼츠의 세계라고 알고 있습니다.
다양한 책을 소개하고 책 읽는 문화에 기여한다는 생각과 나도 수익좀 내보자라는 생각으로 꾸준하게 운영해 볼까합니다.
그러면서 사용기에 1주일차, 한달차 등등 꾸준하게 연재하여 채널 운영기를 공유하고자 합니다.
많은 기대와 응원 부탁드립니다!
출처 :
https://www.youtube.com/@%ED%95%9C%EC%9E%85%EC%B1%85%EB%B0%A9",1478,유튜브 수익화 후기,https://www.clien.net/service/board/use/18944945,부업 키워드 부족 (3/4),clien,유튜브 쇼츠 도전기 1편(일주일차)
,community,"BGM정보 : 브금저장소 -
http://bgmstore.net/4385
설명:2010년 한국에서 공개되어 그해 넘버원 히트작이 된다.
한국의 아카데미상이라고 불리는 대종상에서 남우주연상을 수상했으며 총8개 부문에
노미네이트 된 액션영화.
마음에 어둠을 안고 사는 남자와 그의 마음을 열게 하는 소녀의 드라마가 전개된다.
주연은 ""마더""의 원빈 ""여행자""에서 찬사를 받은 김새론이 소녀를 연기했다.
원빈이 단련된 육체를 선보이는 본격액션도 볼거리다.
줄거리:과거의 사건으로 인해 마음에 어둠을 안고 도시의 한쪽 구석에서 전당포를 운영하고 사는 남자 태식(원빈) 옆에 사는 고독한 소녀 소미(김새론)에게
태식은 닫혀있던 마음을 열게되지만.
어느 날 소미가 마약중독자 어머니를 노린 범죄에 휘말려 조직에 납치되어 버린다.
소미를 구출하기 위해 태식이 나서게 되는데...
fqjhj328 작성일:2011/07/24 01:22:40
제목 : 감정이 감동의 사용돌이 속에서 미칠듯한 사랑을 외친다.
남자는 큰 충격을 마음에 받고 있었다··
슬픔은 남자의 감정을 어두운나락으로 떨어트리고 있었다..
그런 시간에 영원한 연속일거라고 생각이 들던 어느날··
남자는 앞에 희망의 빛을 보았다.
남자는 소녀에 대한 사랑으로 빛을 찾아내려 했다.
그런 때, 소녀가 어둠으로 빨려들어갈 것 같게된다.
남자는, 목숨을 걸고 소녀를 구하러 간다.
악을 압도적인 힘으로 넘어뜨리면서 소녀를 되찾는 최강의 아저씨.
최고의 영화입니다, 마음이 한껏 부푼후 터진듯한 저릿함을 느낍니다.
마음의 아픔은 사랑을 추구해야 한다는것을 외칩니다,
「목숨을 걸어 지키는 사랑 바라고 있습니다.」
saranpoda 작성일:2011/07/29 16:40:59
제목:원빈의 연기가 뛰어납니다
아저씨와 소녀 사이에 다니는 애정을 그리고 있기 때문에 일순간, 한국판 「레옹」이라는 느낌도 받았습니다만, 더욱 검고 깊은 어둠이 소재로 쓰여진 탓인지
미국도 유럽도 아닌, 아시아 그리고 한국의 영화다! 라고 강하게 느낍니다.
매우 힘있는 영화입니다.
이 영화는 원빈의 연기를 즐기는 영화입니다.
소녀나 다른 배우은 어디 까지나 그의 연기를 돋보이게 하는 조연.
액션도 물론 훌륭합니다만
원빈이 연기하는 남자의 심리 묘사가 훌륭하고, 그것을 진지한 연기로 연기하는 원빈이
대단해 보입니다.
이전부터 연기력에는 정평이 있었다지만,
오히려 달콤한 외모가 방해를 해 아이돌 취급 되었던 면도 있었던 원빈이
정말 배우로서 홀로서기 한 작품이라고 생각합니다.
한국 폭력계 영화에 많이 있는,
꽤 잔인한 묘사도 나오기 때문에 피를보기
싫어하는 사람은 마음의 준비를 하시고 보시기 바랍니다
surusuru47 작성일 : 2011/07/30 16:35:55
제목: 원빈이 좋습니다!
옛 토에이영화와 키타노작품과 「레옹」의 믹스같은 작품이라고
한마디로 설명할 수 있을지도 모르지만, 원빈과 김새론..
이 주역인 두 명이 이 작품을 특별한 것으로 만들고 있습니다.
쓰레기장같은 환경에서 이 두 명의 주위만 평화로운 공기가 흐르고,
액션 영화로서만 얽매이지 않는것이 좋네요.
그리고. 원빈이 근사하다!
걷는 모습, 서는 모습, 떨어지는 모습, 그리고 달리는 모습..
지금까지, 그렇게 아름다운 전력질주를 하는 사람을 본 적이 없어요
sachiko2331jp 작성일:2011/09/01 22:43:03
제목:마음에 호소하는 것이 있습니다
액션에 낭비가 없다.
너무나 움직임이 빨라서 DVD로 슬로우 재생으로 보고싶을 정도입니다.
이것은 사지 않으면 안될듯.. ＾＾；
움직임에 헛됨이 없고, 쓸데없는씬도 적다고 생각했습니다.
한국 영화에 자주 있는 일본인에게는(?) 받아들이려면
무리가 있는 코메디의 씬도
별로 눈에띄지않고, 지금까지 본 한국 액션바이얼런스(バイオレンス:폭력)물 중에서는
최상급이라고 생각합니다.
최근 화제가 된 한국영화 「추격자」도 같이 참혹한 영화입니다만.
전혀 다르군요.
그것은 마지막이 좋지 않았지요
구제할수 없는 없는 최후였습니다.
그렇지만, 이 「아저씨」는 다릅니다.
최후는 상쾌함과 구원이 있습니다.
보는 사람의 마음에 무엇인가가 남습니다.
나쁜놈이 피를 흘리면 흘릴수록, 잔학한 범죄를 하면 할수록
원빈 연기하는 태식의 살육하는 장면이
정당화 됩니다.
그런 분노가 보는 사람에게도 전해지는것 같습니다.
다소 그로이(grotesque)한 씬이 많습니다만,
원빈의 싱그러움으로 버틸수 있습니다＾＾；
각본과 빠른 전개도 영화를 질리지 않게 만들어줍니다.
마이너스의 점이라고 한다면 역시 잔인한점이..＾＾；
라고는 썼지만.. 악인을 징벌하는 것이니까..필요할지도.
cimasai9 작성일:2011/09/07 15:45:40
제목: 원빈도 근사하고 아역도 훌륭하지만.
원빈 근사하고,아역도 잘하고, 여러가지 생각이 들게 하는것이 많았다.
마약, 빈곤, 아이의 인권, 장기 매매.
그렇지만,폭력씬이 너무 잔인해서. 눈을 가리게 될 정도로 보는것이 괴로웠다...
폭력 씬을 어떻게든, 상상시키는 느낌으로 할 수 없었나...
배역적으로는, 악의 형제도,그 부하, 문구가게의 아저씨, 경찰관계 등,
꽤, 개성이 있어 좋지만, 피가 보고 싶지않다
온화한 스토리의 원빈을 보고 싶다.
char_gunsow 작성일:2011/09/09 04:19:23
제목: 한국영화에서는
폭력묘사는 그렇게 이상한것이 아니라고 생각합니다.
그러니까 본국에서도 많은 관객동원할 수 있었을 테지요
한국에서는 영화는 영화다!라는 하는 자부심이 있기때문에
드라마와는 분명히 구별하는 작품도 많고,
이번 원빈이나 이병헌 등도 아무렇지도 않게 그로이(grotesque)적인 영화에 나옵니다.
(이병헌의 「악마를 보았다」의 묘사는 이 작품보다 훨씬 잔인한점이 많습니다.)
「원빈 근사하다!」라고 감상하는 것은 좋다고 생각합니다만,
이따금 한국 영화를 보고 「잔학한 씬이…」라고하는 코멘트는 그만보고 싶습니다.
한류드라마와 한국영화를 함께 생각해주시지 않았으면 좋겠습니다.
ws0812muhlondon 작성일:2011/09/11 15:14:49
제목:원빈의 배우로서의 굉장함을 알 수 있는 작품
저의 올해 본 영화중 No.1 작품입니다.
지금,일본에서 한참 큰 ",10151,부업 성공 후기,https://www.ppomppu.co.kr/zboard/view.php?id=humor&no=144522,부업 키워드 부족 (2/4),ppomppu,[브금] 아저씨 일본 개봉후기.txt20
,community,"10년넘게 이곳저곳 회사를 다니다
회사가 어려워지고 지금은 프리하게 지내고 있습니다.
고정 월급은 있지만 소속이 없는 ㅠㅠ;
저녁에 전기자전거 배달로 부업도 같이 겸하는데..
건당 2천원 정도 벌거든요.
예전에는 이돈 받을 바에 이런일 안한다.. 이런 주의였는데
요즘에 돈이 궁하니 하는건데요
하면서 생각이 달라졌습니다.
2천원 모여서 100만원 되니...이게 참 제가 잘못생각 했구나 느껴지더군요.
회사다니면 티끌모아 태산 잘 못느끼거든요.
또한 회사다닐 땐 몰랐던 감정들..
일거리 하나하나의 소중함, 회사라는 울타리가 나에게 제공해주는것들 모두 갖기 어렵고 소중한것 이라는게 많이 느껴집니다.
회사다닐때는 열심히한게 아닌 열심히 한척 한건가 라는 생각이들고요...
직업에 귀천이 없다는것도 느껴집니다.
예전에는 저 딸배 시키들...하면서 욕했는데.
그분들 얼굴을 보니 다들 가정지키로 나온 사람이더라고요..
그렇다고 신호위반은 하면 안되지만 오죽하면 저럴까...생각이 들기도..
번아웃이나 퇴직으로 심리가 많이 힘드신분들은 배달하면서 재기해보시는거 추천합니다. 여러가지 느끼고 운동도 되어 스트레스도 풀리네요",567,부업 월 100만원,https://www.ppomppu.co.kr/zboard/view.php?id=freeboard&no=9671787,부업 키워드 부족 (2/4),ppomppu,부업하면서 느낀점..4
,community,"온라인 커뮤니티 베스트 글 모음
(2024-10-28 ~ 2024-11-03        기준)
커뮤니티수 : 20
글수 : 14,196
조회수 : 559,042,203
좋아요수 : 2,040,925
댓글수 : 1,413,965
댓글수 : 1,413,965
커뮤니티
82쿡,보배드림,클리앙,디시인사이드,딴지일보,이토랜드,에펨코리아,가생이닷컴,웃긴대학,일베저장소,인스티즈,인벤,엠엘비파크,네이트판,뽐뿌,더쿠,루리웹,에스엘알클럽,오늘의유머,와이고수
-                뽐뿌                (조회수:                20,509,174, 추천수:                33,434, 댓글수:                0)
제목
조회
추천
댓글
작성일시
여의사 번호 딴 농협은행 직원.JPG?45
53,816
7
0
2024-11-03 08:02:01
몸속에 콘돔 있는거같다는 유부녀.jpg?44
47,186
0
0
2024-11-03 22:22:01
진짜 예쁜 여자들 특징.jpg?55
46,936
11
0
2024-11-02 09:07:01
속보] 신세계그룹 ㄷㄷㄷ.jpg?69
46,913
1
0
2024-10-30 11:27:01
현재 망해간다는 편의점 브랜드..jpg?68
46,097
10
0
2024-11-03 09:32:01
(+ 881 건)
-                디시인사이드                (조회수:                20,334,814, 추천수:                157,799, 댓글수:                244,450)
제목
조회
추천
댓글
작성일시
[리갤] 페이커에 관한 외국 밈
132,567
1,813
508
2024-10-29 01:05
[리갤] 걍 이 짤만 봐도 페이커랑 쵸비 차이가 보임 ㄹㅇ
112,456
2,404
536
2024-10-28 11:55
[야갤] 한국 고추 좋아하는 스시녀...JPG
91,400
488
369
2024-11-03 00:40
[리갤] 도인비와 아이콘이 평가하는 쵸비의 플레이스타일.jpg
85,168
1,437
361
2024-10-29 14:15
[야갤] 여장남자 유튜버 댓글 근황....JPG
84,846
714
1,057
2024-11-03 09:40
(+ 927 건)
-                네이트판                (조회수:                40,197,568, 추천수:                165,932, 댓글수:                59,474)
제목
조회
추천
댓글
박위 집안 수양딸 ㅋㅋㅋㅋ가지가지하네 ㅋㅋㅋㅋㅋㅋㅋ
366,555
1,570
444
어휴ㅠ 송지은 신혼여행만 보면 너무 안타까워죽겠네요~~
355,677
1,480
541
송지은씨 조금씩 현실이 자각됐나봐요 전혀 안 행복해...
330,893
731
343
이홍기 미친거 아님?
293,577
1,310
366
와 부승관 인스타 뭐야 ㅠ
293,449
767
811
(+ 1,146 건)
-                루리웹                (조회수:                23,365,450, 추천수:                117,484, 댓글수:                46,250)
제목
조회
추천
댓글
작성일시
개콘 박성호 은퇴선언
63,020
112
27
2024-10-28 18:17
2085년 100만원짜리 물건 파는 다이소 근황
57,301
154
34
2024-11-03 18:20
40대 남편 20대 부인 섹스리스 극복을 위한 노력
56,689
154
79
2024-10-29 17:23
인도 근황 ""음식 좀 깨끗하게 만들어라 더러운 놈들아""
54,882
194
119
2024-10-29 17:49
40억 예산 지원 안 해줘서 5천억 날려버린 영화사.jpg
52,958
202
53
2024-11-02 05:36
(+ 1,164 건)
-                엠엘비파크                (조회수:                4,225,596, 추천수:                1,872, 댓글수:                30,107)
제목
조회
추천
댓글
작성일시
태연 노화가 이상하게 진행되는 거 같아요..
31,248
5
115
2024-11-01 04:24
오징어게임 정호연 근황 jpg
29,211
3
54
2024-10-30 08:47
줄리앤강 아내 몸매 근황...JPG
28,066
8
33
2024-10-29 10:23
승무원이 내 다리에 계속 스킨쉽하던데.jpg
26,942
1
57
2024-11-01 07:25
여자 175cm 80kg 몸매 체감.JPG
26,751
6
34
2024-10-30 04:31
(+ 637 건)
-                인벤                (조회수:                559,705, 추천수:                1,242, 댓글수:                1,903)
제목
조회
추천
댓글
작성일시
19) 공사판에서 만난 눈나
15,735
11
77
2024-11-02 16:54
1억 2천 나왔어요.jpg
15,518
14
31
2024-11-01 14:43
페이커 우승 순간
14,400
30
14
2024-11-03 03:36
야스하다 걸린 동국대 여자 (+후기)
13,861
5
31
2024-10-31 16:24
(ㅎㅂ) 남자들이 좋아한다는 데일리룩
13,563
6
39
2024-10-28 09:04
(+ 68 건)
-                에펨코리아                (조회수:                239,917,144, 추천수:                871,801, 댓글수:                259,520)
제목
조회
추천
댓글
작성일시
중국 클로징 멘트 번역)  바다의 끝에는 하늘이 벽이 되고, 산이 꼭대기에 이르면 내가 곧 봉우리가 된다.
878,624
2,242
446
2024-11-03 04:44
코노 때려 부순 가해자 고소하고 옴
866,031
3,046
923
202",7847,부업 월 100만원,https://www.ppomppu.co.kr/zboard/view.php?id=humor&no=634663,부업 키워드 부족 (2/4),ppomppu,10월5주차 베스트모음0
,community,"""월급은 답 없다"" 부업 뛰어들었더니…月1000만원 찍은 비결
""보너스로 100만원만 벌자는 생각으로 시작했는데 1000만원 벌었어요."" 익명의 한 유튜버가 한 달간 수입을 공개하자 한 재테크 커뮤니티가 뒤집혔다. 유튜버 A씨는 ""쇼츠를 부업으로 시작한 지 9개월째였는데 8월부
https://n.news.naver.com/article/015/0005034236?ntype=RANKING
혼자살면 월급만으로 충분한데...
가장은 자식을 위해서 2잡이 일상인 대한민국
책임감 하나 인정해줘야 합니다.
만들면 출산에서 대학 취업 결혼까지
부모님 맞춤 서비스
결혼은 자식에게 서울에 집한채?
주변에 대부분 자식있는분들 마인드 비슷하던데;;",355,부업 월 100만원,https://www.ppomppu.co.kr/zboard/view.php?id=freeboard&no=8963964,부업 키워드 부족 (2/4),ppomppu,"""월급은 답 없다""부업뛰어들었더니 1000만원 찍은 비결3"
,community,"일단 무지함에 비난도 좋으나 지식을 나눠 주시길 바랍니다
A라는 사람과 B사람이 있으며 같이 부업으로 A명의로 대리운전 월 200만원 수입이 발생되어
각 각 100만원씩 나눠서 가져갔습니다 그런데 A가 종합소득세가 나오면 그 금액을 B에게 낼 것을 요구 했습니다
A는 세전 3500만원을 받으며 직장에 다니고 있습니다 회사에서 연말정산시 무조건 0원 처리를 한다고 합니다
낼것도 없고 받을것도 없을 것이라고 했다고 합니다 그러면서 종합소득세는 알아서 하라고 했다고 합니다
A는 기혼자에 보증금 500/35 원룸살고 재산은 없으며 부양가족 없는 1인 장애인 등록자 입니다
사실 부업 금액이 연 2400만원이라 세금을 내도 소액이며 연말정산으로 대부분 환급 받으면 문제가 되지 않겠지만
A회사에서 연말정산을 안해주니 문제가 되는거 같습니다
이경우 종합소득세 신고시 근로소득을 제외한 부업금액인
2400만원 - 1700만원 (대리운전 단순경비율 85%) - 기본인적공제 150만원 - 장애인공제 200만원 - 기본세액공제 7만원
14만원 나오는데 이렇게 계산 하는게 맞을까요?",543,부업 월 100만원,https://www.ppomppu.co.kr/zboard/view.php?id=problem&no=191473,부업 키워드 부족 (3/4),ppomppu,종합소득세 도움 부탁 드립니다6
,community,"부패했던 천주교(로마카톨릭)에서 성경으로 돌아가자고 독립한게 개신교인데
특별히 한국에서는 개신교가 타락해 보이는건
교회가 거대해지고 부자가 되었기 때문이에요.
그럼 카톨릭은 가난한가? 그렇지는 않습니다.
카톨릭은 성당에 헌금을 내면 그걸 교구에  일정금액을 납부하고 회계관리를 받습니다.
교구에서 각성당의 헌금전체를 다 파악하고 있죠.
작은 성당이라서 헌금이 부족해서 돈이 필요하면  오히려 교구에서 성당으로 필요한 금액만큼 채워주는 구조입니다.
신부님들 사례비도 교구에서 체계적으로 관리를 하고 공평하게 지급하니  개신교처럼 부자목사, 가난한 목사가 없습니다.
그래서 어느정도는 성당간 빈부격차가 적고 부패방지가 됩니다.
그런데 개신교회는 각 교회마다 알아서 헌금걷고 알아서 관리합니다.
그러니까 교회마다 빈부격차가 크고 부자교회, 가난한 교회로 나뉘는 겁니다.
부자교회는 목사에게 사례비로 월 수천만원씩 지급하고 업무비로 그만큼 더 줄수도 있습니다.
반면 가난한교회는 목사에게 월 백만원도 못줘서 목사가 투잡뛰어야 가족부양을 합니다.
개신교 목사 80%정도가 투잡을 뛰거나 목사아내의 소득으로 생활하는걸로 압니다.
굳이 비유를 하자면 헌금관리에 있어서
카톨릭교회는 사회주의, 개신교회는 자본주의 입니다.
개인적으로 교회는 부자가 되서 5층이상 건물 올리면 안된다는 생각을 가지고 있습니다.
교회가 건물올리면 그거 전부다 대출인데,  은행에서는 교회에 대출 잘해줍니다. 교회대출 전문 은행이 있을정도에요.
그 대출이자를 매달 갚으려면 목사가 헌금 강조하는 설교를 안할수가 없습니다.
그러데 새로 등록하는 신자들 특히 아이딸린 부부들이 제일 눈여겨 보는게
독립된 유아실과 주차공간이 충분히 있는가 입니다.
아무리 목사의 설교가 좋더라도  주차하기 불편하고 아이관리하는 방이 따로 있지않고
에어컨 빵빵하지않고 편한의자 없으면 불편하니까 안오게 되구요
주차장도 주일에 근처 학교 운동장이라도 빌리려면 그게 다 돈이죠.
그러니까 악순환이 됩니다.
좋은 시설과 주차자을 갖춘 교회에 사람들이 몰림-> 그래서 교회는 대출받아서 주차장있는 건물올리고 리모델링 함
->대출 이자 갚기위해서 헌금강조하는 설교를 함 --> 헌금 많이하는 신자들에게 직분을 줌(집사,장로)
대출받아서 좋은 시설 갖추게 되면  설교는 듣고싶은말(부자된다,성공한다,건강해진다)을 해주면
한국에서 개신교회는 어느정도 성공하게 되어있습니다.
지금 극우세력에 앞장서고 있는 교회들보면 이런 과정을 거쳐서 부자교회가 된 케이스입니다.
그런 교회들은 마치 대기업같은 존재들이 되버리고 소속 교인들도 비싼 아파트 사는 부자들이 많아지니
부자와 기업의 세금을 많이 깎아주는 보수의 색깔이 강해질수밖에 없습니다.
점점 국힘지지가 되는거죠.
전광훈,손현보,장경동등 극우쪽 목사들과 그 교회들은 이런 과정을 거친 교회들입니다.
그나마 다행인건(?) 아직 한국의 교회들은 대다수가 가난합니다.
한국개신교목사협의회에서 2023년 목사 803명을  대상으로한 조사에 의하면
월평균 사례비는 216만원, 도서구입및활동비로 월 86만원으로 합쳐서 302만원이 평균급여로 조사되었습니다.
물론 담임목사중 급여 500만원 이상을 받는 비율이 26%로 담임목사냐 아니냐 간에도 빈부격차가 심한것도 맞습니다.
2025년 대한민국 중상위 4인가족 평균소득은 609만 7773원 입니다.
그래서 목사라는 직업을 가장 고학력에 가장 저임금의 직업이라고 말합니다.",1671,투잡 성공,https://www.ppomppu.co.kr/zboard/view.php?id=freeboard&no=9262684,부업 키워드 부족 (2/4),ppomppu,개신교가 타락하는 이유는 결국 돈 때문입니다.17
,community,"최근 맥북과 윈도우 미니PC를 병행해 쓰면서 영상 작업, 사진 작업을 하다 보니 저장 공간이 늘 부족하더라고요.
특히 4K~8K 영상 편집 파일을 외부에서 바로 열어 작업할 일이 많아지면서 속도 빠르고, 발열 관리 잘 되는 SSD외장하드케이스가 필요해졌습니다.
시중에는 여러 SSD외장하드케이스가 있는데요.
M2 특성상 속도가 빠를수록 발열이 커지는 점을 고려해서 제가 우선적으로 고려한 부분은
발열관리가 잘 되면서 썬더볼트4 지원하는 제품이였습니다.
그래서 찾게 된 제품이 바로 ACASIS TBU405PRO M1 SSD외장케이스였는데요.
이번 글에서는 제가 직접 삼성 980 PRO SSD를 장착해 써본 솔직 후기와 테스트 결과를 공유해볼까 합니다.
언박싱 및 디테일 확인
패키지는 꽤나 고급스럽게 포장되어 있습니다.
구성품은 본체, USB-C Type-C 케이블, SSD 고정용 나사, 써멀패드, 설명서로 되어 있습니다.
C타입 케이블의 경우
최대 40Gbps의 속도를 지원하는
USB4/썬더볼트4 대응 케이블입니다.
써멀패드의 경우
0.5mm 와 1mm 두께의 써멀패드가
들어 있습니다.
ACASIS TBU405PRO M1 케이스를 처음 받아봤을 때 느낀 점은 깔끔하고 심플한 디자인입니다.
크기는 손바닥 사이즈에 들어오는 아담함으로 들고 다니기 부담 없고, 무게도 가볍습니다.
전체가 알루미늄 하우징이라서 딱 봐도 단단하고 프리미엄 느낌이 납니다.
측면에 썬더볼트4/USB4 포트가 있고 바로 옆에 팬 온/오프 스위치가 있어 필요에 따라 팬을 조절할 수 있는데요.
쿨러가 필요할 때는 온, 조용한 작업 시에는 오프로 설정 가능합니다.
손으로 간단히 열리는 구조라 공구 없이 M.2 SSD를 쉽게 장착할 수 있게 되어 있습니다.
그리고 내부에는 듀얼 칩셋 구성으로 안정적인 데이터 전송이 가능하다는 점이 특징입니다.
이 구성 덕분에 최대 40Gbps까지 연결 가능하고, USB4는 물론 썬더볼트3/4까지 호환되니까 다양한 장비에서도 쓸 수 있습니다.
삼성 980 PRO SSD 장착 후기
제가 사용한 SSD는 바로 삼성 980 PRO NVMe SSD입니다.
전송 속도 면에서 꽤 빠른 편이라 외장SSD로 쓰기에 최적이었어요.
장착 자체도 간단했고, 써멀패드를 붙인 뒤 케이스를 닫기만 하면 됩니다.
실사용 테스트
USB4 포트로 연결했을 때, 실제 파일 복사 테스트에서 읽기 / 쓰기 속도가 꽤 안정적이고 빠르게 나왔습니다.
공랭 방식으로 SSD의 발열을 식혀주니 장시간 사용하더라도 안정적으로 사용이 가능했습니다.
팬 소음도 생각보다 조용한 편이라 작업 중 거슬리지 않았구구요.
윈도우11 기준 연결을 해보니
ACASIS TBU405Pro SCSI Disk Device
이름으로 하드웨어가 인식되는 것을 확인할 수 있었습니다.
기본 온도는 33도를 유지합니다.
실사용 기준으로 온도가 38~44도 사이를 유지합니다.
크리스탈디스크마크 결과입니다.
나래온 더디테스트 결과입니다.
테스트 시간 : 00:18:15
최대 속도 : 3184MiB/s
최소 속도 : 57MiB/s
평균 속도 : 1984MiB/s
평균 속도 50% 미만 구간 : 0.6%
최근 많은 작업을 하면서 외장스토리지가 필요했는데,
ACASIS TBU405PRO M1 외장SSD 인클로저는 정말 만족스러웠습니다.
특히 삼성 980 PRO SSD와 함께 쓰니 속도, 안정성, 발열 모두 기대 이상이었습니다.
ACASIS TBU405PRO M1 인클로저 특장점 정리
-1-
40Gbps 고속 SSD외장하드케이스로
외장SSD 성능을 거의 그대로 활용 가능
-2-
쿨링 팬 + 알루미늄 하우징으로
SSD 외장하드케이스 발열 효과적으로 해소
-3-
썬더볼트4 / USB4 대응과
듀얼칩 설계로 호환성과 안정성 모두 확보
외장SSD, SSD외장하드케이스를 고민하고 있으신 분들중에
특히 썬더볼트4지원 SSD외장하드케이스가 필요하시다면
ACASIS TBU405PRO M1 M.2 외장케이스가 가장 좋은 대안이 되지 않을까 싶네요.
마지막으로 이 제품에 대해 좀 더 자세히 알아보고 싶으신 분이 계시다면
혹시몰라 아래에 링크 남겨놓았으니 모쪼록 많은 도움 되길 바랍니다.
다나와 가격비교 :
http://prod.danawa.com/info/?pcode=56062175
스마트스토어 :
https://smartstore.naver.com/acasis/products/11722174639",2152,스마트스토어 후기,https://www.ppomppu.co.kr/zboard/view.php?id=review2&no=68094,부업 키워드 부족 (3/4),ppomppu,썬더볼트4지원 SSD외장하드케이스 추천! ACASIS TBU405PRO M1 인클로저 사용후기2
,community,"이번에 투잡으로 스터디카페를 계약했습니다.
4/1일 부터 운영 들어가는데 원래는 아무것도 안 바꾸려고 했습니다.
근데, 네트워크는 좀 업글하려고 합니다. (비데도 하나 추가)
현재 : 인터넷 2회선 사용 중( 기가랜 + 500M)
변경 : KT오피스넷 1개 회선 (300Gbyte/일, 접속수 제한 없음) + 공유기 3대로 mesh구성
--- 제가 생각한 구성 -----------------------------------------
1안)  약 43만원
유선 컨트롤러 : iptime T5008
무선 에이전트 : iptime AX6000M  -  3대
2안)  약 47만원
컨트롤러 겸 AP : 티피링크  Archer AXE75
무선 에이전트   : 티피링크 EAP653 - 2대
3안)  약 27만원
컨트롤러 겸 AP : ASUS RT-AX53U  - 3대
-----------------------------------------------------------------------
공유기 산지가 오래되서 솔직히 뭐가 뭔지 잘 모르겠네요.
ip time은 안정성이 떨어진다는 말이 많은데 설정하기가 쉬울거 같고, 티피링크는 감이 잘 없네요.
ASUS는 안정성이 좋다는데 AX53U는 저가형인듯 보여 안정성이 받쳐줄지 좀 걱정되네요.
제가 생각한 것 어떤지, 다른 제품 추천도 환영합니다.",669,투잡 후기,https://www.clien.net/service/board/kin/18679073,부업 키워드 부족 (1/4),clien,"공유기 추천 부탁드립니다. mesh가능, 독서실용(안정성 우선)"
,community,"중고나라 거래하면서 10년만에 처음으로 사기란걸 당해보는거 같아서
4일동안 열받아서 고소진행하려합니다
증거들 모아서 검찰청에서 고소장 작성하면 된다는데 이게 맞는건가요???
오늘까지 연락안오면 바로 다음주 월요일진행하려합니다
1일차 블박구매로 판매글에 폰번호로 문의(본인인증완료)
물건정보확인 및 송금 ( 판매자 계좌,이름 확보 )
내일 연락준다며 종료
2일차 하루종일 송장얘기나 발송얘기없길래 별일있나하고 침묵 (이해중)
3일차 답답해서 물어보니 어제 바빠서 오늘 발송한다캄
발송후 연락달라했는데 저녁되도 말없길래 전화하니 직원통해 확인해본다하고
그이후로 또 연락 두절
인내심 바닥나서 오늘까지 발송 안되면 환불해달라말함
4일차 오전에 문자로 점심전후로 보내준다함
3시에 전화하니 안받고 문자도 안받음
이거 제가 이상한게 아니죠??
실명 확실하고 계좌인증 본인인증되었고 전에 글도 괜찮아서 거래했는데
3일동안 시간손해 감정손해난거 생각하니 너무 열받네요
6시전까지 못주면 환불해달라 마지막 메세지 보냈고 7시까지 답없으면 1차 전화해서 안받으면
고소 진행한다고 말하고 차단할생각입니다
통화할때 들어보니 직장인이라고 직원에게 말한다는건 부업으로 사장이란건데;;
나이도 차신양반이 사람 열받게하는 재주가 있네요 후....",626,직장인 부업 인증,https://www.clien.net/service/board/park/15397525,부업 키워드 부족 (2/4),clien,중고나라 고소 진행하려합니다
,community,"21년에 큰 교통사고가 나서 폐차를 하고 트라우마가 생겨서 운전을 안하고 있었는데
사람이 살다보면 차가 필요한 일이 생기긴 하더라구요 그래서 중고차를 구매하기로 결심을 합니다.
그냥 무난한 세단을 살까 하다가 왜인지 모르겠으나 티볼리에 꽂혀서 엔카를 뒤적뒤적 거리다가
약간의 사고는 있지만 가걱이 저렴하고 사고후 이전 차주가 병적으로 관리했다는 차량을 발견하고 구매하기로 마음먹습니다.
다다음날로 차를 보러가기로 약속하고 유투브 같은데서 '중고차 보러가서 호구안당하는 법'.'중고차 구매시 확인할 것듯' 같은 영상을 여러개 찾아보다가 알고리즘에 걸려 중고차 구매시 전문 정비사가 동행해준다는 ""카바조""라는 서비스를 발견합니다.
티볼리의 경우는 소형차에 들어가서 원래 가격은 13만원입니다만 어딘가에서 받은10퍼센트 할인 쿠폰+  정비사프로모션(아마도 카바조 신규등록 정비사 분들이 자기 홍보하려고 프로모션 할인은 붙이는거 같습니다.)으로 95000원 정도의 비용으로 이용할수 있었습니다.
카바조를 예약하기에 앞서 딜러와 통화를 하고 내일모레 차를보러 갈건데 카바조 서비스를 이용할 것임을 고지하고 (일부딜러는 고지하지 않고 가면 불편해 하는 경우도 있고 비협조적으로 나오는 경우도 있다고 그경우에는 환불대상이 아니라고 미리 고지할 것을 추천하더군요) 19일 오후 2시에 예약을 했습니다...
일정을 확정하고 예약 접수를 하니 정비사분이 바로 연락을 주셔서 차랑번호와 딜러 연락처 등을 알아가셨고 1차적으로  성능점검 기록부와 카히스토리등을 통해서 사고 내역등을 확인하시고는 이차 사고차인거는 알고 사시는 거냐고 저에게 먼저 물어보십니다.
알고 사는거고 차 구매여부를 결정하기보다는 이차 사면서 어디를 조심해서 타야되고 어디를 손봐야 할지 등등을 알고 싶어서 카바조를 이용하는거라고 설명드리고 다음날 약속 시간에 뵙기로 합니다.
약속시간이 2시였고 저는 대충 시간 맞춰서 1시 50분쯤 매매단지 도착해서 딜러분께 연락드리니 정비사분 이마 1시간전부터 오셔서 보고 계셨다고 일단 차 먼저 보시고 마음에 드시면 그때 사무실로 오셔서 계약진행하자고 하셔서 저는 바로 차가 있는 곳으로 갔습니다. 제가 예약한 정비사분은 38년 경력의 베테랑 정비사셨고 삼촌이나 아버지가 설명해주시는것처럼 친절하게 설명도 잘해주시고 전분장비들 활용하셔서 정말 꼼꼼하게 잘봐주셨습니다. 카리프트가 없는 상황이었지만 바닥에 납작 엎드려서 하부도 봐주시고 궁금한 부분 있으면 언제든 물어보라고 하시는데 저는 차알못이라 뭐를 물어봐야 될지도 몰라서 그냥 보시는 동안 내려가서 편의점에서 비타500 2개사서 드렸습니다(사모님이 옆에서 램프들어주거나 기록하는거 도와주고 계셨거든요) 암튼 결론은 사고가 있는건 맞는데 누유는 하나도 없는 깨끗한 차량이고 관리도 잘된것 같다 다만 브레이크오일/부동액/엔진오일은  한번 갈아주는게 좋을것 같다. 타이어도 지금은 괜찮은데 한 10000키로쯤 더타면 그때 교체를 생각하면 될거 같다는 결론을 내고 차 계약하고 가져왔습니다. 차한대 보는데 정말 구석구석 꼼꼼히 봐주셔서 괜찮았습니다.
중고차 구매할때 괜히 차 대충아는 지인 데려가거나 괜히 친한 카센터 사장님 같은분 모시고 가는 것 보다 내돈내고 정식으로 점검받고 타는게 더 좋아보입니다. 천만원도 넘는 중고차 사는데 10만원에서 20만원 써서 좋은차 고르거나 미리 문제점 알고 딜러한테 이런 부분은 수리해 주세요 하고 말할수 있다면 그정도 값어치는 있다고 생각합니다.
어제 점검을 마쳐서 아직 점검리포트를 받지 못했는데(48시간 이내 주신다고함) 받게되면 사진으로 첨부하겠습니다..",1755,부업 1년 후기,https://www.clien.net/service/board/use/18374397,부업 키워드 부족 (1/4),clien,중고차 구매동행 서비스 '카바조' 이용후기
,community,"안녕하세요 주로 축구당에서 활동하는 갈증엔염산입니다
작년 요맘때 전기자전거 구매를 앞두고, 질문글을 올렸는데 1년만에 다시 질문글로 찾아오네요 ㅠㅠ
작년 2월말에 CONNECTED社의 Karv48 이라는 모델을 구매했습니다.
구매 당시 가장 우선순위에 두고 고민했던 것이 1회 충전 최대운행거리를 두고 후보를 뽑았고,
내구성, 가성비, 제조사의 신뢰성 등 기타 사항을 반영하여 최종 의사결정하여 구매했었습니다.
1년 동안, 출퇴근 용도로만 사용하였고, 가끔 동네 마실이나 헬스장 갈 때만 타서 운행거리가 굉장히 짧습니다.
그런데 이 짧은 운행거리에도 불구하고 다른 소모품은 문제가 발생하지 않았는데
유독 이상하게도 뒷바퀴만 펑크가 3번 나서 타이어 교체를 계속해오고 있습니다.
첫 자전거이고, 기계적인 부분을 잘 모르는 제 입장에서는 다음과 같은 경우의 수들이 머리 속에 떠올랐습니다.
1. 나의 주행습관, 주된 운행경로의 문제로 인해 주기적으로 펑크가 날 수 밖에 없는 것 아닐까?
2. 자전거 설계 상의 문제로 앞뒤 하중 분배가 잘 되지 않아 뒷바퀴만 유독 과한 스트레스가 가해졌을 가능성도 있지 않을까?
3. 내가 그냥 돼지라서... (168/61, 명색이 프로팀 분석관 출신이라 꾸준히 운동하고 몸관리하는데...)
4. 우주의 기운이 내 뒷바퀴에만 모이는 것인가...
뭐 대충 이렇습니다....
이번주 토요일에 황금 같은 주말 오전 시간을 내서 구매했던 판매점의 수리센터를 가려고 합니다.
그 전에 자당에 여쭙고 싶었습니다.
Q1. 이 정도의 타이어 펑크나 교체가 일반적인가요?
Q2. 일반적인 경우가 아니라면, 어떤 이유로 자꾸만 펑크가 나는 것일까요?
(가장 궁금하지만, 가장 형편없는 질문같지만, 이렇게 밖에 질문이 안 됩니다. 그냥 자당분들의 개인적인 생각들을 쭉 달아주시면 좋을 것 같습니다)
Q3. 앞으로 어떤 개선이 필요할까요?
원인을 모르는데 개선을 여쭙는 것도 웃기지만 자당분들의 내공과 경험에 의한 의견을 주시면 감사하겠습니다.",981,부업 1년 후기,https://www.clien.net/service/board/cm_bike/15858601,부업 키워드 부족 (0/4),clien,"(질문) 전기자전거 약 2000km 정도 주행했는데, 뒤쪽 타이어만 3번째 펑크입니다"
,community,"안녕하세요.
생애 첫 자가용 구매를 위해 중고차를 구매하기 위해 근 두달간 고생한(?) 내용을 간단히 공유해볼까 합니다. (요약은 맨 아래 있습니다)
* 1차 구매기
원래 아반떼CN7 신형이 멋지게 나와 구매하고 싶었으나 재정상태를 고려하여 같은 아반떼지만 저렴한 중고차를 알아보려고 5월부터 엔카와 케이카 등 매물을 찾아보기 시작했습니다.
차는 처음 구매하는 것이고 게다가 온갖 위험이 도사리고 있다는 소문을 익히 들은 중고차 구매에 앞서 관련 유튜브영상을 꽤나 많이 알아보고 매물을 찾는 과정이 꽤나 길었습니다.
유튜브 등을 통해 확인한 중고차 구매시 주의할 점을 간략히 정리해보자면,
- 성능점검기록부 확인(외판교환보다 뼉다구(프레임)이상유무 확인)
- 보험이력 확인(+카히스토리 검색)
- 소유주 변경이력 확인(1인 신조 또는 소유자 변경이력이 적은 차)
- 자동차365 통한 차량 이력 확인(보험이력과 큰 차이 없는지 확인)
정도였고, 제가 고려한 매물 필수기준은 예산상태와 기타 상황 고려하여 아래로 찾았습니다.
- 예산 700만 이하
- 현대, 기아
- 준중형(아반떼, K3, i30)
- 주행거리 10만km 이하
- 스마트키
엔카와 케이카 중에서 고려하다가, 엔카는 매물은 굉장히 많지만 직접 찾아가 흥정하는 과정, 지역별 흉흉한 소문(?) 등으로 겁이 나서 그보다 매물은 적지만 직영이라는 장점을 내세운 케이카(충남지역 직영점)에서 매물을 알아본 뒤 6월초 차량 하나를 고르고 계약을 진행했습니다.
성능점검 기록으로는 앞부분 휀더와 본넷, 라디에이터 그릴만 교환이력 있고, 프레임 수리이력은 없는 아반떼MD 2012년 8만km가 안되는 차량으로 케이카 홈서비스(온라인결제 후 3일간 타보고 환불할 수 있는 서비스) 통해서 차를 받았습니다.
여기서부터 문제가 발생했는데요.
차를 처음 받아보니 내/외관은 클리닝과 광택작업을 해서 굉장히 세차같은 느낌이어서 만족스러웠습니다. 하지만 혹시몰라 본넷을 열고 여기저기 살펴보는데..운전석쪽 휠하우스 부분 실링처리나 색상이 판이하게 다른겁니다. 심지어 판금흔적이 있고 녹이 슬슬 올라오고 있었고, 운전석쪽 바퀴 안쪽 언더코팅은 벗겨지면서 안에서 녹이 발생하고 있었습니다.
잘못된 형식의 이미지 링크입니다.
잘못된 형식의 이미지 링크입니다.
이후 케이카 담당 평가사(케이카에서는 딜러라는 말 대신 평가사로 지칭하더군요)에게 연락하여 차량에 이상이 있고, 성능점검기록부와 다르게 휠하우스 부분이 이상하고 수리이력이 있는 것 같다 라고 하니 처음엔 그럴 리가 없고 성능점검기록부는 정확하다 라고 응대를 하더군요.
그래도 점검을 받아보고 싶다 하니 그럼 제가 사는 곳 근처 케이카 직영점에 연락해 놓을테니 가서 점검받아보자고 해서 점검을 받았습니다.
결과는...
점검받은 직영점 점장님이 직접 확인하더니 휠하우스 수리이력이 있는 차량이 맞으며, 판매한 직영점에서 실수를 한 것 같다는 결과를 받았습니다. 거듭 사과하며 이후 후속조치를 취하기 위한 연락이 갈거다라는 이야기와 함께 말이죠.
이후는 해당직영점 점장이 직접 연락하여 실수를 인정하고 사과를 했으며, 내부지침에 의거한 보상금액지급 또는 차량 환불을 선택하라고 하여 뒤도 돌아보지 않고 환불을 진행했습니다. 환불을 진행한 이유는 보상금액이 지나치게 적었고, 인터넷에 검색해보니 휠하우스 사고 차량은 장기적인 관점에서 봤을 때 피하는 것이 마음 편하다라는 정보를 얻어서였습니다. 그나마 다행이라 생각했던 건 케이카이기 때문에 환불 가능기간인 3일이 지났음에도 빠르게 환불받을 수 있었다고 생각합니다.
* 2차 구매기
이런 경험을 한 이후에 예산을 조금 올려 다른 차량을 알아보았고, 이상한 결론이지만 케이카(서울지역 직영점)에서 더뉴아반떼MD 2014년형을 같은 방식인 홈서비스로 구매하였습니다. 이번엔 휀더 1개만 교환이력이 있는 차량이었구요.
이번엔 같은 실수를 반복하지 않기 위해 구매하자마자 ‘카바X’라는 중고자 점검 동행서비스를 통해 출장 정비사님을 모셔서 차량 전반에 대한 점검을 받았습니다.
결과는...
이번엔 성능점검 기록부 외에 큰 문제는 없었으나 사이드실 패널(문짝 아래부분) 중 한군데에 미세 판금흔적이 있고, 이게 제대로 되지 않아 찌그러져 있는 것을 발견했습니다.
솔직히 또다시 비슷한 일이 생긴것 같아 실망을 많이했지만..심하지 않은 수준이라 일단은 그냥 타기로 마음을 먹고 지난번과 마찬가지로 케이카 담당 평가사에게 연락하여 이의제기를 했고, 이번엔 협력정비업체에 연계하여 무상 수리를 받을 수 있도록 처리해주었습니다.
이렇게 험난한 첫 중고차 구매가 마무리되었고, 현재는 애지중지하며 아주 잘 타고 다니고 있는데요. 케이카에 대한 평판이 좋아 구매하였지만 결국 이곳도 완벽히 안전하지는 않다는 결론을 내렸습니다. 하지만 다음번에 또 중고차를 구매한다면 마땅한 대안이 없기에, 저는 케이카를 이용할 것 같습니다.
구매를 고려하고 계신 분이 있다면 그래도 적은 비용이 아니기 때문에 구매 전 신중하시고, 구매 후에도 초기에 성능기록부 대비  점검을 꼭 받으시는게 좋을 것 같습니다.
* 요약
1. 성능점검기록부를 절대 100% 신뢰할 수 없음
2. 차량 구매 전/후 반드시 비용을 들여서라도 성능기록부 대비 차량점검을 받는 것을 권장함
3. 케이카라고 100% 안전하지 않음
4. 케이카의 사후관리 서비스는 빠르고 정확한 편임",2606,부업 1년 후기,https://www.clien.net/service/board/use/15126247,부업 키워드 부족 (1/4),clien,케이카 중고차 구매-환불-재구매 사용기
,community,"추천글에 올라온 <40 중반 아저씨의 회사 사용기>라는 글을 유심히 읽었습니다. 대부분 동의하는 내용이고 공감합니다.
다만 10여 년의 근로자 생활과 7년 간의 사업주 생활을 해 본 저로서는 사업주 입장에서 근로자에 대해 평소 품고 있던 나름의 생각이 있고, 그에 대해서도 한번 이야기해 볼까 합니다.
물론 세상에는 참 많은 회사가 있고, 각기 다른 문화와 상황을 갖고 있습니다. 그래서 제 짧은 사업주 경험을 일반화할 수는 없기 때문에 그냥 이런 사장도 있구나 하면서 봐 주시면 좋을 것 같습니다.
1. 회사가 책임져 주는 직원은 드물다.
회사가 책임져 주고자 하는 직원은 분명히 있습니다.
더 구체적으로 말해서 고용 안정성 보장 및 이후 스텝까지 안배해 주고자 하는 직원은 분명히 있습니다.
사업 초반부터 자리잡기까지 큰 공헌을 했던 직원의 경우 이후 입사한 직원들보다 역량이 떨어진다 해도 감당 가능한 수준의 업무를 맡기면서 어떻게 해서든 성과를 내게 해 주고, 그에 맞는 보상을 해 주고자 합니다.
그리고 중간에 들어온 직원 중에서도 상당한 로열티를 갖고 열심히 일하면서 어메이징한 성과를 낸 직원들이 있습니다. 그들에게는 어떻게 해서든 승진과 연봉 및 기타 처우에서 보상을 해 주고자 회사는 노력합니다.
저런 이들까지 배신하고 내팽개치는 회사라면 그 회사 자체가 나쁜 겁니다. (실제로 그런 회사 많이 보긴 했습니다.)
저희 회사의 경우 중소기업임에도 불구하고 대기업 수준의 복리후생과 연봉 산정 및 고용안정성을 최대한 보장하고 있습니다. 이렇게 휴직이 자유롭고 실적 대비 높은 비율의 성과급을 주는 회사도 드물 것이라는 건 모든 직원들도 인정하고 있습니다.
그런데 문제는요,
저렇게까지 회사가 챙겨 주고 싶은 직원이 사실은 그다지 많지 않다는 겁니다.
많은 직원들이 자신은 성실하다, 열심히 최선을 다한다 등등 항변합니다.
하지만 그들 중 다수는 사실 그렇게까지 진심으로 일하지 않습니다.
틈만 나면 업무 시간에 웹서핑을 한다든가 주식 앱을 본다든가,
흡연 하러 나가서 함흥차사라든가,
화장실 가서 앉아서 폰으로 한참 게임하고 온다든가,
외근 나갔다가 사우나나 카페에서 눈치껏 시간 죽이고 온다든가,
추가 근무 수당 챙기기 위해 팀장이나 부장 없는 저녁에는 앉아서 넷플릭스 보고 폰 게임하다가 9시~10시쯤 자리 가방 챙기고 지문인식기에 타각해서 야근 처리하고 퇴근한다든가,
지각을 하거나 업무 시간에 개인적 용무를 보는 건 그럴 수 있지만 추가 근무 수당이 누락되는 건 절대 견딜 수 없어 한다든가,
동료들 모두 바쁜 와중에 눈치 살살 보면서 자기 몸 편하기 위해 머리 굴린다든가
관리자와 대표 눈에는 그게 대부분 보입니다.
하지만 그런 행동을 하면서 정작 평가 시즌에는 자신이 업무에 있어서는 정말 확실하게 최선을 다했다고 주장합니다.
그런 이들이 회사와 계약 관계가 소멸되었을 때 늘 하는 말은
""회사가 나를 버렸다."" 입니다.
하지만 많은 경우 같이 가기 힘들기 때문에 관계 정리를 할 수밖에 없습니다. 그런 이들로 인해 열심히 일하는 다른 직원들까지 물들게 되거나 분위기가 흐려지기 때문입니다.
근로계약은 쌍방간에 의무와 책임과 권리가 있는 계약입니다.
직원에게 퇴사를 선택할 수 있는 자유가 있는 것처럼 회사도 그 직원과의 계약을 정리할 수 있습니다.
직원의 갑작스러운 퇴사로 인해 회사가 받는 피해는 그다지 이슈화되지 않지만, 회사의 해고로 인해 직원이 받는 피해는 언제나 조명됩니다. 상대적으로 개인이 집단보다 약자이기 때문에 그 개인의 권리가 더 보장되어야 하는 건 맞습니다만, 회사라고 해서 한 번 채용한 직원을 정년까지 무조건적으로 고용 유지해야 하는 건 아닙니다.
여하튼 회사에서 정말 가치 있는 직원이다 하고 판단할 수 있는 근로자는 사실 그다지 많지 않습니다.
이게 2번과 연결됩니다.
2. 무능해 보이는 선배사원들이 회사에 있으면 안 되는 거다.
무능해 보이는 선배 사원들이요, 사실 그 분들은 나이 먹고 무능한데도 회사에 있으면 안 되는 겁니다. 그런 분들을 그래도 월급 주면서 어떻게든 일 시키는 회사가 오히려 고마운 겁니다. 무능력자들에게 고용안정을 지켜주니까요.
회사는 자선 단체가 아닙니다.
직원들은 회사에 성과를 내 주어야 하고, 그 성과를 바탕으로 회사는 급여를 지불하고 복리후생을 감당하며, 미래 성장을 위한 재투자를 합니다.
그런데 무능하거나 혹은 일을 대충해서 제대로 성과를 내지 못하는 사람들은 회사에게도, 열심히 일하는 다른 동료들에게도 피해를 줍니다.
열심히 일해도 회사가 합당한 처우를 하지 않는다?
그럼 그 회사를 계속 다니면 안 됩니다.
그럼에도 그 회사를 계속 다니면서 대충 일하고 적당히 월급 받고 근무한다는 건 결국 다른 곳으로 가봤자 자신의 상황에서 현재 수준의 처우를 기대하기 어렵기 때문에 그나마 낫다고 생각하는 쪽에 남아 있는 겁니다.
그리고 그런 사람들은 계속 회사에 남아 다른 직원들에게 부정적 영향을 미칩니다.
그래서 저는 무능해 보이는 선배사원들이 회사에 있으면 안 된다고 생각합니다.
3. 회사가 안 바뀌는 것은 당연한 거다. 바뀐다는 기대를 하지 말고, 이 회사와 자신이 잘 맞는지 아닌지를 판단해서 결정해야 한다.
회사의 문화와 시스템은 하루아침에 바뀌지 않습니다. 설령 대표가 바뀐다 해도 남아 있는 임직원들의 생각과 습관은 쉽게 바뀌지 않으며, 주주들의 성향은 고정불변입니다.
사람이 바뀌지 않기 때문에 회사는 문제 있는 직원을 정리할 수밖에 없습니다. 마찬가지로 직원도 회사가 바뀐다는 기대를 하기 보다는 더 잘 맞는 회사를 찾는 수밖에 없습니다.
4. 이력서는 눈에 보이는 것도 믿으면 안 된다.
이력서가 모든 걸 말해주지는 않습니다. 그리고 적당히 사실과 거짓을 혼합한 이력서가 너무도 많습니다.
따라서 회사는 이력서를 보면서 대략적인 그 직원의 업무 경험폭을 측정합니다만, 결국은 면접을 통해서, 그리고 수습기간을 통해서 그 직원에 대해 판단합니다.
그런데 때때로 면접 중에서 ""나는 이런 경력을 갖고 있는데 왜 너희는 나에게 더 높은 연봉과 더 높은 직급을 보장하지 않느냐?"" 하는 질문을 받습니다.
그럴 때마다 제 대답은 이렇습니다.
""다른 곳에서 쌓은",7050,퇴사 후 부업,https://www.clien.net/service/board/park/16444423,부업 키워드 부족 (3/4),clien,40 중반 아저씨의 회사 운영기
,community,"이펙티브 시리즈 중 테스트와 관련한 책, 'Effective Software Testing'을 번역하게 되었습니다. 소프트웨어 테스트 코드를 체계적으로 작성하는 방법을 알려주는 좋은 책이라고 생각합니다. 현재 온라인 서점에서 예약 판매 중입니다.
이 책을 번역하게 된 계기와 과정을 공유하고자 합니다.
몸담은 분야인 IT 서적을 번역하는 일은 이전부터 관심이 있었습니다. 개발자는 항상 새로운 지식을 습득해야 하는 직업입니다. 여러분도 현재 관심을 두고 있는 기술에 대한 최신 자료, 특히 책 번역을 한 번씩은 생각해 보셨을 것 같습니다.
IT 서적은 다른 분야의 원서보다 쉽게 읽을 수 있습니다. 기술서이기 때문에 함축된 표현이나 어려운 문장이 적습니다. 엔지니어인 우리는 당연히 바탕 지식이 있기 때문에 이해도 쉽게 할 수 있고, 이미 알고 있는 내용이 있다면 더 쉽게 이해할 수 있습니다. 더구나 코드가 많습니다! (번역 안 해도 됨.
개꿀
)
지난번에 공유한 적 있는
NestJS 관련 책
의 편집 기간이 길어지면서 번역에 눈을 돌리게 됩니다. '어차피 공부는 계속 해야할 것 같은데, 책을 꾸준히 쓰고, 번역만 하면서 살 수도 있지 않을까'하는 생각이 듭니다. 싱가폴에서 이미 그 생활을 하고 계시는 분의 블로그 글을 보고 과연 가능한지 직접 테스트를 해 보고 싶어집니다.
먼저 아마존에서 최근 발간 예정인 책을 쭉 둘러보면서 내가 번역 가능한 책이 있나 살펴봅니다. 몇 권을 후보로 골라 출판사에 메일을 보냅니다.
""혹시 번역가는 필요하지 않으세요?""
아쉽게도 'Effective Software Testing' 외 다수가 다른 출판사에서 계약이 진행 중이고, 가장 해보고 싶었던 책은 저작권자가 출판권을 수출하지 않는다고 합니다. 그러던 와중에 운 좋게 다시 일이 성사되어 제이펍과 번역 계약을 하게 됩니다.
이후 과정은 자신의 책을 만드는 과정과 비슷합니다. 일정 기간(번역은 보통 2~3달) 동안 출판사가 원하는 양식대로 초고를 준비합니다. 제이펍은 MS 워드를 이용해서 정한 서식대로 작성합니다. 그리고 n차 편집을 거치면서 메일로 의견을 나눕니다. 오탈자를 잡고, 어색한 문장을 가다듬습니다. 제가 이해하지 못해 대충 얼버무린 문장은 당연히 편집자나 독자도 이해하지 못합니다. 이런 부분을 몇 번씩 다시 읽고 이해하고 자연스러운 문장으로 바꿉니다. 그러면 어느새 출간 양식을 갖춘 pdf 파일 형식의 책이 만들어집니다. pdf의 메모 기능으로 질문과 답을 교환합니다. 간단한 내용은 바로 메일 본문에 적기도 합니다.
기술 서적을 번역한다고 하면 얻을 수 있는 이득은 다음과 같습니다.
1. 새로운 지식을 습득할 수 있다.
2. 부업으로 돈을 벌 수 있다.
3. 몰랐던 영어 표현을 배울 수 있다.
4. 글쓰기 실력을 함께 향상할 수 있다.
이 중, 2번은 제외하고 번역가에게 가장 득이 되는 부분은 어디일까요? 바로 4번입니다. 번역하는 데 드는 에너지의 90%는 문장을 해석하고 가다듬는데 사용합니다. 아이러니하게 독자로써 책을 읽으며 새로운 지식을 얻는 것만큼 새로운 지식이 머리에 들어오지 않습니다. 읽고, 이해하고, 이해한 바를 쉽게 풀어쓰는 데 온통 정신이 팔립니다. 물론 번역기의 도움을 많이 받습니다. AI로 자동화해서 번역 업무를 하겠다는 분도 계시던데, 아직은 멀었다고 봅니다. 그리고 생각보다 초고를 쓰는 데에 시간이 많이 걸립니다. 책 한 권을 만드는 데 투입한 총시간을 계산하면 최저임금보다 조금 더 받는 정도랄까요. 저작과 번역만으로 먹고 살 수는 있겠지만 만족하지는 못하겠다, 기회가 여유가 될 때 다시 하자라고 결론 내렸습니다.
부정적으로 썼지만 이 부분을 모두 상쇄해 주는 점이 있습니다. 바로 '옮긴이'에 이름을 올릴 수 있다는 거죠!
출간 후 출판사에서 무료로 보내주시는 10권의 책도 있네요. 주위에 나눠주는 기쁨이 있거든요.
이제 독자의 입장에서 다시 한번 찬찬히 읽어봐야겠습니다. :)",1927,온라인 부업 후기,https://www.clien.net/service/board/cm_app/17923894,부업 키워드 부족 (3/4),clien,번역 후기 - 이펙티브 소프트웨어 테스팅
,community,"온라인 커뮤니티 베스트 글 모음
(2025년 6월 27일 금요일 오후 6:17        기준)
커뮤니티수 : 22
글수 : 2,430
조회수 : 63,886,764
좋아요수 : 289,412
댓글수 : 194,069
댓글수 : 194,069
커뮤니티
82쿡,아카라이브,보배드림,클리앙,디시인사이드,딴지일보,개드립,이토랜드,에펨코리아,가생이닷컴,웃긴대학,일베저장소,인스티즈,인벤,엠엘비파크,네이트판,뽐뿌,더쿠,루리웹,에스엘알클럽,오늘의유머,와이고수
- 와이고수 (조회수: 105,171, 추천수: 377, 댓글수: 461)
제목
조회
추천
댓글
작성일시
여자는?ㅅㅅ용임
13,075
19
26
2025-06-27 07:13
오랜만에?번따했는데..
8,397
12
40
2025-06-27 07:14
돌싱을?꺼리는?이유가?뭐야
8,363
9
38
2025-06-27 07:14
지금?ㅂㅗ지에?싸고싶으면?개추
7,244
12
4
2025-06-27 07:13
모솔아다?비율이?얼마나?되는?거?같음?
5,343
6
35
2025-06-27 07:14
(+                            59                            건)
- 뽐뿌 (조회수: 3,398,524, 추천수: 9,971, 댓글수: 7,103)
제목
조회
추천
댓글
작성일시
가세연, 쯔양 영상 올리면 1회당 1000만원 내야한다
91,736
58
28
2025-06-27 12:12:01
카페24 부럽네
82,476
33
50
2025-06-27 11:37:01
여자들 하객룩으로 제일 이쁜 패션
38,108
4
36
2025-06-27 12:32:02
쿠팡 드디어 떴네요 ㄷ.jpg
37,904
16
49
2025-06-27 04:37:01
[지마켓]샤오미 스마트 BMI체중계 S200(18,480원/무료)
37,267
20
57
2025-06-27 02:12:02
(+                            162                            건)
- 더쿠 (조회수: 2,775,809, 추천수: 0, 댓글수: 32,468)
제목
조회
추천
댓글
작성일시
오늘자 퇴직금 일시지급 폐지 ㄷㄷㄷㄷ
92,604
0
291
2025-06-27 01:10
노래 듣기싫다고 썼다가 팬들한테 인용 6000개 넘게 싸불 당하고있는 트위터 유저
72,980
0
950
2025-06-27 00:16
여자친구 노산인데 임신못하면 결혼할 필요 없는거 아냐?
71,841
0
356
2025-06-27 03:47
중독되면 은근 돈 줄줄새고 답없기로 유명한 취미.JPG
67,432
0
207
2025-06-27 02:32
동일본대지진 당시 센다이공항 촬영영상(공포 주의)
66,489
0
411
2025-06-27 00:10
(+                            100                            건)
- 에펨코리아 (조회수: 24,617,208, 추천수: 80,960, 댓글수: 36,071)
제목
조회
추천
댓글
작성일시
ㅇㅎ?) 팰월드 무서운거 발견함.....jpg
555,079
530
190
2025-06-26 23:50:00
빠르게 지나가는 스팀 여름 할인 (신규) '역대 최저가'
529,996
2,979
457
2025-06-27 03:07
NHK속보) 일본, 3년만에 오늘 사형 집행
529,996
1,964
1,102
2025-06-27 13:29
임금 축소 없는 주 4.5일제 근황 jpg
529,996
1,760
2,501
2025-06-27 12:56
""왜 승진 안 시켜줘""…충주시장실 문 부순 공무원 체포
529,996
1,671
631
2025-06-27 10:57
(+                            66                            건)
- 82쿡 (조회수: 285,632, 추천수: 0, 댓글수: 702)
제목
조회
추천
댓글
작성일시
이경규씨 심각했네요
24,728
0
52
2025-06-26 13:17:56
김명신 전남편이 사기결혼을 당했다고 주장한다고 곧 발표한다고 하긴하네요
20,755
0
37
2025-06-26 18:23:31
요즘 제가 가장 부러워하는 연예인
20,119
0
39
2025-06-26 15:00:17
오늘 사우나에서 들은 열무김치 비법
19,302
0
47
2025-06-26 19:35:19
아들과 싸운 뒤 화난다고…며느리 흉기로 수차례 찌른 70대男
18,459
0
22
2025-06-26 17:30:15
(+                            13                            건)
- 엠엘비파크 (조회수: 467,141, 추천수: 184, 댓글수: 3,163)
제목
조회
추천
댓글
작성일시
오늘 난리날 예정인 넷플릭스 ㄷㄷ...JPG
35,231
5
61
2025-06-27 06:27
장마 사실상 종료..jpg
30,078
4
93
2025-06-27 11:49
다음 달에 출소하는 엽기범죄자
26,642
7
101
2025-06-27 07:26
박진영 집 식탁 ㅎㄷ
24,792
4
44
2025-06-27 08:47
8년차 중학교 여교사 월급.jpg
21,812
6
193
2025-06-27 13:00
(+                            62                            건)
- 이토랜드 (조회수: 1,430,503, 추천수: 11,812, 댓글수: 6,386)
제목
조회
추천
댓글
작성일시
여친이 양양에서 원나잇 하고온 남자
31,001
192
147
2025-06-26 13:07:03
한국 점유율 0%, 충격에 빠진 샤오미
28,748
186
156
2025-06-26 19:07:03
뉴진스, 결국 하이브의 최종 설득 거부
27,156
175
179
2025-06-26 16:07:03
미모의 등산녀.jpg
26,608
154
112
2025-06-26 23:07:03
10살 연하여친이 무서운이유
25,572
224
92
2025-06-26 09:07:03
(+                         ",8036,투잡 후기,https://www.ppomppu.co.kr/zboard/view.php?id=humor&no=678522,부업 키워드 부족 (1/4),ppomppu,[6/27(금) 베스트모음] 여자는?ㅅㅅ용임0
,community,"온라인 커뮤니티 베스트 글 모음
(2024년 11월 2일 토요일 오후 8:09        기준)
커뮤니티수 : 20
글수 : 1,571
조회수 : 60,003,628
좋아요수 : 232,450
댓글수 : 157,468
댓글수 : 157,468
커뮤니티
82쿡,보배드림,클리앙,디시인사이드,딴지일보,이토랜드,에펨코리아,가생이닷컴,웃긴대학,일베저장소,인스티즈,인벤,엠엘비파크,네이트판,뽐뿌,더쿠,루리웹,에스엘알클럽,오늘의유머,와이고수
- 인스티즈 (조회수: 2,632,089, 추천수: 1,569, 댓글수: 25,741)
제목
조회
추천
댓글
작성일시
사당역 엘리베이터 실제 상황.JPG
139,299
33
258
2024-11-01 10:05
칼국수를 칼국수라고 말 안하는 아일릿 원희.JPG
129,895
4
182
2024-11-01 11:42
유영철 담당 교도관 ""유영철, 밤마다 희생자들 귀신 나타난다고 호소""
118,586
7
165
2024-11-01 08:18
삼성전자는 20대들에게 실망했다.blind
114,945
5
185
2024-11-01 12:54
""안유진은 개딸, 나영석 질문 수준 너무 후져""
112,739
14
107
2024-11-02 00:08
(+                            55                            건)
- 뽐뿌 (조회수: 2,063,984, 추천수: 4,581, 댓글수: 0)
제목
조회
추천
댓글
작성일시
진짜 예쁜 여자들 특징.jpg?55
46,936
11
0
2024-11-02 09:07:01
혼란한 와중에 과즙세연 근황.jpg?82
43,218
16
0
2024-11-02 14:37:01
공부하라고 줬더니.. 무상 노트북 부수는 학생들?116
41,635
16
0
2024-11-02 08:17:01
[ssg] 보메로 17(다양/무료)?56
41,563
13
0
2024-11-02 10:12:01
바세린 발명가의 최후.jpg?44
37,630
11
0
2024-11-02 08:27:01
(+                            87                            건)
- 이토랜드 (조회수: 1,498,900, 추천수: 14,108, 댓글수: 9,865)
제목
조회
추천
댓글
작성일시
대물을 맛본 여자들의 후기
35,338
221
199
2024-11-01 15:07:02
여친 있는데 후배랑 해버림
33,802
196
154
2024-11-01 13:07:02
1억 2천 나왔어요.jpg
31,785
280
186
2024-11-01 17:07:02
추신수 부고 소식....jpg
30,122
202
154
2024-11-01 17:07:02
편의점에서 콘돔사가는 커플
27,430
294
166
2024-11-01 16:07:03
(+                            89                            건)
- 엠엘비파크 (조회수: 487,789, 추천수: 234, 댓글수: 3,302)
제목
조회
추천
댓글
작성일시
유명 필라테스 강사 양정원, 사기 혐의로 입건
22,042
6
28
2024-11-01 22:07
ㅇㅎ)근육질 여고생의 야스 후의 표정
21,314
1
13
2024-11-02 15:37
실시간 이마트 계산줄 ㅋㅋ
20,909
8
61
2024-11-02 11:49
다들 홈플러스로 가세요jpg
20,653
8
35
2024-11-02 15:35
쯔양 근황.JPG
18,990
2
56
2024-11-02 13:50
(+                            71                            건)
- 오늘의유머 (조회수: 29,833, 추천수: 395, 댓글수: 88)
제목
조회
추천
댓글
작성일시
한국 놀러온 관광객들이 편의점 가면 꼭 먹는다는 조합
10,017
66
23
2024-11-02 09:06
시골에 사는 유튜버가 주운 가방
6,382
111
11
2024-11-02 04:11
민폐 외국인 조니 소말리로 보는 한국과 일본의 차이
5,126
70
14
2024-11-02 12:55
중앙선 침범해서 추월하던 아반떼의 최후
4,181
51
18
2024-11-02 20:00
오늘 발표수업에서 교수님이 우셨어...
4,127
97
22
2024-11-02 11:05
- 더쿠 (조회수: 3,713,156, 추천수: 0, 댓글수: 28,821)
제목
조회
추천
댓글
작성일시
화려하고 이쁜 엑소 첸 결혼식장 꽃장식
96,114
0
395
2024-11-02 02:18
유재석과 나영석 모두에게 선택받은 예능인
79,487
0
174
2024-11-02 01:29
(왕스포) 오징어게임2 티저를 0.25배속으로 봤을 때 발견할 수 있는 사람
77,907
0
307
2024-11-02 08:24
오늘 발표수업에서 교수님이 우셨어...
77,667
0
474
2024-11-02 01:01
실시간 하이브 문건에 등장한 몬스타엑스 내용을 읽은 몬베베들 반응
77,606
0
330
2024-11-02 01:22
(+                            83                            건)
- 인벤 (조회수: 32,912, 추천수: 71, 댓글수: 133)
제목
조회
추천
댓글
작성일시
19) 공사판에서 만난 눈나
10,843
6
69
2024-11-02 16:54
18년 만에 붙잡힌 자매 성폭행범
6,279
5
23
2024-11-02 11:54
오늘 발표 수업에서 교수님 극찬함
5,755
19
13
2024-11-02 11:01
페루 바가지 요금 대리 참교육
4,474
5
11
2024-11-02 01:10
아이유 2025 시즌그리팅
2,302
8
9
2024-11-02 10:55
(+                            2                            건)
- 가생이닷컴 (조회수: 18,221, 추천수: 0, 댓글수: 35)
제목
조회
추천
댓글
작성일시
[JP] 日 칼럼 ""일본 젊은이들은 왜 한국에 푹 빠지는 걸까?"" 일본반응
10,705
0
",7357,직장인 부업 인증,https://www.ppomppu.co.kr/zboard/view.php?id=humor&no=634423,부업 키워드 부족 (1/4),ppomppu,[11/2(토) 베스트모음] 사당역 엘리베이터 실제 상황.JPG0
,community,"온라인 커뮤니티 베스트 글 모음
(2024년 11월 9일 토요일 오후 8:09        기준)
커뮤니티수 : 20
글수 : 1,559
조회수 : 56,791,576
좋아요수 : 213,435
댓글수 : 137,097
댓글수 : 137,097
커뮤니티
82쿡,보배드림,클리앙,디시인사이드,딴지일보,이토랜드,에펨코리아,가생이닷컴,웃긴대학,일베저장소,인스티즈,인벤,엠엘비파크,네이트판,뽐뿌,더쿠,루리웹,에스엘알클럽,오늘의유머,와이고수
- 더쿠 (조회수: 2,784,090, 추천수: 0, 댓글수: 25,057)
제목
조회
추천
댓글
작성일시
연예인들의 찐 핸드폰 홈화면
79,267
0
281
2024-11-09 00:27
밥 하기 싫어서 이혼한다하면 웃기겠죠?
74,790
0
562
2024-11-09 01:28
나혼자산다 어제자 시청률
73,684
0
487
2024-11-09 08:30
하도 에어팟 한쪽씩 잃어버려서 강민경이 만들었다는 물건
69,112
0
385
2024-11-09 10:16
제발 월급 함부로 쓰지 마세요
65,508
0
456
2024-11-09 13:40
(+                            73                            건)
- 뽐뿌 (조회수: 2,251,466, 추천수: 3,457, 댓글수: 0)
제목
조회
추천
댓글
작성일시
현시각 젤렌스키  ㅋㅋㅋㅋㅋ?149
40,647
33
0
2024-11-09 08:27:01
스타 마인에 개빡친 여캠 ㄷ..jpg?45
40,474
6
0
2024-11-09 16:02:01
정우성 열애설 결과 ㄷ JPG?49
39,441
3
0
2024-11-09 15:47:02
혜리 몸매 이정도 였나요..?61
39,008
3
0
2024-11-09 10:27:01
비키니화보 고말숙.jpg?40
38,071
4
0
2024-11-09 17:52:01
(+                            86                            건)
- 클리앙 (조회수: 2,515,428, 추천수: 2,856, 댓글수: 2,366)
제목
조회
추천
댓글
작성일시
특활비, 진짜 전액 삭감.
55,100
296
102
2024-11-08 10:21:43
와 전액삭감하는 장면 진짜 사이다네요ㅋㅋㅋㅋㅋ
46,400
121
16
2024-11-08 11:35:51
[단독] 검찰 특활비 '0원' 되나…법무부 검찰과장 항의 사표
38,400
85
76
2024-11-08 11:54:06
특활비 전액삭감 관련 여담인데요
37,500
101
29
2024-11-08 12:55:20
스타벅스 주문 닉네임 근황.jpg
35,200
39
40
2024-11-08 12:50:40
(+                            183                            건)
- 루리웹 (조회수: 2,048,423, 추천수: 9,968, 댓글수: 3,529)
제목
조회
추천
댓글
작성일시
비상구 문 열려던 승객, 다른 승객들에게 집단 구타
41,209
264
63
2024-11-09 01:02
김천 김밥축제가 호평받은 이유
40,655
161
38
2024-11-09 00:03
장난감 재활용 인터뷰의 말투가 심상치않다.jpg
37,313
144
34
2024-11-09 00:51
요즘 트위터에 뜨고 있는 포케카 밈
31,147
105
19
2024-11-09 01:50
남자친구 전여친 임종이라길래 보내줬더니 둘이 물고빨고 있네요.jpg
30,570
103
36
2024-11-09 09:45
(+                            103                            건)
- 네이트판 (조회수: 4,234,295, 추천수: 14,025, 댓글수: 7,747)
제목
조회
추천
댓글
작성일시
조두순 몰래이사가서 지금 안산 난리남
194,427
724
116
저보고 상향혼해서 좋겠대요
166,627
1,126
511
이 사람 ㅈㄴ 예쁠 거 같애
144,208
209
68
작사한 노래로 연애 티내면서 팬기만하는 남돌
142,132
248
207
와... 카리나 노래 왤케 못부름...?
127,590
355
180
(+                            140                            건)
- 딴지일보 (조회수: 145,569, 추천수: 1,878, 댓글수: 360)
제목
조회
추천
댓글
작성일시
강남 룸쌀롱 난리났네요
18,503
85
44
2024-11-09 09:36:01
난리난 정부가 공무원들에게 보낸 공문
12,324
91
17
2024-11-09 00:25:42
트럼프 당선을 4월부터 예측하고 접촉한 이재명 핵심인재
12,059
196
47
2024-11-09 13:51:23
전국 룸싸롱연합회 회장 기자회견
10,819
115
27
2024-11-09 09:14:25
문 대통령을 두고 트럼프가 했던 말..
10,126
86
26
2024-11-09 12:11:10
(+                            12                            건)
- 인벤 (조회수: 45,047, 추천수: 130, 댓글수: 198)
제목
조회
추천
댓글
작성일시
우에하라 아이 근황
8,520
7
12
2024-11-09 11:06
로스트아크, 사별한 남편계정 쓴 아주머니 근황.
7,484
36
27
2024-11-09 15:13
일본 원폭피해를 분노한 유튜버
7,185
18
73
2024-11-09 14:06
ㅇㅎ) 토요일 조아 !!
5,614
7
17
2024-11-09 14:12
보배드림 로또복권 1등 당첨 후기
5,595
11
27
2024-11-09 13:22
(+                            4                            건)
- 웃긴대학 (조회수: 347,437, 추천수: 6,050, 댓글수: 255)
제목
조회
추천
댓글
작성일시
어설픈 자는 살아남을 수 없다는 여의도썰.alex
51,359
889
28
2024-11-09 00:21
정신병 있음?",7469,온라인 부업 후기,https://www.ppomppu.co.kr/zboard/view.php?id=humor&no=635645,부업 키워드 부족 (1/4),ppomppu,[11/9(토) 베스트모음] 연예인들의 찐 핸드폰 홈화면0
,community,"흙수져에요, 실업계 전자과 나와서, 20살때부터 일했어요
운좋게 대기업 생산쪽에 들어가서 다니다, 군대가기전 그만두고, 군대 갔다와서 공장 다녔어요,
12시간씩 3조 2교대 근무 했었고, 그당시 급여는 딱히 불만 없었는데, 10년전에 4천 좀 안되게 받았어요
그런데 주야 계속 바뀌니 미치겠더라구요 ;;; 몸이못버티겠다 했고,
기계 만지는거 좋아해서, 간단한 회로 수리같은것도 하고..
모아둔 돈으로 공단 중소기업 상대로 장비 및 장비 수리 업체 같은거 소소하게 했었죠, 근데 사업에 재능이 없는지 돈도 많이 떼먹히고, 감당이 안되더라구요
미수금 부분도 그렇고, 돈받는게 매순간 스트레스였죠, 믿고 거래하던데도 부도나기직전에 작정하고 장비들 주문하고 납품했는데
알고보니 부도직전에 한짓이였고, 먼가 배워서 한것도 아니고 빚이 생기니 사람이 초초해지더라구요,
당시에 사귀던 여자친구도 있었는데, 결국은 오빠에게 미래가 안보인다고 이별 통보 받았어요, 근데 제가 생각해도 결혼 같은건 사치겠더라 생각이 들더라구요
그래서 취업 냈는데, 정말 쉽지 않더군요, 학벌도 변변하지 않고, 그래서 겨우 취업했는데, 상상 이상으로 빡세더라구요
기술팀으로 매번 출장 다니는데, 출장 갔다가, 출장 보고서 쓰는것도 그렇고, 시스템에 입력하는 것도 그렇고,
외부 업체에게는 칭찬받고 영업에게 칭찬 받았지만  팀장님은 타겟을 정해서 혼내시는 분인데 ;; 저 입사할때 늘 혼나선 과장님이 결국 못버티고 퇴사하니;;; 다음 타겟이 제가 되더라구요 ;;; 사장님이 팀장님에게 스트레스를 어마어마하게 주는 상황이 많고, 랩실 정리나, 팀원 외근 관리 부분에 대해서
스트레스가 어마어마해서;; 아마 어쩔 수 없을꺼라 생각은 되요;; 타겟이 제가 된게 아쉬웠지만요..
그도 그럴께, 학벌도, 빽도, 거기에 빚도 있고, 이 회사도 겨우겨우 붙은놈이니 ;;;; 딱이겠죠
첨엔 팀장님 이해하다가 결국은 계속 혼나고 수위가 올라가니자존감이 정말 바닥에 바닥이였어요, ,
결혼 같은건 사치인듯 하고, 빚도 같이 값아야 하는데, 물가 대비 급여도 많이 안오르고 ;;;
거기 4년 다녔는데 거기 처음 입사할때 3500이였는데, 재작년 퇴사할때 3800으로 퇴사했거든요, 동결 한번 당하고, 한번 100만원 그리고 200만원 올랐었거든요
그래서 어쩔수 없이 주말에는 사업할떄 인연 닿은곳에 조금 저렴하게, 수리해주면서 부업 했었어요
그리고 이번생은 망함 했죠.. 머릿속 계산으로 빚청산은 42~4정도는 되어야 가능하니;; 무슨 결혼이겠어요
근데 버티다 보니 운이 좋은 찬스가 오긴 하더라구요
기술지원이다보니 늘 외근이 많았고, 밤에 일하는 구조였었는데 ;;
덕분에 사람들은 많이 알게 되더라구요...
제가 담당하던 업체 차장님이, 한국에 진출하는 외국계 기업인데 원서 넣어볼 생각 없냐고...
대리님 하기에 딱이라고 ;; 하면서 보니 지금 다니는 회사랑 분야는 좀 달라도 비슷하더군요,
그래서 영어가 막하는 영어라서 어렵다 했거든요,   공장 다닐떄 룸매가 인도애였고, 또한 그러다보니 자연스럽게 휴일에는 외국인 노동자 애들이랑도 어울리고 했을때 머랄까, 술자리 및 생활 영어는 좀 배웠었거든요
하지만 그건 제대로 배운것도 아니고, 근데 그 차장님이 어느정도 의사 소통만 되도 되니깐 한번 해보라고 해서 그냥 해봤어요
어차피 대리님 기술직이고, 한국 업체 대상으로 일하는거라고... 대략 알아 먹기만 하면 된다고 자신감을 주시더라구요
처음써보는 레즈메도 작성해보고, 기술지원이다보니 여러 업체분들이랑 나름 친해서, 도움 받고, 레퍼런스체크도 해주시고..
영어 면접 화상으로 했는데 엄청 긴장했는데 아주 편한 분위기 해주시고, 천천히 말해주시고, 어설프게 이야기 했는데 어느정도 이야기 통해서
지금 회사로 이직했어요..
희망 급여 이야기 할때, 추천한 차장님이 지금 급여 얼마나 받냐고 물어보시고제 연봉 듣고 놀라시면서 ;;; 최소 3천 이상 더 부르라고,, 정도만 어드바이스 해주시더라구요 ;;; 정말 그렇게 받을 수 있냐고 하니 웃으시면서 해보라고 해서..
그렇게 썼는데 정말 쿨하게 주더군요 ;;; 깜짝 놀랐어요, 그리고 3년차인데, 중도 입사한년도에도 급여 살짝 올려주고, 인센도 주고 하니 연봉이 1억이 넘었어요
1억은 전문직이나 대학교 좋은데 나와서 대기업에서 잘다니는 사람에게만 생기는줄 알았거든요..
그리고 우리 팀장이 미국에 있는 인도분인데, 나름 저를 좋게 봐주셔서 칭찬도 많이 해주시고, 2주전 한국와서, 함께 성장시키자, 나는 너를 지켜줄꺼다 이런 말도 듣고... 회사 동료들도 수평적인 구조이고...
저는잘해봤자 월급쟁이로써는 학벌도 없는놈이면, 5천 정도 받을꺼 생각했는데, 이직 한번에 모든게 바뀌더라구요;;
급여에 여유가 생기니 빚도 어느정도 높게 상환 해서 이번달 말에 갚으면 완전 끝나요!!!
그리고 통장에도 몇천 잔고가 생기니 ;;; 머랄까 새로운 인생 같은 느낌이 들더라구요
결혼은 꿈도 못꿨었는데, 지금회사에 파트너사 분께서 소개도 해주시니 소개팅도 했고 분위기 나쁘지 않더라구요..
그분이나 저나 연배가 있어 특별한 문제가 없다면 결혼도 할 수 있을꺼 같다란 기대감도 생기고 있네요
물론 저는 운이 참 좋은거라 생각하긴 해요, 기술팀 안했으면 여기 회사 추천한 차장님도 몰랐을테고, 공장 다니면서 외국애들이랑 어울리지 않았으면 영어도 아예 못했을꺼고.. 이번에 종소세 관련 메세지 날라와서 그냥 어디 자랑할 곳도 없고, 친구라곤 전회사 몇몇 사람, 그리고 공장 다닐때 사람들이 다여서 뽐뿌에 끄적여요..",2683,월 200만원 부업,https://www.ppomppu.co.kr/zboard/view.php?id=problem&no=178217,부업 키워드 부족 (2/4),ppomppu,자랑좀 할께요 종소세 내본적 없는데 이거 내는것도 기쁘네유 :D27
,community,"안녕하세요. 저는 서울에서 살면서 직장을 다니고 있는 30대 초반 사회초년생입니다.
2022년 원천징수 기준으로 연봉은 4,000만원 입니다. 현재 부모님 집에 거주하고 있어 지출이 크지는 않은 편이고
다행히 부모님께서 돈을 열심히 모으라고 지원해주시고 응원해주시고 저도 용돈으로 월 20만원을 드리고 있습니다.
한달에 200만원 넘게 저축을 하고 있는데.. 제가 퇴근을 5시에 하다 보니까 저녁에 시간이 꽤 많이 남습니다. 공부를 해서 더 좋은? 직장으로
이직을 하면 제일 좋겠지만.. 현재 직장에 급여 빼고는 만족도가 좋은 편이라서 그냥 다니려는 생각이거든요. 그래서 부업을 조금 해볼까 하는데
주변에 이야기를 들으면 그냥 공부를 해서 이직을 하라고 이야기 하더라고요.. 그래서 너무 고민되는데 선배님들께서는 어떤 방향을 추천해주시나요?",414,월 200만원 부업,https://www.ppomppu.co.kr/zboard/view.php?id=problem&no=176625,부업 키워드 부족 (1/4),ppomppu,공부 vs부업5
,community,"작년 코로나바이러스로 인해 일하고 있던 주야교대 냉동제품납품업체에서 희망퇴직하고 거기서 일하며 모은 돈으로 고향인근에 22평 구축아파트를 겨우 자가로 장만한 후 월급은 세후 240정도 나오는 공산품납품업체에 겨우 취직하여 3개월째 일하고 있는 중입니다.
이런 박봉에도 불구하고 나중을 생각하며 월 150만원의 적금을 붓고있고 나머지는 교통비, 공과금, 아파트관리비, 식비로 충당하고 있고 8월부터는 어머니께 생활비를 30만원씩 보태주고자 해서 누나와 이 문제를 상의하려했는데 제가 괜히 이 얘기를 꺼냈나 싶어지더군요.
저희 누나는 올해 39세인데 주간 생산직을 다니다 팔꿈치 인대를 다친후 7개월째 백수신세입니다.
3월에 팔꿈치 인대에 박힌 핀을 제거했다고 하던데 그래서 이제 다친 부위 치료 마무리 되었으니 누나도 구직사이트 같은곳에 들어가서 일자리 알아봐야 하지 않느냐 했더니
일일이 인터넷 접속하기도 번거롭고 알아본다 한들 혼자 찾아갈수 있는곳이 많이 없는데 어떡하느냐는군요.
그리고 엄마 생활비 ( 누나가 백수중이라 어머니께서 소일거리와 부업으로 누나 휴대전화이용료까지 내 주고 있는 형편입니다. ) 30만원 주는거 그거 자기한테 10만원 주고 엄마는 20만원 주면 안되냐더군요.
거기에 계속 일 안 구해지면 엄마랑 같이 네 집에 들어가야지 방법이 있겠냐고합니다.
덧붙이자면 최근에 큰아버지 부조금도 15만원씩 나눠내기로 한거 제 이름으로 다 한걸로 처리했더군요. 물론 제가 당시에 일을 빠져나올수 없긴했습니다.
그러면서 제 이름으로 부조 다 했으니 15만원은 갚지않겠다는 뉘앙스로 얘기하더군요.
( 저도 새로 장만한 집 손보는 명목으로 200만원을 누나에게 빌린적있습니다. 물론 약간의 돈은 있었지만 누나가 예전에 비해 많이 유연해졌다는 엄마말을 믿고 정말 변한건지 알아보고 싶어서 빌린게 컸죠. 6개월안에 이자 얹어서 갚겠다고 한거 저는 3개월만에 50만원 더 얹어서 갚아줬는데 또 그건 당연하다는 듯이 받아가더라구요. )
제가 누나도 앞날 생각해서 빨리 일구해서 저축 부지런히 하라고 충고를해도 계속 귀찮은 잔소리로만 받아들이고 직접 해결해 보려는 노력이 없네요.
거기에다가 일 구할 시간에 다친 부위에 대한 장애판정을 받을수 있는지 그걸 먼저 알아보고 있답니다.
뭐 혜택 받을거 없나해서 말이죠. 그런거 다 요행이라해도 안 먹힙니다.
성격상 팩트폭격 ( 지인에게 이 사실을 얘기했더니 너희 누나가 이런식으로 계속 나간다면 차라리 나는 의절을 권하고 싶다라고 까지 이야기 해주더군요. ) 을 해주면 나한테만 자꾸 왜 그러냐는 식으로 히스테리적으로 받아들일것이 뻔하고요.
실은 저희 누나는 학창시절때 집에 있기보다 돌아다니는걸 좋아해서 학교숙제 같은건 뒷전이고 그걸 저에게 떠넘기는것이 일상이었는데 그게 지금의 수동적이고 자기스스로 해결하려는 노력이없는 요행에 기대어 사는 누나를 만들어 버릴 줄 상상도 못했습니다.
어떻게 해야할까요?
엄마의 노후를 위한 생활비지원을 중간에서 누나가 자기한테 조금만 보태달라고 들이댄 상황인데 보태주자니 누나가 자기스스로 해결해보려는 의지를 더 약하게 만드는것 같고 안 보태주자니 가정불화를 또 다시 낳게 될것같고 여러분들의 생각은 어떠하신지요?",1562,월 200만원 부업,https://www.ppomppu.co.kr/zboard/view.php?id=problem&no=166108,부업 키워드 부족 (1/4),ppomppu,집안문제에 대한 조언받습니다.0
,community,"작년 코로나바이러스로 인해 일하고 있던 주야교대 냉동제품납품업체에서 희망퇴직하고 거기서 일하며 모은 돈으로 고향인근에 22평 구축아파트를 겨우 자가로 장만한 후 월급은 세후 240정도 나오는 공산품납품업체에 겨우 취직하여 3개월째 일하고 있는 중입니다.
이런 박봉에도 불구하고 나중을 생각하며 월 150만원의 적금을 붓고있고 나머지는 교통비, 공과금, 아파트관리비, 식비로 충당하고 있고 8월부터는 어머니께 생활비를 30만원씩 보태주고자 해서 누나와 이 문제를 상의하려했는데 제가 괜히 이 얘기를 꺼냈나 싶어지더군요.
저희 누나는 올해 39세인데 주간 생산직을 다니다 팔꿈치 인대를 다친후 7개월째 백수신세입니다.
3월에 팔꿈치 인대에 박힌 핀을 제거했다고 하던데 그래서 이제 다친 부위 치료 마무리 되었으니 누나도 구직사이트 같은곳에 들어가서 일자리 알아봐야 하지 않느냐 했더니
일일이 인터넷 접속하기도 번거롭고 알아본다 한들 혼자 찾아갈수 있는곳이 많이 없는데 어떡하느냐는군요.
그리고 엄마 생활비 ( 누나가 백수중이라 어머니께서 소일거리와 부업으로 누나 휴대전화이용료까지 내 주고 있는 형편입니다. ) 30만원 주는거 그거 자기한테 10만원 주고 엄마는 20만원 주면 안되냐더군요.
거기에 계속 일 안 구해지면 엄마랑 같이 네 집에 들어가야지 방법이 있겠냐고합니다.
덧붙이자면 최근에 큰아버지 부조금도 15만원씩 나눠내기로 한거 제 이름으로 다 한걸로 처리했더군요. 물론 제가 당시에 일을 빠져나올수 없긴했습니다.
그러면서 제 이름으로 부조 다 했으니 15만원은 갚지않겠다는 뉘앙스로 얘기하더군요.
( 저도 새로 장만한 집 손보는 명목으로 200만원을 누나에게 빌린적있습니다. 물론 약간의 돈은 있었지만 누나가 예전에 비해 많이 유연해졌다는 엄마말을 믿고 정말 변한건지 알아보고 싶어서 빌린게 컸죠. 6개월안에 이자 얹어서 갚겠다고 한거 저는 3개월만에 50만원 더 얹어서 갚아줬는데 또 그건 당연하다는 듯이 받아가더라구요. )
제가 누나도 앞날 생각해서 빨리 일구해서 저축 부지런히 하라고 충고를해도 계속 귀찮은 잔소리로만 받아들이고 직접 해결해 보려는 노력이 없네요.
거기에다가 일 구할 시간에 다친 부위에 대한 장애판정을 받을수 있는지 그걸 먼저 알아보고 있답니다.
뭐 혜택 받을거 없나해서 말이죠. 그런거 다 요행이라해도 안 먹힙니다.
성격상 팩트폭격 ( 지인에게 이 사실을 얘기했더니 너희 누나가 이런식으로 계속 나간다면 차라리 나는 의절을 권하고 싶다라고 까지 이야기 해주더군요. ) 을 해주면 나한테만 자꾸 왜 그러냐는 식으로 히스테리적으로 받아들일것이 뻔하고요.
실은 저희 누나는 학창시절때 집에 있기보다 돌아다니는걸 좋아해서 학교숙제 같은건 뒷전이고 그걸 저에게 떠넘기는것이 일상이었는데 그게 지금의 수동적이고 자기스스로 해결하려는 노력이없는 요행에 기대어 사는 누나를 만들어 버릴 줄 상상도 못했습니다.
어떻게 해야할까요?
엄마의 노후를 위한 생활비지원을 중간에서 누나가 자기한테 조금만 보태달라고 들이댄 상황인데 보태주자니 누나가 자기스스로 해결해보려는 의지를 더 약하게 만드는것 같고 안 보태주자니 가정불화를 또 다시 낳게 될것같고 여러분들의 생각은 어떠하신지요?",1562,월 200만원 부업,https://www.ppomppu.co.kr/zboard/view.php?id=freeboard&no=7884992,부업 키워드 부족 (1/4),ppomppu,열심히 살아보려는데 집안에 문제가 있으니 어떻게 하는게 좋을까요?0
,community,"새 채굴기는 시기가 안좋다길래 살짝 부담이고 사무실 빌려서 제대로 할게 아니라서 노트북으로 생각해보게 되었습니다
채굴하다 안되면 실사용하지뭐... 하는 마음에^^;;
노트북 3070으로 생각중이며 이전에 하셨던 분들 결과를 토대로 대충 계산해보면..
해쉬 60언저리, 전력소모 120W 언저리..
그럼 현재기준 수익성 월 12만원에
전기세 만원(누진세 없는 사무실 일반전기입니다 따뜻하다던데 1000W짜리 히터 하나 끄면 오히려 전기세 이득일지도?;)
200만원 카드할부 20개월 월 10만원 하면 만원 남는군요ㅋㅋㅋㅋ
몇개 돌리면 치킨값은 나오네요ㅋㅋ 굳이 몇만원 벌려고 하고 싶냐.. 하실 수 있지만, 이걸 시작으로 채굴에 대해 이해도가 높아지고 전망이 보인다면 채굴기 등을 통한 본격적으로 뛰어들 수 있다고 생각합니다
하지않고 글만 찾아보는것과 직접 구르며 느껴보는거는 천지차이라 생각해서ㅎㅎ
아 그래서 질문은^^;;
1. 3070군으로 msi gp66과 gp76 많이 사용하시던데 또다른 추천품이 있을까요? 아수스나 레노버도 많이들 쓰시는거 같은데..
2. 노트북 워런티가 1년이라.. 일단 그 안에만 돌려볼 생각인데 채굴하다 뻑나면 소비자과실이라고 혹시 무상 AS안되나요? 그냥(?) 죽은건지 채굴로 죽은건지 확인이 될까요..?
3. 죽는다는게 VGA가 죽는건가요 아님 보드가 죽는건가요? 1년이 지나 무상이 안되서 유상 수리한다면 비용이 어떻게 될까요?
4. 솔직히 말리고 싶으신가요?^^;;;;;
시기가 안좋은건 압니다만... 큰돈이 아니라면 부업? 투잡?으로 생각해볼만하다고 여겨져 여쭤봅니다~
아버지 사무실이 방하나가 놀기도 하고.. 주변에 공실들 보면 월세 50이하 많더라구요~
하다 안되면 노트북 그냥 쓰거나 중고로 팔아도 경험한거 치곤 저렴한 수업료 같아서요ㅎㅎ
몇달 돌려보고 괜찮다면 본격적으로 해볼까 생각도 들어서 고민중이니 진지한 조언 부탁드립니다^^",939,월 200만원 부업,https://www.ppomppu.co.kr/zboard/view.php?id=defi&no=556,부업 키워드 부족 (3/4),ppomppu,노트북 채굴 문의드려 봅니다12
