id,source,category,duration,daily_hours,invest_amount,invest_display,revenue_amount,revenue_display,has_main_job,failure_reasons,difficulties,free_text,keywords,failure_category,summary,risk_level
1,pickply,재능_프리랜서,1년 이상,1~3시간,2000909,"200만 909(2,000,909)",1500000,"150만(1,500,000)",예,마케팅 실패,"고객 확보 (마케팅), 운영 지속성",본업말고 수익을 더 얻고싶어서 시작했는데 작업 특성상 주기적인 제안이 들어오지 않았음,프리랜서;제안부족;고객확보,마케팅부족,재능 프리랜서로 1년 운영했으나 주기적 제안 부족으로 고객 확보 실패,medium
2,pickply,콘텐츠_SNS,3~6개월,1시간 미만,0,0,0,0,예,"실행력 부족, 마케팅 실패","수익 구조 이해, 수익화 연결",유튜브보다가 부업좀찾고있었는데 쉽게 돈벌수 있딘고해서 몇개월 따라하다 수익이안되...,유튜브;수익화실패;실행력부족,마케팅부족,"유튜브 콘텐츠 제작, 수익화 방법 이해 부족과 마케팅 전략 없이 실패",low
3,pickply,투자_재테크,3~6개월,3~5시간,1000,"1,000",0,0,예,"시장 조사 부족, 자본 부족","수익화 연결, 정보 부족",주식을 해서 수익을 보려했으나 투자가 실패하고있다.그래서 원금이 반토막이 났다.,주식투자;원금반토막;투자실패,타겟분석실패,"주식 투자로 원금 50% 손실, 시장 조사 부족이 주요 원인",high
4,pickply,온라인판매_이커머스,3~6개월,3~5시간,0,0,0,0,예,시장 조사 부족,수익 구조 이해,"관심있어서 시작했으나 시장조사 및 원가,판매가 측정 어려움",시장조사부족;원가측정;판매가책정,타겟분석실패,이커머스 시작했으나 시장조사와 가격 책정 실패로 수익 못냄,low
5,pickply,투자_재테크,1년 이상,1~3시간,200000000,"2억(200,000,000)",100000000,"1억(100,000,000)",예,원인을 모르겠음,정보 부족,"주식투자, 갑작스런 환경변화(전쟁 등)",주식투자;전쟁;환경변화,기타,주식투자 중 전쟁 등 예측 불가능한 환경변화로 1억원 손실,high
6,pickply,재능_프리랜서,1~3개월,1~3시간,0,0,0,0,예,"실행력 부족, 시간 부족","고객 확보 (마케팅), 수익 구조 이해, 수익화 연결",어디서부터 어떻게 시작해야할지 모르겠다. 어디에 힘을 더해야할지,시작방법불명;고객확보;방향성부족,마케팅부족,프리랜서 부업 시작 단계에서 방향 설정 및 고객 확보 실패,low
7,pickply,플랫폼노동,3~6개월,1~3시간,0,0,150000,"15만(150,000)",예,"시장 조사 부족, 시간 부족","시간 관리, 정보 부족, 경쟁 심화","이동이 많아 카카오T 퀵 배달을 병행하였으나 기름값, 유지비 등 크게 수익이 생기지 않음",카카오T퀵;유지비;기름값,자금부족,"카카오T 퀵 배달, 기름값·유지비로 실질 수익 미미",low
8,pickply,콘텐츠_SNS,1개월 미만,1~3시간,60000,"6만(60,000)",0,0,예,"시장 조사 부족, 실행력 부족","수익 구조 이해, 시간 관리",AI 툴을 이용해서 부업을 진행하려고 했는데 확실히 직장 병행이다 보니 너무 힘듭니다,AI툴;직장병행;시간부족,시간관리,"AI 툴 활용 콘텐츠 부업, 직장 병행으로 시간 부족 실패",low
9,pickply,투자_재테크,1년 이상,1~3시간,0,0,50000,"5만(50,000)",예,"실행력 부족, 시간 부족","수익 구조 이해, 시간 관리, 수익화 연결","식비 충당을 위해 쿠팡 리뷰 체험단, 블로그 체험단 진행했습니다. 네이버 애드포스트도 같이 진행하였으나 수익화에 능력이 없어 약 3년동안 10만원의 수익 얻었습니다",블로그체험단;애드포스트;수익화실패,마케팅부족,"쿠팡·블로그 체험단으로 3년간 10만원 수익, 수익화 능력 부족",low
10,pickply,플랫폼노동,1년 이상,1~3시간,1500000,"150만(1,500,000)",600000,"60만(600,000)",예,경쟁 심화,경쟁 심화,플랫폼을 통한 탁송 업무이나 플랫폼 특성 상 불특정 다수가 동일 건을 두고 가격 경쟁을 하는 경우 경쟁이 심할 때는 적정 단가를 안들 수 없거나 소득이 없게 되는 기간이 발생,탁송플랫폼;가격경쟁;단가하락,경쟁분석부족,"플랫폼 탁송업, 과다경쟁으로 적정단가 유지 불가능",medium
11,pickply,콘텐츠_SNS,3~6개월,1~3시간,1000000,"100만(1,000,000)",400000,"40만(400,000)",예,마케팅 실패,"고객 확보 (마케팅), 수익 구조 이해, 수익화 연결, 운영 지속성, 경쟁 심화",주변에서 스토어 사업을 하는 친구를 통해 처음 부업에 관심을 가지게 되었어요 사업 아이템은 악세사리 사업으로 처음 제가 모델로 사진도 찍고 물품도 구매하였습니다. 하지만 경쟁시장에서 외국 모델을 섭외하고 사업을 더 확장하는 단계에서 자본 부족 시장 조사의 어려움이 이었습니다,악세사리;자본부족;경쟁심화,자금부족,"악세사리 스토어 사업, 확장 단계에서 자본 부족과 경쟁 심화로 실패",medium
12,pickply,플랫폼노동,6개월~1년,3~5시간,0,0,1200000,"120만(1,200,000)",예,"자본 부족, 시간 부족",시간 관리,돈을 많이 벌자 라는 계기로 시작했지만 이것저것 하다보니 결국엔 몸이 아프더라구요 욕심부리다 번 만큼 병원비로 나간다는 말이 현실이 될 것 같아서 내려놓았습니다,플랫폼노동;과로;건강악화,시간관리,"과도한 플랫폼노동으로 건강 악화, 의료비 지출로 실익 감소",medium
13,pickply,콘텐츠_SNS,1년 이상,1시간 미만,0,0,15000,"1만 5,000(15,000)",예,"시간 부족, 원인을 모르겠음","수익화 연결, 운영 지속성",퍼스널브랜딩을 위해서 했는데 수익화가 안되네요.,퍼스널브랜딩;수익화실패;SNS운영,마케팅부족,퍼스널브랜딩 SNS 1년 운영했으나 수익화 방법 부재로 실패,low
14,pickply,투자_재테크,1년 이상,1시간 미만,1000000,"100만(1,000,000)",700000,"70만(700,000)",예,"시장 조사 부족, 실행력 부족","수익화 연결, 정보 부족",친구들의 추천으로.. 워낙 모르는 부분이라..선뜻 도전도 어려웠고..적극적인 투자도 여전히 어려움,투자재테크;소극적투자;정보부족,타겟분석실패,"친구 추천으로 시작한 투자, 지식 부족으로 소극적 투자만 반복",medium
15,pickply,투자_재테크,1년 이상,1~3시간,100000,"10만(100,000)",10000,"1만(10,000)",예,"실행력 부족, 자본 부족","수익 구조 이해, 수익화 연결, 정보 부족",주식이 뜨고 크게 돈 벌고 싶은 마음에 시작 실행력이 부족해서 남들 딸때 못따고 잃었다,주식투자;타이밍실패;실행력부족,타겟분석실패,주식 투자 시 실행력 부족으로 매수 타이밍 놓쳐 손실 발생,low
16,pickply,플랫폼노동,1년 이상,1~3시간,0,0,30000,"3만(30,000)",아니오,"시장 조사 부족, 실행력 부족","수익화 연결, 운영 지속성",아이 간식값이랑 커피값정도 생각하며 시작했습니다 앱테크를 해보니 낮은 시급이 문제고 설문 하나당 시간 대비 보상이 크지 않습니다. 절대적인 생계 수단보다는 '커피값'이나 '소소한 용돈벌이'로 생각하는 것이 정신 건강에 좋습니다. 설문 시작 후 응답자가 많거나 본인이 대상이 아니면 중간에 끊기는 경우가 빈번합니다. 이 점에 대해 너무 스트레스받지 않는 것이 중요합니다.,앱테크;낮은시급;설문중단,시간관리,"앱테크 설문조사로 1년간 3만원 수익, 시간대비 낮은 보상",low
17,pickply,온라인판매_이커머스,6개월~1년,1~3시간,100000,"10만(100,000)",0,0,예,"시장 조사 부족, 마케팅 실패","고객 확보 (마케팅), 수익화 연결","중국,미국에 살았던 경험으로 알리바바, 쉬인 등 중국 도매 여러사이트에서 물건 구입 후 국내에서 판매시도 하였으나 마케팅, 실행력, 수익구조 여러 플랫폼 수수료로 인해 수입이 적어 중간 기",중국도매;플랫폼수수료;마케팅실패,마케팅부족,"중국 도매 사이트 활용한 이커머스, 마케팅 부족과 플랫폼 수수료로 수익화 실패",low
18,pickply,온라인판매_이커머스,6개월~1년,3~5시간,800000,"80만(800,000)",130000,"13만(130,000)",예,"시장 조사 부족, 시간 부족","고객 확보 (마케팅), 운영 지속성, 경쟁 심화",직장 외 수입을 좀더 원해 시작했는데 시간도 많이할애하고 많이팔리지도않아 힘드내요,이커머스;마케팅부족;시간부족,마케팅부족,"이커머스 6개월 운영, 고객 확보 실패로 손실 67만원 발생",medium
19,pickply,온라인판매_이커머스,3~6개월,3~5시간,10000000,"1,000만(10,000,000)",800000,"80만(800,000)",예,"시장 조사 부족, 마케팅 실패","수익화 연결, 경쟁 심화",지인 소개로 시작했어요. 경험이 부족하다 보니 여러모로 미흡했어요.,지인소개;경험부족;이커머스,마케팅부족,"지인 소개로 시작한 이커머스, 경험 부족으로 마케팅 실패",high
20,pickply,플랫폼노동,1년 이상,1시간 미만,0,0,5000,"5,000",예,실행력 부족,운영 지속성,수익이 적더라도 좋으니 시간 투자를 많이 하지 않고 가볍게 커피값 정도 벌고 싶어서 시작했습니다 그런데 귀찮고 잊어버리는 일이 많아 매일 하기 어려워서 수익이 적었고 그러다보니 꾸준히 진행하기 어려웠던 것 같습니다,플랫폼노동;지속성부족;습관화실패,시간관리,"플랫폼노동, 귀찮음과 망각으로 매일 실행 실패해 수익 미미",low
21,pickply,플랫폼노동,1년 이상,1~3시간,1000000,"100만(1,000,000)",10000000,"1,000만(10,000,000)",예,시간 부족,시간 관리,내 시간에 맞춰 할 수 있는 일을 찾던중에 시작하게되었고 본업 끝난 후 저녁 피크타임에 주로 합니다 가끔 하지 못하는 경우가 있다면 시간 혹은 체력입니다,배달대행;피크타임;체력소진,시간관리,"배달 플랫폼 노동, 저녁 피크타임 집중했으나 체력 한계로 지속 어려움",low
22,pickply,투자_재테크,1년 이상,1~3시간,60000000,"6,000만(60,000,000)",500000,"50만(500,000)",예,시장 조사 부족,"시간 관리, 정보 부족, 경쟁 심화",여유자본의 활용 본업과 병행하기에 시간이 부족 정보의 부족,여유자본;시간부족;정보부족,타겟분석실패,"투자재테크 1년, 6천만원 투자 후 50만원 수익. 정보·시간 부족",high
23,pickply,투자_재테크,1년 이상,1시간 미만,50000000,"5,000만(50,000,000)",150000,"15만(150,000)",예,"자본 부족, 시간 부족","시간 관리, 수익화 연결, 경쟁 심화",노동소득만으로는 한계를 느껴 재테크를 시작했고 난해한 정보와 치열한 경쟁으로 인해 투자에 어려움을 겪음,재테크;투자;정보부족,타겟분석실패,재테크 투자에서 난해한 정보와 경쟁으로 5000만원 투자 대비 15만원 수익,high
24,pickply,온라인판매_이커머스,1년 이상,3~5시간,10000,"1만(10,000)",1000000,"100만(1,000,000)",예,"실행력 부족, 마케팅 실패","시간 관리, 운영 지속성",시작은 사소하게 일정 금액을 추가로 벌고 싶다는 생각이었는데 퇴근 후에 로그아웃되는 체력에 더 지속하기가 어려웠습니다. 체력적인 어려움에 더불에 지속하기가 어렵다고 느꼈어요.,체력소진;퇴근후;지속성,시간관리,"이커머스 부업, 본업 후 체력 소진으로 지속 어려움",low
25,pickply,재능_프리랜서,1년 이상,1시간 미만,0,0,50000,"5만(50,000)",예,"실행력 부족, 시간 부족","시간 관리, 운영 지속성",주변에서 하는것을보고 나도할수있을것같아 시작했는데 생각보다 시간을 꽤 잡아먹었고 지속하기 힘들었다,시간부족;지속성;실행력,시간관리,프리랜서 부업 시작했으나 예상보다 시간 소요 많아 지속 실패,low
26,pickply,콘텐츠_SNS,1년 이상,1~3시간,0,0,60000,"6만(60,000)",예,"마케팅 실패, 원인을 모르겠음","수익 구조 이해, 수익화 연결",블로그로 시작했고 꾸준히 업로드하여 애드포스트. 자격을 획득하여 월평균 5-10만원 수익을 얻게 되면서 블로그마케팅업체의 유혹으로 포스팅대행하다가 악성블로그로 낙인찍혀 채널이 쓰레기가 됨,블로그;애드포스트;포스팅대행,마케팅부족,블로그 수익화 성공 후 포스팅대행 의뢰로 악성블로그 판정받아 채널 손실,high
27,pickply,플랫폼노동,1~3개월,5시간 이상,0,0,2200000,"220만(2,200,000)",예,시간 부족,"시간 관리, 운영 지속성",지인 소개로 시작했고 자는 쉬간이 부족해서 채력적으로 힘들었다,플랫폼노동;체력소진;수면부족,시간관리,"플랫폼노동 하루 5시간 이상 투입, 수면부족으로 체력적 한계",medium
28,pickply,플랫폼노동,1년 이상,1~3시간,0,0,50000,"5만(50,000)",예,"실행력 부족, 시간 부족","수익 구조 이해, 시간 관리, 수익화 연결, 운영 지속성","인터넷 광고 등에서 알아보고 시작했는데, 처음에는 수익 구조도 알아보기 힘들고 조언을 구하기도 쉽지 않아서 한동안 방치했던 경험이 있습니다.",플랫폼노동;수익구조;방치,시간관리,플랫폼노동 시작 후 수익구조 파악 어려움과 조언 부재로 장기 방치,low
29,pickply,콘텐츠_SNS,6개월~1년,3~5시간,0,0,0,0,예,"시장 조사 부족, 마케팅 실패","수익화 연결, 운영 지속성",체험단으로 시작했고 제품홍보로 올리기 시작했습니다! 그러면서 점점 여러 제품 홍보하기 시작했는데 노력하는 것에 비해서 들어오는 돈이 적으니까 현타와서 그만두게 되었습니다..,체험단;제품홍보;수익화실패,마케팅부족,"체험단·제품홍보 SNS 운영, 노력 대비 낮은 수익으로 포기",low
30,pickply,플랫폼노동,1개월 미만,1~3시간,0,0,500000,"50만(500,000)",예,시장 조사 부족,"고객 확보 (마케팅), 수익 구조 이해",본업하면서 일거리가 많이 줄어들어 쉬는날도 늘고해서 겸업을 하려는데 시장 여건이라던지 준비된 상태가 아닌 상황에 시작을해서 많은 시행착오를 겪었습니다,플랫폼노동;시장조사부족;준비부족,타겟분석실패,플랫폼노동 시작 시 시장여건 파악 없이 준비 안된 상태로 시작해 시행착오,low
31,pickply,온라인판매_이커머스,1년 이상,1시간 미만,0,0,100000,"10만(100,000)",예,"실행력 부족, 자본 부족","고객 확보 (마케팅), 시간 관리, 수익화 연결",돈이 필요해서 시작했지만 의지가 부족하고 자료도 부적하여 어려웠다.,의지부족;자료부족;실행력,기타,온라인판매 시작했으나 의지와 자료 부족으로 실행 어려움,low
32,pickply,재능_프리랜서,1~3개월,3~5시간,0,0,0,0,예,시장 조사 부족,"고객 확보 (마케팅), 수익화 연결, 경쟁 심화","웹소설을 쓰기 시작했지만, 제가쓰는 스타일은 독자층이랑 맞지 않는 것 같습니다. 너무 어렵습니다",웹소설;독자층불일치;스타일부적합,타겟분석실패,"웹소설 작가 도전, 독자 선호와 작품 스타일 불일치로 실패",low
33,pickply,오프라인부업,1개월 미만,1~3시간,100000,"10만(100,000)",0,0,예,시간 부족,수익화 연결,색칠 부업인데 너무 티테일함을 요구하고 시간이 너무 오래걸렸다,색칠부업;디테일요구;시간소요,시간관리,"색칠 부업, 과도한 디테일 요구와 긴 작업시간으로 수익화 실패",low
34,pickply,재능_프리랜서,1년 이상,3~5시간,500000,"50만(500,000)",10000,"1만(10,000)",예,마케팅 실패,"고객 확보 (마케팅), 수익 구조 이해, 수익화 연결, 운영 지속성, 경쟁 심화",저의 곡들을 유튜브에 소개하고자 시작했고 곡들에 대한 평은 너무 좋았는데 홍보 부족으로 널리 알려지지 못했음,음악창작;유튜브홍보;마케팅부족,마케팅부족,"유튜브 음악 채널 운영, 좋은 평가에도 홍보 부족으로 수익화 실패",medium
35,pickply,플랫폼노동,1년 이상,1~3시간,100000,"10만(100,000)",200000,"20만(200,000)",예,원인을 모르겠음,"시간 관리, 수익화 연결",수입이 부족해 시작하게 되었습니다. 처음에는 간단한 부업들을 찾아봤으나 정기적으로 하는데는 어려움이있었습니다. 부정기 패널조사 등등. 또 단순 작업 부업도 해봤으나 시간이 너무 오래 걸리고 수익성이 낮았습니다.,플랫폼노동;수익성부족;부정기작업,시간관리,"패널조사·단순작업 부업, 부정기성과 낮은 시급으로 지속 어려움",low
36,pickply,온라인판매_이커머스,1년 이상,1~3시간,300000,"30만(300,000)",1000000,"100만(1,000,000)",예,마케팅 실패,"고객 확보 (마케팅), 운영 지속성",월급으로 생계를 유지하는데 어려워서 추가로 도움이 되는 수익창출 파이프를 파고 싶어서,온라인판매;마케팅실패;고객확보,마케팅부족,"이커머스 1년 운영, 마케팅 부족으로 고객 확보 실패",low
37,pickply,오프라인부업,6개월~1년,5시간 이상,5000000,"500만(5,000,000)",-3000000,"-300만(-3,000,000)",예,"시장 조사 부족, 마케팅 실패","고객 확보 (마케팅), 시간 관리, 수익화 연결, 운영 지속성, 정보 부족, 경쟁 심화",취미로 하다가 판매하고 싶어 시작. 생각보다 많이 팔리지 않고 단가도 적어서 수익이 많이 생기지 않음,취미창업;판매부진;낮은단가,마케팅부족,"취미 기반 오프라인 판매, 낮은 판매량과 단가로 800만원 투자 대비 손실",medium
38,pickply,플랫폼노동,1년 이상,1~3시간,0,0,20000,"2만(20,000)",예,실행력 부족,"시간 관리, 운영 지속성","본업 이외의 부수입을 원해서 예전부터 앱테크를 진행하고 있습니다. 새로운 앱테크가 나올때마다 추가하고 있는데, 생각보다 시간이 많이 소요되어 효율성이 떨어진다 생각이 들 때가 있습니다. 그래서 요즘은 시간 대비 효율이 좋은 것들 위주로 추리고 있습니다(+블로그, 숏폼 등에도 도전중입니다)",앱테크;시간효율;병행어려움,시간관리,"앱테크 부업, 시간 대비 효율 낮아 지속 어려움",low
39,pickply,투자_재테크,1~3개월,1~3시간,0,0,0,0,예,"실행력 부족, 시간 부족","운영 지속성, 정보 부족",수입부족,투자재테크;실행력부족;정보부족,시간관리,"투자재테크 부업, 실행력·시간 부족으로 수익 없이 종료",low
40,pickply,온라인판매_이커머스,1개월 미만,1~3시간,100000,"10만(100,000)",-1,미기재,예,"시장 조사 부족, 실행력 부족","수익 구조 이해, 수익화 연결, 운영 지속성","우연히 sns를 하다가 부업을 할수있게 강의를 해준다고 하여 클래스 결제하면서 사업자등록증 내고 했으나, 막상하려니 사실 막막하기도 했고 본업과 병행하다보니 일마치고 와서 부업하기란 쉽지도 않았고, 어떤 상품들을 고객들이 눈여겨 보는지 잘모르니 쉽게 포기하게됐음",온라인클래스;사업자등록;상품선정,타겟분석실패,SNS 클래스 구매 후 이커머스 시작했으나 고객 니즈 파악 실패로 포기,low
41,pickply,콘텐츠_SNS,1년 이상,1~3시간,600000,"60만(600,000)",200000,"20만(200,000)",예,"시장 조사 부족, 마케팅 실패","수익 구조 이해, 운영 지속성, 경쟁 심화",블로그 광고 부업인데 건별로 광고비를 받거나 조회수에 따라 이익이 달라지는 부업이었는데요 어느순간부터 기계적인 광고글이 많아져서 포털사이트 알고리즘에 의해 블로그 저평가가 받아졌는지 검색 노출수도 많이 줄고 이래저래 운영이 어려워져서 그만두게 되었어요,블로그광고;알고리즘저평가;검색노출감소,마케팅부족,"블로그 광고 부업, 기계적 광고글로 알고리즘 저평가 받아 검색 노출 감소",low
42,pickply,플랫폼노동,1~3개월,5시간 이상,0,0,0,0,아니오,시장 조사 부족,"시간 관리, 수익화 연결, 운영 지속성, 정보 부족, 경쟁 심화",경력단절로 인해 부업을 해볼까해서 시작했습니다 생각보다 시간도 많이 소요되고 힘이 드는 일이었습니다 제대로 조사나 확인을 더 했어야했는데 못한거 같습니다,플랫폼노동;경력단절;시간소요,타겟분석실패,"경력단절 후 플랫폼노동 시작, 사전조사 부족으로 시간과 체력 소모만",medium
43,pickply,플랫폼노동,3~6개월,5시간 이상,0,0,0,0,예,"마케팅 실패, 자본 부족","수익화 연결, 운영 지속성","인터넷 시대에 쇼핑몰 앱을 개발하는 중 급변하는 소프트웨어의 신기술화로 전문직의 장벽에 부딪혀 결국 해당 공학도와 프로그래머,영상디자이너 등 을 채용하였으나 시간과 자본력 부족으로 한계에 부딪히자 정책적기금등을 알아 보았으나 그 또한 금융기관의 문턱에 거려 결국 모두를 접고 자금 손실로 종결케 됨.",쇼핑몰앱개발;전문인력채용;정책자금실패,자금부족,쇼핑몰 앱 개발 중 전문인력 채용 후 자금부족으로 중단,high
44,pickply,플랫폼노동,1년 이상,1~3시간,500000,"50만(500,000)",1000000,"100만(1,000,000)",예,시간 부족,"시간 관리, 수익화 연결",본업 수입이 적어서 진입이 쉬운 부업을 찾다가 배달일을 알게됨. 자동차만으로 가능하여 시작하였는데 자동차는 기동성이 떨어져 시간대비 최종수익이 별로였음,배달;자동차;기동성부족,시간관리,"자동차 배달 부업, 기동성 부족으로 시간대비 수익 낮음",low
45,pickply,투자_재테크,1년 이상,3~5시간,10000000,"1,000만(10,000,000)",4000000,"400만(4,000,000)",예,자본 부족,수익화 연결,본업으론 경제적 자유화를 못누려습니다. 그래서 주식으로 수익을 얻고자 분석도하고 투자하게되었습니다 가장어려웠던 것은 시장흐름인것 같습니다,주식투자;시장흐름;분석부족,타겟분석실패,주식투자로 경제적 자유 추구했으나 시장흐름 파악 실패로 손실,high
46,pickply,플랫폼노동,1년 이상,3~5시간,1500000,"150만(1,500,000)",2000000,"200만(2,000,000)",예,시간 부족,시간 관리,생활비 부족해서 시작 했어요 배달의 일이라위험하고 시간 관리 잘하고 있어 힘들 었어요 체력이 딸려서 힘들었어요,배달;체력부족;시간관리,시간관리,"배달 부업 1년, 체력 한계와 시간 관리 어려움으로 힘듦",low
47,pickply,오프라인부업,6개월~1년,1~3시간,200000,"20만(200,000)",50000,"5만(50,000)",예,"실행력 부족, 자본 부족","수익 구조 이해, 수익화 연결, 운영 지속성","취미를 수익화하고 싶다는 생각에 시작함. 사전 정보 없이 무작정 뛰어들었는데, 고생은 고생대로 하고 수익은 안 나는 느낌... 몇 개 팔다가 혼자 지쳐서 중단함",취미수익화;사전조사부족;혼자운영,타겟분석실패,"취미 기반 오프라인 부업, 시장조사 없이 시작해 수익화 실패",low
48,pickply,투자_재테크,1년 이상,1~3시간,3000000,"300만(3,000,000)",500000,"50만(500,000)",예,"자본 부족, 시간 부족","수익 구조 이해, 정보 부족",많은 뉴스와 영상들을 보고 여러 커뮤니티들에서 정보취합 후 시작했습니다. 소액이라도 이익을 내자라는 심정이었는데 오르고 내리는 타이밍 맞추는게 어렵고 지금도 공부중입니다.,투자타이밍;정보취합;소액투자,타겟분석실패,"투자재테크 부업, 타이밍 예측 어려움과 수익구조 이해 부족으로 저수익",medium
49,pickply,플랫폼노동,1~3개월,1시간 미만,3,3,50000,"5만(50,000)",예,"실행력 부족, 시간 부족","정보 부족, 경쟁 심화",지인하는거 보고 잘 모르는 상태에서 부업으로 시작하게 되었습니다. 처음에는 간단할 줄 알았는데 생각보다 시간도 많이 들고 꾸준히 참여해야 해서 어려움이 있었습니다. 그래도 조금씩 적응하면서 계속 해보고 있습니다.,플랫폼노동;시간부족;정보부족,시간관리,"플랫폼노동 부업, 예상보다 많은 시간 소요로 지속 어려움",low
50,pickply,투자_재테크,1년 이상,1~3시간,30000000,"3,000만(30,000,000)",0,0,예,"시장 조사 부족, 실행력 부족",경쟁 심화,"주변의 추천으로 시작하게 되었고, 부업에 투자할 시간적 여유와 정보의 부족으로 어려움 겪음",투자재테크;시장조사부족;정보부족,타겟분석실패,주변 추천으로 투자재테크 시작했으나 시장조사·정보 부족으로 3천만원 손실,high
51,pickply,콘텐츠_SNS,3~6개월,3~5시간,0,0,30,30,예,"시장 조사 부족, 마케팅 실패","시간 관리, 경쟁 심화",아무랴도 물가가 솟으니까 조금거벌어보려규했는대요? 아무리 모아보려고해도 팔로우ㅓ가 모으기 힘들었어요!ㅍㅍ,팔로워모으기;SNS수익화;콘텐츠제작,마케팅부족,SNS 콘텐츠 부업 시도했으나 팔로워 확보 실패로 수익화 어려움,low
52,pickply,콘텐츠_SNS,6개월~1년,1~3시간,50000,"5만(50,000)",200000,"20만(200,000)",예,"실행력 부족, 마케팅 실패",시간 관리,본업뿐만 아니라 또 부수입이 있길 바라는 마음 때문입니다,SNS콘텐츠;실행력부족;시간관리,시간관리,"SNS 콘텐츠 부업, 본업 병행하며 실행력과 시간관리 실패",low
53,pickply,콘텐츠_SNS,3~6개월,3~5시간,8000000,"800만(8,000,000)",100000,"10만(100,000)",예,마케팅 실패,"수익 구조 이해, 수익화 연결",유튜브 크레이티브로 영상콘텐츠로 부가 수입을 연출하려 시작하였다 그러나 유튜브시장에서 알고리즘에 노출되기가 많이 어려우며 답보상태가 길어져서 힘들다,유튜브;알고리즘;노출부족,마케팅부족,유튜브 영상 콘텐츠 제작했으나 알고리즘 노출 실패로 수익화 난항,high
54,pickply,온라인판매_이커머스,1년 이상,3~5시간,20000000,"2,000만(20,000,000)",2500000,"250만(2,500,000)",예,"마케팅 실패, 독점 보호 실패","운영 지속성, 정보 부족, 경쟁 심화",유튜브 보고 시작핬고 공부도 2년간 하면서 실행했어요.,유튜브창업;2년준비;온라인판매,마케팅부족,"2년 공부 후 시작한 이커머스, 마케팅 실패로 투자금 대비 저조한 수익",high
55,pickply,플랫폼노동,1년 이상,1~3시간,0,0,100000,"10만(100,000)",예,실행력 부족,"수익화 연결, 경쟁 심화",배달 - 본업 외에 쉽게 돈 버는 방법을 찾다 시작하게 되었고 오토바이나 자전거 없이 도보로 배달하여 조금만 해도 체력적으로 많이 지쳤습니다. 작사 - 예술적은 분야에서도 부업을 하고싶어서 시작했으나 투자비 (학원비)는 매달 나가는데 수익이 쉽지 않았습니다. 스마트스토어 - 온라인으로 부업을 하고싶어서 시작했는데 이미 최저가로 파는 사람이 많은 레드오션이라 발 딛기조차 힘들었습니다.,배달;작사;스마트스토어,경쟁분석부족,"배달·작사·스마트스토어 3가지 동시 시도, 체력소진과 레드오션으로 실패",medium
56,pickply,온라인판매_이커머스,1년 이상,3~5시간,8000000,"800만(8,000,000)",600000,"60만(600,000)",예,"자본 부족, 시간 부족","수익 구조 이해, 수익화 연결",유튜브에서 물건을 때다가 팔아서 부업을 하는 유튜브를 보고 시작했지만 생각보다 수익이 나지 않고 시간에 비해서 매출이 잘 나오지 않고 인기 물품이 바뀌어서 어려웠다,온라인판매;재고관리;트렌드변화,시간관리,"이커머스 도매 판매, 트렌드 변화와 낮은 시간당 수익으로 실패",high
57,pickply,콘텐츠_SNS,6개월~1년,1~3시간,0,0,0,0,예,마케팅 실패,수익화 연결,sns광고 보고 무료로 알려준다고 해서 시작했지만 진짜 기본만 알려주고 진짜 정보는 월정액 결제를 해야 알려주는 구조였어서 혼자 하다가 결국은 실패,SNS광고;무료강의;월정액,마케팅부족,"무료 SNS 강의 유입 후 유료 전환 유도, 혼자 진행하다 실패",low
58,pickply,투자_재테크,1년 이상,1시간 미만,20000000,"2,000만(20,000,000)",-200,-200,예,"시장 조사 부족, 원인을 모르겠음","수익 구조 이해, 정보 부족",2022-2023 한창 해외주식 붐일 때 시작해서 처음에는 수익을 냈지만 레버리지를 타면서 손실을 봤습니다 그 이후에도 국장 붐이 오면서 국장으로 넘어왔지만 정보나 공부가 부족한 건지 운이 안 따라주는 건지 결국 마이너스네요ㅠㅠ 안정적인 etf가 아니라 레버리지를 한 게 패인이라고 생각해서 isa 등으로 굴려볼까 합니다,레버리지;해외주식;정보부족,타겟분석실패,"레버리지 투자로 초기 수익 후 큰 손실, 정보·공부 부족이 원인",high
59,pickply,콘텐츠_SNS,6개월~1년,1~3시간,50000,"5만(50,000)",500000,"50만(500,000)",예,실행력 부족,"수익 구조 이해, 시간 관리, 수익화 연결",취미생활을 할 돈을 따로모으고 싶어서 하게 되었고 돈을 벌어보니 조금 더 관심이 생겼습니다 하지만 수익화가 어려웠습니다,수익화어려움;취미활동;SNS콘텐츠,마케팅부족,SNS 콘텐츠 부업 시작했으나 수익화 방법 몰라 실패,low
60,pickply,기타,1년 이상,1시간 미만,0,0,3000,"3,000",예,실행력 부족,시간 관리,"급여로 생활하기 빠듯하다고 판단하여 시작하였고, 모으기 힘들었다",실행력부족;시간관리;소액수익,시간관리,1년 이상 부업 시도했으나 하루 1시간 미만 투자로 소액 수익에 그침,low
61,pickply,투자_재테크,1년 이상,1~3시간,10000000,"1,000만(10,000,000)",200000,"20만(200,000)",예,"시장 조사 부족, 시간 부족",수익화 연결,월급에 대한 불만족으로 인해 시작했지만 과도한 정보의 홍수에서 어떤 것이 나한테 맞을지 찾기가 어려워 시행착오를 많이 겪음,정보과다;시행착오;투자방향성,타겟분석실패,"투자재테크 부업, 정보 과다로 방향성 상실해 시행착오 반복",medium
62,pickply,재능_프리랜서,1년 이상,1~3시간,500,500,200,200,예,"마케팅 실패, 자본 부족","고객 확보 (마케팅), 수익화 연결, 운영 지속성, 경쟁 심화",ai 툴이 많이 생겨나면서 과거에 배웠던 걸 접목해서 본업 외 수익을 창출해보고자 하였음. 초기 진입은 수월했으나 아무래도 상단 진입이라던지 꾸준한 유입이 되지 않다보니 수익 전환이 쉽지 않았음. 광고나 마케팅 비용에 은근 달마다 투자를 하고 있어서 더더욱 일정한 수익이 나지 않았음,AI툴;마케팅비용;상단진입,마케팅부족,"AI툴 활용 프리랜서 부업, 광고비 지속 투자했으나 유입 부족으로 수익화 실패",medium
63,pickply,플랫폼노동,1년 이상,1~3시간,0,0,0,0,예,원인을 모르겠음,"수익화 연결, 경쟁 심화",소소한 시간 활용하려 했으나 활동에 비해 수입이 너무 적어서 포기할 수밖에 없었다.,플랫폼노동;저수익;시간대비효율,타겟분석실패,플랫폼노동 1년 이상 했으나 활동 대비 수입이 너무 적어 포기,low
64,pickply,콘텐츠_SNS,1년 이상,3~5시간,100000,"10만(100,000)",300000,"30만(300,000)",예,"마케팅 실패, 시간 부족","고객 확보 (마케팅), 수익 구조 이해, 시간 관리, 운영 지속성","생활비에 보탬이 되고지 시작했는데, 확장하기에는 시간과 정보가 너무 부족했습니다. 그래서 탐색하고 시행착오를 많이 겪었습니다",시간부족;정보부족;시행착오,시간관리,"SNS 콘텐츠 부업, 시간과 정보 부족으로 확장 실패",low
65,pickply,콘텐츠_SNS,3~6개월,5시간 이상,3000000,"300만(3,000,000)",0,0,예,"자본 부족, 시간 부족","수익 구조 이해, 수익화 연결",취미로 시작했고 처음에는 고객을 유치하기위해 손이득을 보지말고로 시작했는데 체력은 고괄되고 이득은 없고 잡일은 늘어나서 몸이 너무 힘들고 고되어서 포장도 새벽내내 하면서 이득이 없는 일을 하고 있다보니 지쳐서 금방 그만뒀던 것 같아요. 하지만 고객 유치를 하는데는 성공했어요. 하루에 주문이 50건 이상은 들어왔기 때문에.,고객유치;수익구조;체력소진,마케팅부족,SNS로 고객 50건 유치 성공했으나 저가 전략으로 수익 없이 체력만 소진,medium
66,pickply,투자_재테크,1년 이상,1~3시간,40000,"4만(40,000)",1200000,"120만(1,200,000)",예,시장 조사 부족,"수익 구조 이해, 시간 관리, 정보 부족","코인이벤트 참여하면서 시작, 손절과 익절 시점을 잡기가 어려웠다",코인투자;손절익절타이밍;이벤트참여,타겟분석실패,코인 이벤트로 시작했으나 손절·익절 타이밍 판단 실패,medium
67,pickply,플랫폼노동,3~6개월,1~3시간,50000,"5만(50,000)",30,30,예,"마케팅 실패, 자본 부족","고객 확보 (마케팅), 운영 지속성",본업 외 수익을 얻기 위해 시작해볼 생각이었는데 주변에서도 권유하길래 시작했습니다 다만 본업과 병행해서 하기엔 시간적 능력적으로도 부족했고 마케팅과 자본력에서 문제가 많았습니다,플랫폼노동;시간부족;마케팅,마케팅부족,"플랫폼노동 부업, 본업 병행 중 시간·마케팅 역량 부족으로 실패",low
68,pickply,콘텐츠_SNS,6개월~1년,1~3시간,0,0,3400,"3,400",예,마케팅 실패,운영 지속성,개인 블로그를 하다가 부수입을 만들고 싶어서 시작했습니다. 블로그 운영이 어려웠던 점은 블로그 게시글 노출이 잘안되다보니 방문자수를 늘리기가 쉽지 않았습니다.,블로그;노출부족;방문자확보,마케팅부족,"블로그 부업, 게시글 노출 부족으로 방문자 확보 실패",low
69,pickply,투자_재테크,1년 이상,1시간 미만,10000000,"1,000만(10,000,000)",1000000,"100만(1,000,000)",예,자본 부족,"시간 관리, 경쟁 심화","패시브 인컴, 일을 하지 않고도 돈을 벌수 있는 수단을 마련하기 위해 장기투자를 시작했음. 하지만 시드머니가 많지 않아서 수익률이 아무리 높아도 실제 버는 돈은 적어서, 시드 머니를 축적하는 게 제일 어려움. 결국 인내심 아님 다른 수단으로 돈을 벌어 놓아야 장기투자가 수월해져서 그게 제일 어려움.",시드머니부족;장기투자;수익률한계,자금부족,시드머니 부족으로 장기투자 수익 실현 어려움,medium
70,pickply,콘텐츠_SNS,1년 이상,1~3시간,0,0,100000,"10만(100,000)",예,시간 부족,"고객 확보 (마케팅), 수익 구조 이해, 운영 지속성, 정보 부족",네이버 애드포스트를 목적으로 시작했습니다 처음에 금융을 주제로 글을 작성했습니다 시간적 한계와 정보의 속도를 따라가기 힘들어서 피로도가 증가했습니다 그래서 현재는 1주에 1개 글을 작성하는 것을 지속하고 있습니다,네이버애드포스트;금융블로그;정보피로도,시간관리,"금융 블로그 운영, 정보 업데이트 속도를 따라가지 못해 주1회로 축소",low
71,pickply,콘텐츠_SNS,1년 이상,1시간 미만,0,0,0,0,예,"실행력 부족, 시간 부족","시간 관리, 귀차늠",추가적인 부가수입을 얻기위해서 했으나 본업과 병행하다보니 꾸준히 하는게 제일 어려웠움 시간도 넉넉하지 못하다보니 경쟁력있는 일을 하지 못함,시간부족;꾸준함부족;경쟁력부족,시간관리,"본업 병행으로 SNS 콘텐츠 제작 시간 부족, 꾸준함 유지 실패",low
72,pickply,온라인판매_이커머스,6개월~1년,3~5시간,0,0,0,0,예,"시장 조사 부족, 마케팅 실패","고객 확보 (마케팅), 시간 관리",계기는 추가적인 수입을 만들기 위해 시작했어요 가벼운 마음으로 시작했는데 일은 가볍지 않더라구요 시장 조사도 쉽지 않고 본업과 병행하면서 하기가 어려웠어요,온라인판매;시장조사부족;본업병행어려움,마케팅부족,"온라인판매 시작했으나 시장조사와 고객확보 실패, 본업 병행 어려움",low
73,pickply,재능_프리랜서,1개월 미만,1~3시간,0,0,0,0,예,실행력 부족,시간 관리,돈이 필요해서 시작했으며 수익을 올리는 방법을 찾는 것이 힘들고 본업을 하면서 부업에 시간을 쏟기 어려워서,시간부족;수익방법;본업병행,시간관리,"프리랜서 부업, 본업과 병행하며 시간 부족으로 수익 방법 찾지 못함",low
74,pickply,플랫폼노동,1년 이상,3~5시간,2000000,"200만(2,000,000)",70000,"7만(70,000)",예,"실행력 부족, 시간 부족","수익 구조 이해, 운영 지속성",투잡으로 저축금액을 늘리고 싶어서,플랫폼노동;시간부족;낮은수익,시간관리,1년간 하루 3~5시간 플랫폼노동 투자했으나 7만원 수익에 그침,high
75,pickply,오프라인부업,6개월~1년,1~3시간,5,5,10,10,아니오,마케팅 실패,"고객 확보 (마케팅), 운영 지속성",핸드메이드로 폰줄이나 키링에 관심이 많아서 시작했는데 생각보다 판매가 어려웠고 사람들의 흥미를 이끌어 내지 못한 거 같아요 저렴한 비용으로 좋은 수익을 내야 된다는 조바심이 계속 들었습니다ㅠ,핸드메이드;판매부진;고객흥미부족,마케팅부족,핸드메이드 폰줄·키링 제작했으나 고객 흥미 유도 실패로 판매 부진,low
76,pickply,투자_재테크,1년 이상,1~3시간,10000000,"1,000만(10,000,000)",-1,미기재,예,"시장 조사 부족, 시간 부족","수익화 연결, 정보 부족",일단 배달은 본업으로는 형편이 어렵다고 생각해서 시작했고 본업이 끝나는시간이 매일 달라서 시간상의 문제로 실행이 좀 어렵다. 주식은 정보도 그렇고 끈기가 부족해서 손실을 꽤 보는중이다,주식투자;배달부업;시간불규칙,시간관리,"불규칙한 본업 종료시간으로 배달 어렵고, 정보부족과 끈기부족으로 주식 손실",medium
77,pickply,투자_재테크,6개월~1년,1시간 미만,1000000,"100만(1,000,000)",-300000,"-30만(-300,000)",예,시장 조사 부족,"수익 구조 이해, 수익화 연결, 정보 부족",주변에서 많이 하길래 시작해보았고 24시간 열려있는 마켓이다보니 대응이 어려웠다,24시간거래;대응어려움;시장조사부족,타겟분석실패,24시간 열린 투자 시장 대응 어려워 30만원 손실,medium
78,pickply,투자_재테크,1~3개월,1시간 미만,1500000,"150만(1,500,000)",10000,"1만(10,000)",예,"시장 조사 부족, 자본 부족",수익 구조 이해,친구가 주식 종목을 추천해줘서 한번해볼까해서 시작하게됐는데 처음에 수익 좀 봐서 계속 하게됐는데 마이너스 크게 한번 탁와서 그때 그냥 팔았어요. 현타와서 좀 쉬다가 적금만 넣고있어요.. 친구따라 주식 하지마세요,주식투자;지인추천;손실매도,타겟분석실패,"친구 추천 주식 투자, 초반 수익 후 큰 손실로 손절매",high
79,pickply,투자_재테크,6개월~1년,1~3시간,0,0,0,0,예,"실행력 부족, 시간 부족","고객 확보 (마케팅), 수익 구조 이해, 운영 지속성, 정보 부족",용돈벌이로 시작햇다가 지속성에 어려움을느꼈어요 그래서 처음에는 꾸준히 하다가 나중에되니까 느슨해져서 띄엄띄엄하다가 아예 안하게되어버리는 경우가 있었습니다,용돈벌이;지속성부족;동기저하,시간관리,투자재테크 부업을 용돈벌이로 시작했으나 동기부여 약화로 중단,low
80,pickply,재능_프리랜서,1년 이상,3~5시간,400000,"40만(400,000)",600000,"60만(600,000)",예,"실행력 부족, 시간 부족","시간 관리, 정보 부족","처음엔 수익 후기 보고 혹해서 시작했는데, 막상 해보니 꾸준한 시간 투자와 마케팅이 어렵더라고요… 생각보다 성과가 안 나서 중간에 포기하게 됐어요.",마케팅부족;시간투자;꾸준함부족,시간관리,"재능 프리랜서 부업, 마케팅과 꾸준한 시간 투자 실패로 중도 포기",low
81,pickply,투자_재테크,1년 이상,1~3시간,50000000,"5,000만(50,000,000)",-10000000,"-1,000만(-10,000,000)",아니오,시장 조사 부족,"수익화 연결, 정보 부족",소소하게 시작하였으나 욕심이 커져 생각보다 일이커졌고 손절할 타이밍을 놓쳐서 손실이 커졌습니다.,투자욕심;손절타이밍;시장조사부족,타겟분석실패,투자재테크 부업에서 욕심으로 규모 확대 후 손절 시기 놓쳐 1천만원 손실,high
82,pickply,콘텐츠_SNS,1년 이상,1~3시간,200000,"20만(200,000)",500000,"50만(500,000)",예,"실행력 부족, 시간 부족","수익 구조 이해, 수익화 연결, 운영 지속성, 경쟁 심화","지인 추천으로 가볍게 시작했는데, 고객 확보가 생각보다 어렵고 시간 대비 수익이 적어서 점점 지치더라고요… 결국 오래 못 갔어요.",고객확보;시간대비수익;지속성부족,마케팅부족,"SNS 콘텐츠 부업, 고객 확보 실패와 낮은 시간 효율로 중단",low
83,pickply,콘텐츠_SNS,3~6개월,1~3시간,0,0,20,20,예,시간 부족,수익 구조 이해,부수입을 위해 시작했으나 정보와 체력의 한계,SNS부업;시간부족;수익구조,시간관리,"SNS 콘텐츠 부업, 정보 부족과 체력 한계로 3~6개월 만에 중단",low
84,pickply,플랫폼노동,1년 이상,3~5시간,30000000,"3,000만(30,000,000)",3000000,"300만(3,000,000)",예,실행력 부족,"시간 관리, 수익화 연결",돈벌려고 시간마련,플랫폼노동;시간관리;고액투자,시간관리,플랫폼노동에 3천만원 투자 후 1년간 하루 3~5시간 투입했으나 300만원만 회수,high
85,pickply,콘텐츠_SNS,3~6개월,1~3시간,0,0,0,0,예,"실행력 부족, 마케팅 실패","고객 확보 (마케팅), 수익화 연결","블로그를 했는데 사람들이 뭘 좋아하는지, 그리고 그걸로 어떻게 수익을 내야하는지 잘 모르겠었다",블로그;타겟불명;수익화전략,타겟분석실패,블로그 운영 시 독자 니즈 파악 실패 및 수익화 방법 부재,low
86,pickply,플랫폼노동,1년 이상,1~3시간,0,0,15000,"1만 5,000(15,000)",예,"실행력 부족, 시간 부족","시간 관리, 운영 지속성","주변 지인의 추천으로 앱테크를 시작했고 처음엔 수익이 잘 나는듯 하였으나, 점점 보상이 줄어듦.. 또 쉽게 할 수는 있지만 시간대비 보상이 적다보니 지속적으로 하기엔 어려움이 있었다.. 그래서 요즘은 가끔 생각나면 하는 중.",앱테크;보상감소;시간대비효율,시간관리,앱테크 시작했으나 보상 감소와 낮은 시간대비 효율로 지속 어려움,low
87,pickply,플랫폼노동,1년 이상,1~3시간,0,0,20000,"2만(20,000)",예,시간 부족,"수익화 연결, 경쟁 심화",본업만으로 생계유지가 힘들고 시간이 남아서 찾아보다가 부업을 시작했습니다 갈수록 해당 부업을 원하는 사람이 많아 앱테크는 포인트가 줄아들고 일은 지원한 만큼 뽑히지 않아 힘든 것 같습니다,앱테크;경쟁심화;포인트감소,경쟁분석부족,"앱테크 부업, 지원자 증가로 포인트 감소 및 일감 확보 어려움",low
88,pickply,디지털상품_지식판매,3~6개월,1~3시간,480,480,0,0,예,"실행력 부족, 마케팅 실패","수익화 연결, 운영 지속성",인스타그램보고 시작했는데 희망심어주기만하고 쉽다해놓고 막상해보니 어렵더라구요 그래서 하다가 포기했습니다..그사람은 환불당연히안되고걍돈만날렸죠 절대!!부업하지마세요,인스타그램;환불불가;과대광고,마케팅부족,"인스타 과대광고 강의 구매 후 실행 어려움으로 포기, 환불 불가",medium
89,pickply,투자_재테크,6개월~1년,1~3시간,300,300,50,50,예,시장 조사 부족,"수익 구조 이해, 정보 부족",여윳돈이 생겨서 공부고 해볼겸 투자를 시작햐봤는데 생각보다 성격이랑 맞지않아서 번 돈에비해 마음고생을 너무 심하게했음,투자;성격불일치;심리적스트레스,기타,투자 부업 시작했으나 성격과 맞지 않아 심한 스트레스 경험,medium
90,pickply,콘텐츠_SNS,6개월~1년,1시간 미만,0,0,0,0,예,"시장 조사 부족, 실행력 부족","정보 부족, 경쟁 심화",아기가 태어나서 돈이 쪼들렸기 때문에 부업을 고민하다가 시작하게 되었습니다. 블로그 시작했는데 수익성이 전혀 없고 시간만들어서 포기하게 되었습니다,블로그;육아;시간부족,시간관리,"육아로 시간 부족한 상황에서 블로그 시작, 수익 없이 포기",low
91,pickply,플랫폼노동,1년 이상,1~3시간,0,0,300000,"30만(300,000)",예,"실행력 부족, 시간 부족","시간 관리, 수익화 연결, 경쟁 심화",본업으로는 가정경제 상황을 유지하기 어려워서 쉽게 시작할 수 있는 배달 서비스를 부업으로 시작,배달서비스;시간관리;수익부족,시간관리,"배달 부업 1년간 월 30만원 수익, 시간관리 어려움",low
92,pickply,재능_프리랜서,6개월~1년,1시간 미만,0,0,20,20,예,실행력 부족,"고객 확보 (마케팅), 시간 관리",본업 외에 추가적인 수입을 원했으나 꾸준히 지속하기가 쉽지 않다.,프리랜서;실행력부족;지속어려움,시간관리,"재능 프리랜서 부업, 꾸준한 실행력 부족으로 지속 어려움",low
93,pickply,투자_재테크,1년 이상,1~3시간,100000000,"1억(100,000,000)",800000,"80만(800,000)",예,자본 부족,"고객 확보 (마케팅), 시간 관리, 운영 지속성",수익이 일정치 않아서 계속 해야하는지에대한 의문과 불안함으로 계속 이어나가지 못함,투자재테크;수익불안정;지속성부족,시간관리,"투자재테크 부업, 1년간 불안정한 수익으로 지속 의지 상실",high
94,pickply,투자_재테크,6개월~1년,1시간 미만,0,0,500000,"50만(500,000)",예,시장 조사 부족,"시간 관리, 수익화 연결, 운영 지속성",우연히 유튜브에서 보고 따라하기 시작했습니다 생각보다 적성에 맞아서 계속하게 되었습니다 수익적 한계가 아쉬움이 있어요,유튜브부업;수익한계;적성맞음,타겟분석실패,"유튜브 콘텐츠 부업, 적성은 맞으나 수익 확장 전략 부족으로 한계",low
95,pickply,투자_재테크,6개월~1년,1시간 미만,25000000,"2,500만(25,000,000)",200000,"20만(200,000)",예,"시장 조사 부족, 실행력 부족","수익 구조 이해, 시간 관리, 정보 부족, 경쟁 심화","본업 수입 외 부가적인 수입으로 자산 증식 가속화를 꾀하려고 주식 투자를 시작했으나 시장 정보를 얻고 이를 해석해서 투자를 하기까지가 쉽지 않아 몇 차례 손해를 보기도 했습니다. 이후로는 좀 더 신중하게 접근하고 있지만 그래도 타인과 비슷하게, 더 밀도 있는 정보를 선점하는 것은 여전히 지난한 일인 것 같네요.",주식투자;정보격차;손실경험,타겟분석실패,주식 투자로 자산 증식 시도했으나 정보 해석 실패로 손실,high
96,pickply,콘텐츠_SNS,1년 이상,1~3시간,0,0,3000,"3,000",예,마케팅 실패,운영 지속성,친구,SNS;마케팅부족;운영지속성,마케팅부족,"SNS 콘텐츠 부업, 1년 이상 운영했으나 마케팅 부족과 운영 지속의 어려움으로 실패",low
97,pickply,콘텐츠_SNS,1년 이상,1~3시간,0,0,250000,"25만(250,000)",예,"마케팅 실패, 자본 부족","고객 확보 (마케팅), 수익화 연결, 정보 부족, 경쟁 심화","생활비 마련하고자...좀 여유러운삶을 위해서 정보부족,자본투입을 해야 이익창출이 되는데 자본도 부족하고....",자본부족;정보부족;수익화연결,자금부족,"SNS 콘텐츠 부업, 초기 자본 없이 시작해 수익화 연결 실패",low
98,pickply,투자_재테크,1년 이상,1시간 미만,50000000,"5,000만(50,000,000)",10000,"1만(10,000)",예,"시장 조사 부족, 시간 부족","시간 관리, 수익화 연결",친구의 추천,투자재테크;시장조사부족;친구추천,타겟분석실패,"친구 추천으로 시작한 투자, 시장조사 없이 5천만원 투입 후 실패",high
99,pickply,플랫폼노동,1년 이상,1~3시간,50000,"5만(50,000)",60000,"6만(60,000)",아니오,실행력 부족,수익화 연결,자투리시간 활용을 하면서 부수익을 벌기위해 앱테크를 시작하였는데 투자한 시간에 비해 수익성이 너무 적어서 만족스럽지 못했고 힘들었음,앱테크;시간대비수익;플랫폼노동,시간관리,앱테크로 1년간 투자한 시간 대비 수익성이 낮아 실패,low
100,pickply,온라인판매_이커머스,1년 이상,5시간 이상,500000,"50만(500,000)",500000,"50만(500,000)",예,"자본 부족, 원인을 모르겠음","운영 지속성, 경쟁 심화",유튜브 보던중 알고리즘으로 알게된 이후에 조금식 준비하고 시작했는데 경쟁고 심하고 이미 한물간 느낌,이커머스;경쟁심화;타이밍,경쟁분석부족,"유튜브 알고리즘으로 접한 이커머스, 시장 포화로 실패",medium
