ad_score,bloggername,cafename,cafeurl,category,description,fail_reason,final_score,full_text_length,is_ad,keyword,link,noise_score,postdate,pubDate,relaxed_verdict,side_score,source,success_score,title
0,조용한 밤바다,,,기타,"가볍게 부업으로 시작해볼 일들을 검색해보기 시작했어요. 그러면서 알게된 게 매트리스... 시간을 내가 조절할 수 있고, 정해진 공간이 없어도 되고, 특별한 경력이 없어도 시작할 수 있다는 점이 부업으로...",성공 경험담 패턴 없음,5,2435,False,부업 성공 후기,https://blog.naver.com/queencome/224223706614,0,20260320,,pass_relaxed_pattern,2,blog,3,매트리스 청소창업 부업으로 시작했다가 본업까지 성공한 후기
0,HIBIKI,,,기타,뜨개질로 부업을 시작했답니다^^ 전에 뜨개질로 수세미를 몇 번 만들어보긴 했었지만 아직은 코바늘... 단순 부업만 떠올랐어요 하지만 이런 일들은 단가가 너무 낮기 때문에 하고 싶지 않더라고요 하지만 뜨개질...,성공 경험담 패턴 없음,7,2340,False,부업 성공 후기,https://blog.naver.com/garbeekr/224124323979,0,20251227,,pass_relaxed_pattern,4,blog,3,코바늘 초보 시작해서 재택부업 성공한 사장님이 된 후기
0,솜사탕맛,,,기타,쿠팡사업자 등록하고 부업 성공한 후기 쿠팡사업자 등록하고 부업 성공한 후기 쿠팡사업자 등록하고 부업 성공한 후기 얼마 전까지만 해도 저는 전형적인 회사원 생활을 하고 있었어요. 출근해서 하루 종일 업무...,성공 경험담 패턴 없음,5,2029,False,부업 성공 후기,https://blog.naver.com/gganggu1243/224078885134,0,20251117,,pass_relaxed_pattern,2,blog,3,쿠팡사업자 등록하고 부업 성공한 후기
0,떡굽는사람 맛디댜입니다,,,강의,"저는 토퍼제작기계로 부업을 시작했는데요! 집에 컴퓨터나 노트북, 토퍼 기계, 종이 및 문구류로... 강의를 진행하는 분도 실제로 토퍼제작기계 하나 사두고 홈공방으로 시작해서 창업까지 성공하셨다고 해요....",성공 경험담 패턴 없음,7,2725,False,부업 성공 후기,https://blog.naver.com/xodms0515/223548143710,0,20240814,,pass_relaxed_pattern,4,blog,3,토퍼제작기계 하나로 부업 성공한 후기
0,커피향 가득한 하루,,,기타,"마지막으로, 나만의 재택 부업 성공 비법은? 결국 재택 부업에서 성공하려면 꾸준함과 자기 관리가 제일 중요하다는 걸 느꼈어요. 처음 시작할 때는 정말 힘들었지만, 그 과정을 거치면서 수익도 늘고, 나만의...",성공 경험담 패턴 없음,9,2817,False,부업 성공 후기,https://blog.naver.com/accessnc/224061284670,0,20251101,,pass_relaxed_pattern,6,blog,3,재택 부업 내가 해본 진짜 후기! 성공할 수 있을까?
0,닥터인사이트,,,기타,하는 부업은 시작하기 전부터 부담으로 느껴졌어요. 시간을 들인 만큼 결과가 따라오지 않는 경우도... 이용자 후기를 살펴보는 과정에서도 일회성 이야기가 아니라 지속적으로 사용 중이라는 글들이 많아...,성공 경험담 패턴 없음,8,3876,False,부업 성공 후기,https://blog.naver.com/handan3544/224149074415,0,20260116,,pass_relaxed_pattern,2,blog,6,집에서 하는 부업 성공 경험 공유해요
0,싱거미싱,,,기타,실제 부업으로 시작해서 성공하기까지의 생생한 스토리와 함께 소잉사업을 통해 수익창출의 노하우까지 전수해 주셨습니다. 바느질 입문자가 처음 미싱을 해볼까?라고 했을 때 대부분은 취미로 시작하기...,성공 경험담 패턴 없음,10,2684,False,부업 성공 후기,https://blog.naver.com/singerkorea/223966673942,0,20250811,,pass_relaxed_pattern,4,blog,6,싱거미싱으로 부업을 해볼까?... 2025 부자언니 성공 강연회 후기
0,도토리월드,,,기타,요즘은 휴대폰을 이용해 수익 구조를 만드는 재택부업이 사람들에게 인기죠. 앱테크는 시간과 장소에... 실제로 저의 지인분은 부업이 생활비를 아끼고 모으는데 많은 도움이 된다고 추천해 주셨어요. 하지만...,성공 경험담 패턴 없음,9,2528,False,부업 성공 후기,https://blog.naver.com/kizenlove01/223886332486,2,20250602,,pass_relaxed_pattern,8,blog,3,재택부업으로 직장인 부수입 만들기 성공한 5월 정산 후기
0,misskorea456님의블로그,,,기타,자격증 취득 후 프리랜서 부업과 방과후교사로 활동 중이에요 자격증을 따고 나니 이걸 활용할 수 있는 길이 생각보다 훨씬 무궁무진하더라고요. 가장 좋은 점은 초기 자본이 거의 들지 않는 소자본 부업이나...,성공 경험담 패턴 없음,5,2325,False,부업 성공 후기,https://blog.naver.com/misskorea456/224273196355,0,20260503,,pass_relaxed_pattern,2,blog,3,초보 드로잉 실기 독학 방과후교사 공방 부업 성공한 후기예요
0,숲속의사랑나무,,,기타,"주말알바 급여 필요하다면 부업으로 성공했던 후기 주말알바를 하게 된 건 아주 현실적인 이유 때문이었어요. 평일에는 고정적인 일이 있었지만, 그걸로는 생활비가 빠듯하다는 느낌이 들었고, 그렇다고 당장 큰...",성공 경험담 패턴 없음,8,2105,False,부업 성공 후기,https://blog.naver.com/y0eaxpfh/224123033550,0,20251226,,pass_relaxed_pattern,2,blog,6,주말알바 급여 필요하다면 부업으로 성공했던 후기
0,HIBIKI,,,기타,""" 이 포스팅을 업체로부터 소정의 수수료를 지급받고 작성한 글입니다 "" 가내부업 성공해서 편하게... 첫 주문은 당연히 조금 시간이 걸리긴 했지만 일주일 뒤부터 판매가 이뤄지고 나서 많은 분들이 후기를...",성공 경험담 패턴 없음,7,1395,False,부업 성공 후기,https://blog.naver.com/garbeekr/224103225788,0,20251209,,pass_relaxed_pattern,4,blog,3,가내부업 성공해서 편하게 수익내기
0,연우의 부업 스토리,,,기타,"부업 성공한 사람 후기 행동 1: 목표 설정과 계획 수립 부업 성공자들의 후기를 보면 대부분 처음부터 목표를 명확하게 세웠습니다. 예시 목표: 월 50만 원 이상 추가 수익 달성, 6개월 내 온라인 스토어 개설 실행...",성공 경험담 패턴 없음,7,2271,False,부업 성공 후기,https://blog.naver.com/zbootaue/223946785828,0,20250725,,pass_relaxed_pattern,4,blog,3,"부업 성공한 사람 후기, 그들이 공통적으로 한 행동 5가지"
0,용쓰 수다이야기,,,기타,얼마든지 부업으로 하기 좋아요 그리고 학력이나 나이에도 차별이 없으니 취미처럼 즐기며 돈 벌기 최적화 되어있죠 레진아트 몰드 같은 재료도 공짜로 지원받고 다양한 혜택도 받으며 시작이 가능하니까...,성공 경험담 패턴 없음,7,2137,False,부업 성공 후기,https://blog.naver.com/nike8319/223844113807,0,20250423,,pass_relaxed_pattern,4,blog,3,레진아트 몰드 지원받고 재택 부업 성공한 후기
0,linguistic_83507님의 블로그,,,기타,여자 남자 재택부업 실패 후 성공한 후기 성공을 향한 여정의 시작 여자 남자 누구나 한 번쯤은 꿈꾸는 성공적인 부업. 나 또한 예외는 아니었다. 그러나 다양한 부업 시도 끝에 실패하고 말았다. 주말재택알바...,성공 경험담 패턴 없음,7,990,False,부업 성공 후기,https://blog.naver.com/linguistic_83507/224250070970,0,20260502,,pass_relaxed_pattern,4,blog,3,여자 남자 재택부업 실패 후 성공한 후기
0,보람차게 살기,,,스마트스토어,"분의 후기를 보게 됐는데, 리본공예 재료를 지원받아 재택부업으로 판매 수익을 내고 있다는 거예요 교육부터 판매까지 지원해주는 전문 기관도 있더라구요! 이곳은 리본공예뿐만 아니라 40가지가 넘는 수공예...",성공 경험담 패턴 없음,11,1985,False,부업 성공 후기,https://blog.naver.com/handa1221/223994102841,0,20250905,,pass_relaxed_pattern,8,blog,3,리본공예재료쇼핑몰 안쓰고 부업 성공한 비밀
0,linguistic_83507님의 블로그,,,기타,"주부 임산부 디지털부업 실패 후 성공한 후기 첫만남 한 가지 기회가 찾아왔다. 너무나 소중한 기회였다. 나는 주부이자 임산부라는 이중 역할을 하고 있었지만, 뭔가 더 해야 한다는 생각이 들었다. 그런데...",성공 경험담 패턴 없음,5,1466,False,부업 성공 후기,https://blog.naver.com/linguistic_83507/224249950042,0,20260419,,pass_relaxed_pattern,2,blog,3,주부 임산부 디지털부업 실패 후 성공한 후기
0,"국내 최초 중고 노트북 부업, 창업 아카데미",,,기타,20대 30대 춘천부업 실패 후 성공한 후기 부업을 시작하고는 20대 30대 부업 실패 사례 20대 후반부터 30대 초반의 젊은이들이 부업을 시작하는 이유는 다양합니다. 다양한 부업 아이디어와 창업 사업 모델에 푹...,성공 경험담 패턴 없음,5,1830,False,부업 성공 후기,https://blog.naver.com/travel_8157/224175000755,0,20260305,,pass_relaxed_pattern,2,blog,3,20대 30대 춘천부업 실패 후 성공한 후기
0,town_601님의 블로그,,,스마트스토어,"여자 남자 컴퓨터로할수있는부업 실패 후 성공한 후기 부업을 통한 성공 스토리 2020년, 나는 쇼핑몰아이템을 판매하는 부업을 시작했다. 처음에는 부수익을 얻기 위한 간단한투잡으로 시작했지만, 뜻하지 않게...",성공 경험담 패턴 없음,11,1321,False,부업 성공 후기,https://blog.naver.com/town_601/224241354132,0,20260418,,pass_relaxed_pattern,8,blog,3,여자 남자 컴퓨터로할수있는부업 실패 후 성공한 후기
0,R=VD :),,,기타,수공예 부업이 인기가 많네요? 처음엔 저도 관심이 있었는데 손재주도 없고 할 줄 아는 수공예도 없어서... 재택부업 고민 많이 했었는데 리본공예DIY 배워서 판매하길 너무 잘한거 같아요. 제가 수공예...,성공 경험담 패턴 없음,7,2204,False,부업 성공 후기,https://blog.naver.com/watergilr/223736983395,0,20250128,,pass_relaxed_pattern,4,blog,3,리본공예DIY 배워서 부업 성공한 후기
0,"국내 최초 중고 노트북 부업, 창업 아카데미",,,기타,주부 임산부 논산부업 실패 후 성공한 후기 첫 번째 단락: 변화의 시작 그것은 나에게 변화를 가져다 주는 계기가 되었던 날이었다. 주부로서의 일상에 지치고 있던 나는 새로운 도전을 꿈꾸게 되었다....,성공 경험담 패턴 없음,5,1604,False,부업 성공 후기,https://blog.naver.com/equate_1523780/224174824259,0,20260301,,pass_relaxed_pattern,2,blog,3,주부 임산부 논산부업 실패 후 성공한 후기
0,"국내 최초 중고 노트북 부업, 창업 아카데미",,,기타,"주부 임산부 부업일자리 실패 후 성공한 후기 주부 시절의 부업 실패와 그에 따른 변화 주부 시절, 저는 주변에서 전단지를 접어 돈을 버는 1인사업 아이템을 시작했습니다. 처음에는 부업으로서의 재미와 기대...",성공 경험담 패턴 없음,5,1428,False,부업 성공 후기,https://blog.naver.com/letter_35/224173034062,0,20260228,,pass_relaxed_pattern,2,blog,3,주부 임산부 부업일자리 실패 후 성공한 후기
0,,,,기타,부업관심있어서 고민중인데 괜찮은가요? 안녕하세요! 재택부업 알아보고 계신가보네요~ 저도 학자금 대출과... 후배님들도 성공하셔서 언론 인터뷰에도 나왔어요! 그리고 대단한건 아니지만 후배님들에게 믿음을 주기위해 마케팅...,질문 글 (지식인),5,5949,False,부업 성공,https://kin.naver.com/qna/detail.naver?d1id=4&dirId=40611&docId=354688142&qb=67aA7JeFIOyEseqztQ==&enc=utf8,2,,,pass_relaxed_pattern,4,kin,3,부업성공지원센터 어떤가요?
0,,,,기타,... 요즘 광고를 보면 누구나 쉽게 할 수 있다고 하는데 현실적으로는 어떤지 알고 싶어요 사기 피해를 피하는 방법이 있다면 알려주세요 또한 하루에 몇 시간 정도 투자해야 수익이 가능한지도 궁금합니다 주부부업을 성공한 사례는 많이...,질문 글 (지식인),5,2687,False,부업 성공,https://kin.naver.com/qna/detail.naver?d1id=4&dirId=40611&docId=481311051&qb=67aA7JeFIOyEseqztQ==&enc=utf8,4,,,pass_relaxed_pattern,6,kin,3,주부부업을 통해 성공한 사례가 궁금해요!
0,,,,스마트스토어,... 집에서 하는 부업으로 성공한 사례도 많아요! 안정적인 수익을 기대할 수 있는 방법 중 하나는 온라인 쇼핑몰 운영이에요 초보자가 접근하기 쉬운 방법이니 한번 고려해보시길 바래요!!,성공 경험담 패턴 없음,10,2854,False,부업 성공,https://kin.naver.com/qna/detail.naver?d1id=4&dirId=40607&docId=481374759&qb=67aA7JeFIOyEseqztQ==&enc=utf8,2,,,pass_relaxed_pattern,6,kin,6,집에서하는부업을 통해 성공한 사례가 궁금해요!
0,,,,기타,... 시작하신 부업 성공하길 바랍니다. 혹시 시간적여유가 더 있다면 글쓰기에 자신이 있거나 창작활동에 취미가 있다면 다른 수익성 좋은 부업도 한번 권유해 드립니다. 이 곳에서 젊은 작가분들도 몇 분 배양해 냈습니다. 좋은 기회가 될...,성공 경험담 패턴 없음,5,1416,False,부업 성공,https://kin.naver.com/qna/detail.naver?d1id=4&dirId=40309&docId=455907297&qb=67aA7JeFIOyEseqztQ==&enc=utf8,2,,,pass_relaxed_pattern,4,kin,3,아이디어스 부업 및 세금관련 질문
0,,,,기타,... 꾸준히 매일매일 일도 하셔야 하구요~ ㅎㅎ 인터넷 부업성공 노하우의 기본!!!!! 1.긍정적인 생각 2.인내를 가지고 꾸준히 3.반드시 대박터진다 분명한것은 어려운일아닙니다 손해보는일도 아닙니다 꾸준히만 하실수 있으시다면 좋은...,성공 경험담 패턴 없음,11,2294,False,부업 성공,https://kin.naver.com/qna/detail.naver?d1id=4&dirId=40611&docId=142909368&qb=67aA7JeFIOyEseqztQ==&enc=utf8,0,,,pass_relaxed_pattern,2,kin,9,퇴근후 저녁에 부업하고자합니다
0,,,,블로그,... 시작하시면 되어요:) 본사에서 지원해주는 자료들을 sns나 블로그에 올려주시기만 해도 수익이 날 수 있어요. 제가 있는 업계는 수익금도 가장 높아요! 수익금은 당연히 당일 지급 됩니다 ㅎㅎ 잘 알아보시고 부업 성공하시길 바래요!,성공 경험담 패턴 없음,11,3425,False,부업 성공,https://kin.naver.com/qna/detail.naver?d1id=4&dirId=40611&docId=347816688&qb=67aA7JeFIOyEseqztQ==&enc=utf8,0,,,pass_relaxed_pattern,8,kin,3,직장인이 하기에 좋은 부업이나 투잡 없을까요?
0,,,,기타,... 1.자신의 경험이나 노하우를 최대한 살려라 2.정보를 많이 수집하라 3.재택부업성공하는 방법 우연히 아래에 사이트에 들르게 되었는데 다양한 정보가 많더라구여.. 한번 참고라도 해보세요... 참고:재택부업가이드,성공 경험담 패턴 없음,10,273,False,부업 성공,https://kin.naver.com/qna/detail.naver?d1id=4&dirId=40611&docId=34374093&qb=67aA7JeFIOyEseqztQ==&enc=utf8,0,,,pass_relaxed_pattern,4,kin,6,POP 부업하려고 하는데요...
0,,,,기타,집에서하는부업을 하면서 성공한 사례가 궁금해요 정말로 안정적인 수입을 얻을 수 있는지 아니면 부업으로 적당한 수준인지 알고 싶어요 또한 초보자가 시작할 때 주의해야 할 점이 있으면 알려주세요 집에서 하는 부업으로 고수익을...,질문 글 (지식인),6,5799,False,부업 성공,https://kin.naver.com/qna/detail.naver?d1id=4&dirId=40613&docId=481320155&qb=67aA7JeFIOyEseqztQ==&enc=utf8,4,,,pass_relaxed_pattern,4,kin,6,집에서하는부업 하면 정말 고수익이 가능한가요?
0,,,,기타,... 2.십자수:십자수로 작품을 만든뒤에 뭐 인터넷으로 홈페이지를 만들어 파는것도 좋은것 갔습니다. 도움이 될것 같지는 않지만 이런것들은 열심히 배운다면은 쉽게 할수 있을 거라고 믿습니다~ 부업 성공하세요!,성공 경험담 패턴 없음,5,266,False,부업 성공,https://kin.naver.com/qna/detail.naver?d1id=4&dirId=40611&docId=33726570&qb=67aA7JeFIOyEseqztQ==&enc=utf8,0,,,pass_relaxed_pattern,2,kin,3,부업할만한것
0,,,,유튜브,"... 유튜브 부업 성공을 위한 팁 처음부터 완벽하려 하지 말고 꾸준히 올리기 → 성장 속도는 꾸준함에서 갈립니다. 시청자와 소통하기 → 댓글, 커뮤니티 기능을 활용해 충성 구독자를 만드는 게 중요합니다. 트렌드와 장기 콘텐츠 균형...",질문 글 (지식인),12,1978,False,부업 성공,https://kin.naver.com/qna/detail.naver?d1id=5&dirId=508&docId=486300480&qb=67aA7JeFIOyEseqztQ==&enc=utf8,0,,,pass_relaxed_pattern,6,kin,6,유튜브 부업하고 싶은데 어떻게 해야하나요?
0,,,,기타,"... ☘ 법무법인 에이엘 실제 승소사례 부업사기 피해금 전액 회복한 성공사례 부업사기 사건, 왜 법무법인 에이엘이여야 하는가? 1 수사기관의 내부 메커니즘 명확히 파악 : 에이엘의 대표변호사는 대형 로펌 및 군검사 출신으로...",성공 경험담 패턴 없음,5,7487,False,부업 성공,https://kin.naver.com/qna/detail.naver?d1id=6&dirId=602060402&docId=491512723&qb=67aA7JeFIOyEseqztQ==&enc=utf8,0,,,pass_relaxed_pattern,2,kin,3,팀미션부업사기??
0,,,,기타,"... 재택부업 성공한 하곽이 입니다~ . 하루하루 시간은 가고~ 나이는 먹어가고~ 모은 돈은 없구~.. . 요즘 물가도 비싸서 뭘 하기도 망설이시죠? . 저도 그랬답니다. 초기비용이 들어간다는 거에 뒷걸음 치고, 겁내고 망설였어요. . 그러다가...",성공 경험담 패턴 없음,9,3563,False,부업 성공,https://kin.naver.com/qna/detail.naver?d1id=12&dirId=120917&docId=196999392&qb=67aA7JeFIOyEseqztQ==&enc=utf8,0,,,pass_relaxed_pattern,6,kin,3,얼마안된 시민입니다. 집에서 부업으로 머라도 좀 하고싶은
0,,,,기타,안녕하세요 쿠팡손부업 일을 열심히 해서 돈을 많이 벌었다는 이야기를 듣고 나두 열심히 해야겠다는 생각이 먼저 드네요 열심히 노력하면 쿠팡손부업으로도 성공할 수 있어요! 행운을 빌어요~,성공 경험담 패턴 없음,5,1826,False,부업 성공,https://kin.naver.com/qna/detail.naver?d1id=3&dirId=31402&docId=483796513&qb=67aA7JeFIOyEseqztQ==&enc=utf8,0,,,pass_relaxed_pattern,2,kin,3,~~쿠팡손부업 일을 하고 싶습니다?~~
0,,,,기타,... '나라고 부업으로 성공하지 말란 법은 없지!' 라는 생각으로 소소하게 '정말 한달에 30만원만 벌어보자' 하고 시작한 일이 지금은 너무나 익숙하게 하루하루 쌓이는 수익들을 보면서 뿌듯하고 조금 더 빨리 시작할 걸 하는 생각도...,성공 경험담 패턴 없음,7,2606,False,부업 성공,https://kin.naver.com/qna/detail.naver?d1id=4&dirId=40611&docId=436251501&qb=67aA7JeFIOyEseqztQ==&enc=utf8,0,,,pass_relaxed_pattern,4,kin,3,카카오뷰 부업 해 보신분?
0,,,,기타,"제가 1월달에 3일에 걸쳐 부업사기로 총 9천 4백원 정도 피해를 입었습니다. 그 중에 대출이 3천만원이에요.... 마지막... 형사전문변호사 오지영의 실제 성공사례 ✅특수협박 및 특수상해 사건, 기소유예 판결 사례 ✅ 마약 기소유예 판결...",성공 경험담 패턴 없음,5,4525,False,부업 성공,https://kin.naver.com/qna/detail.naver?d1id=6&dirId=602060402&docId=492658310&qb=67aA7JeFIOyEseqztQ==&enc=utf8,0,,,pass_relaxed_pattern,2,kin,3,부업사기 피해
0,,,,기타,... 현재 부업사기를 당해서 그 부분을 신고하고 조사를 받으러 가는데 현재 제가 작년에 사기를 당해 대포통장... 한 성공사례를 보유하고 있습니다. 5. 본 변호사는 대한변호사협회에 등록된 형사전문(등록번호 제2019-297호) 변호사입니다....,성공 경험담 패턴 없음,5,1612,False,부업 성공,https://kin.naver.com/qna/detail.naver?d1id=6&dirId=60215&docId=492984014&qb=67aA7JeFIOyEseqztQ==&enc=utf8,0,,,pass_relaxed_pattern,2,kin,3,"부업사기 고소 후 조사, 변호사 동행 필요할까요?"
0,,,,블로그,... 시작하시면 되어요:) 본사에서 지원해주는 자료들을 sns나 블로그에 올려주시기만 해도 수익이 날 수 있어요. 제가 있는 업계는 수익금도 가장 높아요! 수익금은 당연히 당일 지급 됩니다 ㅎㅎ 잘 알아보시고 부업 성공하시길 바래요!,성공 경험담 패턴 없음,9,2540,False,부업 성공,https://kin.naver.com/qna/detail.naver?d1id=4&dirId=40611&docId=347765882&qb=67aA7JeFIOyEseqztQ==&enc=utf8,0,,,pass_relaxed_pattern,6,kin,3,고등학생이 돈 버는 방법 (인터넷 부업) 뭐가 있을까요...
0,,,,블로그,"... 많은 사람들이 블로그 부업을 통해 성공하고 수익을 창출하고 있습니다. 하지만 시작은 쉽지 않을 수 있으며, 꾸준한 노력과 시간 투자가 필요합니다. 그러므로 블로그 부업에 대해 충분히 연구하고, 개인의 역량과 관심사에 맞는...",성공 경험담 패턴 없음,9,3587,False,부업 성공,https://kin.naver.com/qna/detail.naver?d1id=4&dirId=40611&docId=452624891&qb=67aA7JeFIOyEseqztQ==&enc=utf8,2,,,pass_relaxed_pattern,8,kin,3,블로그 부업 궁금하네요
0,,,,기타,"... *** 재택부업 성공한 하곽이 입니다~ 하루하루 시간은 가고~ 나이는 먹어가고~ 모은 돈은 없구~.. 요즘 물가도 비싸서 뭘 하기도 망설이시죠? 저도 그랬답니다. 초기비용이 들어간다는 거에 뒷걸음 치고, 겁내고 망설였어요. 그러다가...",성공 경험담 패턴 없음,9,4114,False,부업 성공,https://kin.naver.com/qna/detail.naver?d1id=4&dirId=40611&docId=196066242&qb=67aA7JeFIOyEseqztQ==&enc=utf8,0,,,pass_relaxed_pattern,6,kin,3,소자본 창업 (부업) 타코야끼
0,,,,기타,... 아무런 지장없으셔요 ㅎㅎㅎ 걱정마시고 열심히 해보세요 좋은 일이있을거에요 재택부업 성공한 하곽이 입니다~ 하루하루 시간은 가고~ 나이는 먹어가고~ 모은 돈은 없구~.. 요즘 물가도 비싸서 뭘 하기도 망설이시죠? 저도...,성공 경험담 패턴 없음,7,2389,False,부업 성공,https://kin.naver.com/qna/detail.naver?d1id=4&dirId=40611&docId=195545466&qb=67aA7JeFIOyEseqztQ==&enc=utf8,0,,,pass_relaxed_pattern,4,kin,3,공무원이 부업하면
0,,,,기타,"... 제가 말씀드린 3가지 조건에 나의 특별한 노력이 더해 져야만 재택부업도 성공 할 수 있답니다. 몇 가지 원칙을 더 가르쳐 드리고 싶지만 초보자에겐 저 3가지만 확실하게 따져보면 괜찮은 부업인지, 하면 안되는 부업인지 알 수...",성공 경험담 패턴 없음,7,4718,False,부업 성공,https://kin.naver.com/qna/detail.naver?d1id=4&dirId=40611&docId=35531264&qb=67aA7JeFIOyEseqztQ==&enc=utf8,0,,,pass_relaxed_pattern,4,kin,3,집에서 할 수 있는 부업 ㅡ
0,,,,기타,... 이 재택부업은 성공 하겠다는 의지와 끈기만 있따면 성공 할 수 있다고 생각합니다. 정말 끈기 있는 분들이 하셧으면 좋겠습니다. 저같은 경우 불투명한 미래에 보험이라 생각하고 열심히 하고 있습니다.저와 함께 드림큐를...,본문 크롤링 실패,7,0,False,부업 성공,https://kin.naver.com/qna/detail.naver?d1id=4&dirId=40611&docId=217461628&qb=67aA7JeFIOyEseqztQ==&enc=utf8,0,,,pass_relaxed_pattern,4,kin,3,부업 하고싶어요~
0,,,,기타,... 참여하는 다양한 부업정보 싸이트를 알게 됐는데요. 드림큐 헬드 클린위등 다양한 부업 성공 노하우나 요즘 신설 알바등 좋은정보를 공유하고 서로 토론하는 그런 곳이드라구요. 한번쯤 들러서 구경한번하셔도 될듯합니다.,성공 경험담 패턴 없음,8,5442,False,부업 성공,https://kin.naver.com/qna/detail.naver?d1id=4&dirId=40611&docId=186766171&qb=67aA7JeFIOyEseqztQ==&enc=utf8,2,,,pass_relaxed_pattern,4,kin,6,"드림큐 재택 근무 (부업,알바 ) 궁금한점?"
0,,,,기타,영상 시청 캡쳐를 하면 돈을 주는 부업이었습니다 이틀 정도하면 10만원 정도 주는 부업이었습니다. 거기서 하루에... 한 성공사례를 보유하고 있습니다. 5. 본 변호사는 대한변호사협회에 등록된 형사전문(등록번호 제2019-297호)...,성공 경험담 패턴 없음,5,1614,False,부업 성공,https://kin.naver.com/qna/detail.naver?d1id=6&dirId=60215&docId=490154306&qb=67aA7JeFIOyEseqztQ==&enc=utf8,0,,,pass_relaxed_pattern,2,kin,3,"부업 사기 피해, 법적 문제 가능성은?"
0,,,,유튜브,영상 조회수 올리는 부업이라고 속인 뒤 고수익 팀미션을 수행하도록 하여 저에게 120만원 정도를 입금시켰고 제가... 낸 성공사례를 다수 보유하고 있습니다(해결사례 참조). 최근에는 무죄 판결이 선고된 성공사례도 있습니다...,성공 경험담 패턴 없음,7,1553,False,부업 성공,https://kin.naver.com/qna/detail.naver?d1id=6&dirId=60215&docId=492696347&qb=67aA7JeFIOyEseqztQ==&enc=utf8,0,,,pass_relaxed_pattern,4,kin,3,부업 사기 피해와 민사소송 대응 방법은?
0,,,,기타,"... 부업으로 시작하는 재미와 이익! 포스팅에서 만나보세요! 부업의 성공 비결, 공개합니다! 이제 시작해보세요! 부업으로 새로운 도전, 함께 시작해보시겠어요? 부업으로 수익 창출, 당신의 인생을 더욱 풍요롭게 만들어보세요!",본문 크롤링 실패,10,0,False,부업 성공,https://kin.naver.com/qna/detail.naver?d1id=4&dirId=40309&docId=444934184&qb=67aA7JeFIOyEseqztQ==&enc=utf8,0,,,pass_relaxed_pattern,4,kin,6,공동구매중개를 부업으로 하려고합니다.
0,,,,기타,온라인 리뷰 부업사기를 당했습니다. 지금 시간이 많이 지났고.. 담당 수사관은 배정이 안되어 아직도 지급정지를... 한 성공사례를 보유하고 있습니다. 5. 본 변호사는 대한변호사협회에 등록된 형사전문(등록번호 제2019-297호)...,성공 경험담 패턴 없음,5,1587,False,부업 성공,https://kin.naver.com/qna/detail.naver?d1id=6&dirId=60215&docId=491010063&qb=67aA7JeFIOyEseqztQ==&enc=utf8,0,,,pass_relaxed_pattern,2,kin,3,"부업사기 피해, 형사고소 후 민사소송 가능할까요?"
0,,,,기타,... 1.자신의 경험이나 노하우를 최대한 살려라 2.정보를 많이 수집하라 3.재택부업성공하는 방법 우연히 아래에 사이트에 들르게 되었는데 다양한 정보가 많더라구여.. 한번 참고라도 해보세요... 참고:재택부업가이드,성공 경험담 패턴 없음,10,494,False,부업 성공,https://kin.naver.com/qna/detail.naver?d1id=4&dirId=40611&docId=33811883&qb=67aA7JeFIOyEseqztQ==&enc=utf8,0,,,pass_relaxed_pattern,4,kin,6,부업..그냥 재미로라도 한번해보세요..
0,,,,기타,"SNS에서 알게된 외국인에게 부X닷컴 지니어스 프로그램이란 부업을 소개받았습니다. 이 부업은 고객이 숙소 주문을... 박성현변호사가 해결한 관련 성공사례 - 사기죄로 고소, 손해배상 청구한 사건 : 가해자 실형, 전부 승소 - 가해자...",성공 경험담 패턴 없음,5,1193,False,부업 성공,https://kin.naver.com/qna/detail.naver?d1id=6&dirId=60215&docId=488753629&qb=67aA7JeFIOyEseqztQ==&enc=utf8,0,,,pass_relaxed_pattern,2,kin,3,해외 플랫폼 부업 사기 사례와 주의사항
0,,,,콘텐츠,25년8월20일인스타를통해 재택가능한 부업을 보고 라인을깔아서 접촉후 대화 대화후 준벡스 어플을 깔으라고해서... 한 성공사례를 보유하고 있습니다. 5. 본 변호사는 대한변호사협회에 등록된 형사전문(등록번호 제2019-297호)...,성공 경험담 패턴 없음,7,1612,False,부업 성공,https://kin.naver.com/qna/detail.naver?d1id=6&dirId=60215&docId=488236993&qb=67aA7JeFIOyEseqztQ==&enc=utf8,0,,,pass_relaxed_pattern,4,kin,3,영상 부업 사기 피해 사례와 대처 방법
0,,,,기타,... 다단계나사기는전적으로사양ㅡㅡ 다단계 아니구요 사기도 아니에요 재택부업 성공한 하곽이 입니다~ 하루하루 시간은 가고~ 나이는 먹어가고~ 모은 돈은 없구~.. 요즘 물가도 비싸서 뭘 하기도 망설이시죠? 저도 그랬답니다....,성공 경험담 패턴 없음,7,4299,False,부업 성공,https://kin.naver.com/qna/detail.naver?d1id=4&dirId=40611&docId=196367013&qb=67aA7JeFIOyEseqztQ==&enc=utf8,0,,,pass_relaxed_pattern,4,kin,3,경북안동부업
0,,,,기타,SNS에서 알게된 외국인에게 부킹닷컴 지니어스 프로그램이란 부업을 소개받았습니다. 이 부업은 고객이 숙소 주문을... 한 성공사례를 보유하고 있습니다. 5. 본 변호사는 대한변호사협회에 등록된 형사전문(등록번호 제2019-297호)...,성공 경험담 패턴 없음,5,1582,False,부업 성공,https://kin.naver.com/qna/detail.naver?d1id=6&dirId=60215&docId=483401863&qb=67aA7JeFIOyEseqztQ==&enc=utf8,0,,,pass_relaxed_pattern,2,kin,3,해외 플랫폼 부업 사기 사례 분석
0,,,,기타,... 나도 부업으로 성공해봐야지!! 이런 생각으로 꾸준히 노력하면 월급은 고스란히 저축하고 부업으로 생활하는 꿈도 이뤄질 것이라 믿어요. 그런 마음가짐에도 처음에는 홍보를 어떻게 해야 하나 부담이 될 겁니다. 그래서 제가...,성공 경험담 패턴 없음,8,4826,False,부업 성공,https://kin.naver.com/qna/detail.naver?d1id=1&dirId=10702&docId=184163259&qb=67aA7JeFIOyEseqztQ==&enc=utf8,0,,,pass_relaxed_pattern,2,kin,6,휴대폰 개인딜러 부업중입니다/부산지역 방판거래처...
0,,,,기타,여행지기 하는 사이트를 이용한 여행 예약 후 환급 부업으로 팀 미션을 진행하는 내용이였으며 금액대가 점점 커지는... 한 성공사례를 보유하고 있습니다. 5. 본 변호사는 대한변호사협회에 등록된 형사전문(등록번호 제2019-297호)...,성공 경험담 패턴 없음,5,1582,False,부업 성공,https://kin.naver.com/qna/detail.naver?d1id=6&dirId=60215&docId=484372826&qb=67aA7JeFIOyEseqztQ==&enc=utf8,0,,,pass_relaxed_pattern,2,kin,3,여행 예약 사기와 환급 부업의 위험성
0,,,,기타,... 초반 지출이 필요하다 NO 그런거 없는 곳으로 부탁드려요 일반적인 광고글 신고 할예정. 자세하고 상세한 설명으로 알려주세요 초기비용 없는 곳과 있는 곳은 수익부터 차이가 난답니다ㅠㅠ 잘 알아보시고 부업 성공하세요!,질문 글 (지식인),7,3510,False,부업 성공,https://kin.naver.com/qna/detail.naver?d1id=4&dirId=40607&docId=343571061&qb=67aA7JeFIOyEseqztQ==&enc=utf8,2,,,pass_relaxed_pattern,6,kin,3,부업을 해보고싶은데 어떤걸 하면 좋을까요 ?
0,,,,기타,부업 진행하면서 대출을 받아서 했는데 이걸 빨리 갚아야할 것 같은데 만약 고소가 진행된다면 이런 대출을 먼자... 한 성공사례를 보유하고 있습니다. 5. 본 변호사는 대한변호사협회에 등록된 형사전문(등록번호 제2019-297호)...,성공 경험담 패턴 없음,5,1579,False,부업 성공,https://kin.naver.com/qna/detail.naver?d1id=6&dirId=60215&docId=483392453&qb=67aA7JeFIOyEseqztQ==&enc=utf8,0,,,pass_relaxed_pattern,2,kin,3,부업 사기 대처 방법과 대출 상환 우선순위
0,,,,기타,... 부담 하거나 보증금이 사라지는 추세입니다 부업입니다 뭔가 투자를 하고 비용을 재출 한다는거 생각을 한번 해보 시기를 말씀드려보구요 그리고 초기비용부담 하는 부업들이 성공 사례보다 실패나 포기 사레가 많은 것도 사실입니다,본문 크롤링 실패,9,0,False,부업 성공,https://kin.naver.com/qna/detail.naver?d1id=4&dirId=40611&docId=399680408&qb=67aA7JeFIOyEseqztQ==&enc=utf8,0,,,pass_relaxed_pattern,6,kin,3,부업같은거
0,,,,콘텐츠,... 좋은정보 알려드려요~ 부업으로 성공하신분들이 엄청나게 많습니다. 부업이 본업이되시는분들도 있구요! 한번만 들어가셔서 확인해보세요~! 절대 어렵지 않습니다~~! 특히나 시간을 자유롭게 활용하고 싶은분들은 컴퓨터나...,성공 경험담 패턴 없음,5,2775,False,부업 성공,https://kin.naver.com/qna/detail.naver?d1id=2&dirId=20504&docId=416247384&qb=67aA7JeFIOyEseqztQ==&enc=utf8,0,,,pass_relaxed_pattern,2,kin,3,인스타 부업.
0,,,,기타,"... 허위·과장 광고 유튜버가 부업 성공 비결을 확실하게 알려줄 것처럼 광고했으나, 실제로는 그렇지 않은 경우 허위·과장 광고에 해당할 수 있습니다. 특히, 수익을 보장하거나 단기간에 큰돈을 벌 수 있다는 식의 광고는 더욱 문제가...",성공 경험담 패턴 없음,7,2142,False,부업 성공,https://kin.naver.com/qna/detail.naver?d1id=6&dirId=60206&docId=473930336&qb=67aA7JeFIOyEseqztQ==&enc=utf8,0,,,pass_relaxed_pattern,4,kin,3,이 유튜버 고소 신고 가능할까요?
0,,,,기타,"지장 초등학교근처 사는데 집에서할수있는 손부업 구하고있어용 안녕하세요 재택부업 성공한 하곽이입니다~. 평택 서정동 손부업을 구하신다고 하셨는데, 요즘 손부업은 어렵고, 힘들지 않으신가요 ? 또 비슷한 지역위치에서 부업...",성공 경험담 패턴 없음,7,3881,False,부업 성공,https://kin.naver.com/qna/detail.naver?d1id=4&dirId=40611&docId=198055971&qb=67aA7JeFIOyEseqztQ==&enc=utf8,0,,,pass_relaxed_pattern,4,kin,3,평택 서정동 부업구합니다
0,,,,기타,"... 위 제품들은 모두 업소용으로 제작되어 많은 양의 스티커를 제작할 수 있어요. 사용자님의 취향에 맞는 제품을 선택하시면 좋을 것 같아요. 그럼, 멋진 부업 성공하시길 응원할게요!",성공 경험담 패턴 없음,5,603,False,부업 성공,https://kin.naver.com/qna/detail.naver?d1id=3&dirId=31302&docId=477752495&qb=67aA7JeFIOyEseqztQ==&enc=utf8,0,,,pass_relaxed_pattern,2,kin,3,"네모, 원형 라벨 스티커 기계"
0,,,,기타,... 부업 시작해서 했었어요 다만 합격되시면 투잡이 안되는걸로 알고있어요 다른분 통장으로 받는것도..몰래하면 되긴하겠지만 혹시나 모르는일이라 굳이 추천드리고싶진 않아요ㅠ 공무원 시험도 합격하시구 부업도 성공하시기 바랍니다,성공 경험담 패턴 없음,5,1550,False,부업 성공,https://kin.naver.com/qna/detail.naver?d1id=6&dirId=60219&docId=315606081&qb=67aA7JeFIOyEseqztQ==&enc=utf8,2,,,pass_relaxed_pattern,4,kin,3,공무원 준비중 부업
0,,,,기타,... 창업이나 부업해서 성공하거나 돈 벌고 싶으신게 맞냐는 겁니다. 그렇게 번 돈으로로 가족들과 화목한 가정을 꾸리고 100세시대의 노후를 준비하고 싶으신 간절함이 있으신가 말입니다... 외람 되지만 저는 정말 그런분은 눈 씻고 봐도...,본문 크롤링 실패,5,0,False,부업 성공,https://kin.naver.com/qna/detail.naver?d1id=4&dirId=407&docId=163340454&qb=67aA7JeFIOyEseqztQ==&enc=utf8,0,,,pass_relaxed_pattern,2,kin,3,"창업,부업 찾고 있으신 분들께 정말 묻고 싶습니다."
0,,,,기타,부업알바 (팀미션)사기로 지난 8월 14일부터 15일까지 이틀에 걸쳐 대포통장으로 4500만원 가량을 입금하였습니다. 10월... 한 성공사례를 보유하고 있습니다. 5. 본 변호사는 대한변호사협회에 등록된 형사전문(등록번호 제2019-297호)...,성공 경험담 패턴 없음,5,1605,False,부업 성공,https://kin.naver.com/qna/detail.naver?d1id=6&dirId=60215&docId=477481459&qb=67aA7JeFIOyEseqztQ==&enc=utf8,0,,,pass_relaxed_pattern,2,kin,3,"부업 알바 사기 후 대포통장 명의자 검거, 소송을 통한..."
0,,리얼리뷰 공유소ㅣ내돈내산 찐리뷰 커...,https://cafe.naver.com/koarane,콘텐츠,요즘 은퇴 준비나 노후 대비 때문에 50대 부업 성공사례를 찾는 분들이 정말 많더라구요. 그래서 오늘은... 특히 신뢰 기반 콘텐츠나 후기형 글 작성에 강점이 있어 온라인 부업에서 경쟁력이 있습니다. 최근에는 디지털...,성공 경험담 패턴 없음,9,123,False,부업 성공 후기,http://cafe.naver.com/koarane/421413,0,,,pass_relaxed_pattern,6,cafe,3,"50대 부업 성공사례, 두 달 만에 수익 낸 비결은?"
0,,오늘도 달린다 ㅣ영업·창업·부업 ㅣ...,https://cafe.naver.com/uouv96,기타,"무자본 부업 성공사례, 집에서 시작한 리얼 후기 공개 혹시 이웃님들 중에 돈 없이 시작할 수 있는 부업 찾고 계신 분들 있으신가요? 요즘은 진짜 무자본으로도 수익을 낼 수 있는 방법들이 많아지면서 관심이 엄청...",성공 경험담 패턴 없음,7,119,False,부업 성공 후기,http://cafe.naver.com/uouv96/9497,0,,,pass_relaxed_pattern,4,cafe,3,"무자본 부업 성공사례, 집에서 시작한 리얼 후기 공개"
0,,리얼리뷰 공유소ㅣ내돈내산 찐리뷰 커...,https://cafe.naver.com/koarane,기타,"저도 후기 보면서 점점 확신이 생기더라구요! ◆주부 재택부업 성공 포인트◆ 가장 중요한건 “꾸준함”이에요. 하루 30분이라도 계속 이어가는 게 핵심이에요. 그리고 처음부터 완벽하게 하려고 하기보다는, 쉽게...",성공 경험담 패턴 없음,9,117,False,부업 성공 후기,http://cafe.naver.com/koarane/568762,0,,,pass_relaxed_pattern,6,cafe,3,"요즘 뜨는 주부 재택부업 BEST, 실제 수익 후기까지 정리!"
0,,리얼리뷰 공유소ㅣ내돈내산 찐리뷰 커...,https://cafe.naver.com/koarane,블로그,"───────────────── [# 부업으로 성공하는 사람들의 공통점은?] 제가 만나본 부업 성공자... 맘들 부업 후기 한눈에!] 수원맘카페에서 활동하면서 여러 후기 봤는데요~ ""하루 1~2시간 투자해서 블로그 수익...",성공 경험담 패턴 없음,11,125,False,부업 성공 후기,http://cafe.naver.com/koarane/381015,0,,,pass_relaxed_pattern,8,cafe,3,수원부업 성공한 사람들의 공통점은?
0,,리얼리뷰 공유소ㅣ내돈내산 찐리뷰 커...,https://cafe.naver.com/koarane,기타,"그래서 오늘은 제가 직접 듣고, 찾아보고, 정리한 부업 성공사례를 공유해보려구요. ───────────────── [# 시간 없이도 수익낸 진짜 후기] 그 지인 분은 아이 둘 키우는 엄마였는데요. 낮에는 집안일...",성공 경험담 패턴 없음,7,120,False,부업 성공 후기,http://cafe.naver.com/koarane/295735,0,,,pass_relaxed_pattern,4,cafe,3,부업으로성공한사람 얘기 듣고 자극 제대로 받았어요
0,,리얼리뷰 공유소ㅣ내돈내산 찐리뷰 커...,https://cafe.naver.com/koarane,기타,"손부업 알바로 투잡 성공한 후기 공유해요 요즘 회사일 끝나고도 뭔가 더 하고 싶은 마음이 들더라구요. 물가도 너무 오르고, 애들 학원비도 만만치 않아서… 그래서 퇴근 후 잠깐 시간 내서 할 수 있는 손부업 알바를...",성공 경험담 패턴 없음,7,121,False,부업 성공 후기,http://cafe.naver.com/koarane/381068,0,,,pass_relaxed_pattern,4,cafe,3,손부업 알바로 투잡 성공한 후기 공유해요
0,,리얼리뷰 공유소ㅣ내돈내산 찐리뷰 커...,https://cafe.naver.com/koarane,기타,"진짜 ‘현실적인부업’이라는 이름에 딱 맞는 느낌이었어요 ───────────────── [*부업 성공하는 사람들은 이런 루틴이 있대요*] 제가 찾아본 후기들 보면, 장기적으로 수익 나는 사람들 특징이 있어요....",성공 경험담 패턴 없음,7,119,False,부업 성공 후기,http://cafe.naver.com/koarane/213252,0,,,pass_relaxed_pattern,4,cafe,3,현실적인부업 성공한 사람들 공통점 알아보기
0,,초캠장터(캠핑퍼스트장터),https://cafe.naver.com/chocammall,기타,"집에서 하는 부업을 시작할 때 중요한 건 너무 큰 수익을 기대하기보다 작은 성공 경험을 쌓아가는 겁니다. 재택으로 첫 수익을 내면 자신감이 생기고, 집에서 하는 다음 단계로 자연스럽게 넘어갈 수 있어요. 집에서 하는...",성공 경험담 패턴 없음,9,123,False,부업 성공 후기,http://cafe.naver.com/chocammall/12337803,0,,,pass_relaxed_pattern,6,cafe,3,"집에서 하는 부업, 재택부업 7만원 후기!"
0,,리얼리뷰 공유소ㅣ내돈내산 찐리뷰 커...,https://cafe.naver.com/koarane,기타,제대로 된 챗GPT 부업 성공 루틴 같은 게 있을까요? 챗GPT 부업으로 실제로 돈 벌어보신 분 계실까요? 어떤... 현실적인 조언 부탁드려요. 주의할 점이나 꼭 알아야 할 팁이 있다면 솔직한 후기 들려주시면 감사하겠습니다.,성공 경험담 패턴 없음,5,125,False,부업 성공 후기,http://cafe.naver.com/koarane/123676,0,,,pass_relaxed_pattern,2,cafe,3,"챗GPT 부업, 성공 루틴 정말 있을까요?"
0,,오늘도 달린다 ㅣ영업·창업·부업 ㅣ...,https://cafe.naver.com/uouv96,기타,또 집에서도 자유롭게 가능하다는 점 때문에 만족도 높다는 후기들도 꽤 많았습니다. 실제로 50대 이후 처음... 있더라구요 ◆50대부업 성공하려면 중요한 부분◆ 처음부터 너무 큰 목표 잡기보다는 작은 수익부터 차근차근...,성공 경험담 패턴 없음,7,124,False,부업 성공 후기,http://cafe.naver.com/uouv96/3651,0,,,pass_relaxed_pattern,4,cafe,3,50대부업 부담 없이 시작 가능한 현실적인 방법 정리
0,,리얼리뷰 공유소ㅣ내돈내산 찐리뷰 커...,https://cafe.naver.com/koarane,기타,수익 구조를 제대로 이해하면 부업 성공이 쉬워요. ───────────────── 안녕하세요 여러분... ───────────────── [퍼널 마케팅 후기] 저는 퍼널을 적용한 자동화 시스템을 사용하고...,성공 경험담 패턴 없음,7,116,False,부업 성공 후기,http://cafe.naver.com/koarane/242518,0,,,pass_relaxed_pattern,4,cafe,3,수익 구조를 제대로 이해하면 부업 성공이 쉬워요.
0,,리얼리뷰 공유소ㅣ내돈내산 찐리뷰 커...,https://cafe.naver.com/koarane,기타,온라인마케팅으로 투잡과 부업까지 동시에 성공한 후기 요즘 직장인 사이에서 온라인마케팅으로 부업이나 투잡을 하는 분들이 많죠? 저도 직장 다니면서 수익을 조금이라도 늘리고 싶어서 시작하게 되었어요. 처음엔...,성공 경험담 패턴 없음,9,116,False,부업 성공 후기,http://cafe.naver.com/koarane/86395,0,,,pass_relaxed_pattern,6,cafe,3,온라인마케팅으로 투잡과 부업까지 동시에 성공한 후기
0,,리얼리뷰 공유소ㅣ내돈내산 찐리뷰 커...,https://cafe.naver.com/koarane,스마트스토어,스마트스토어부업 성공하려면 이건 꼭 봐야 함 요즘 스마트스토어부업 관심 있는 사람 진짜 많더라구요.... 꾸준히 운영하면서 자동화 시스템을 제대로 돌리면 진짜 월천도 가능하다는 후기도 꽤 많았어요...,성공 경험담 패턴 없음,10,112,False,부업 성공 후기,http://cafe.naver.com/koarane/185663,0,,,pass_relaxed_pattern,4,cafe,6,스마트스토어부업 성공하려면 이건 꼭 봐야 함
0,,리얼리뷰 공유소ㅣ내돈내산 찐리뷰 커...,https://cafe.naver.com/koarane,기타,"주부부업 이거 하나로 진짜 투잡 성공했다는 후기 봤어요 요즘 주변 육아맘들 사이에서 제일 핫한 주제가 뭔지 아세요? 바로 '주부부업'이에요ㅎㅎ 특히 육아하면서 시간 맞춰 출퇴근하는 건 너무 어렵다보니, 집에서 할 수...",성공 경험담 패턴 없음,10,123,False,부업 성공 후기,http://cafe.naver.com/koarane/62224,0,,,pass_relaxed_pattern,4,cafe,6,주부부업 이거 하나로 진짜 투잡 성공했다는 후기 봤어요
0,,리얼리뷰 공유소ㅣ내돈내산 찐리뷰 커...,https://cafe.naver.com/koarane,기타,"───────────────── [만들기부업으로 수익 낸 사람들 이야기] 후기들을 보면 꾸준히 오래... 실제로 50대, 60대 분들 성공 사례도 많다는 얘기 듣고 좀 놀랐어요...",성공 경험담 패턴 없음,10,101,False,부업 성공 후기,http://cafe.naver.com/koarane/339221,0,,,pass_relaxed_pattern,4,cafe,6,만들기부업 손으로 벌어본 현실적인 부업 후기
0,,"재테크마을 - N잡,부업,보험,창업,투잡...",https://cafe.naver.com/2022star,기타,"--- 쿠팡 손부업 후기, 성공 팁 정리 마지막으로 쿠팡 손부업 후기를 통해 알게 된 성공 팁을 정리해볼게요. 첫째, 꾸준함이 가장 중요합니다. 둘째, 인기 상품과 계절 트렌드를 잘 파악해야 합니다. 셋째, 단순히 수익만 보지...",성공 경험담 패턴 없음,7,129,False,부업 성공 후기,http://cafe.naver.com/2022star/35162,0,,,pass_relaxed_pattern,4,cafe,3,쿠팡 손부업 후기 장단점
0,,틱톡라이트 카페 정보공유,https://cafe.naver.com/tiktoklitek,기타,"카페에서 처음 부탁드려서 떨렸는데, 바로 성공 감사합니다 부업열심히히님 최고 또 연락드리겠습니다❤️",description 너무 짧음 (<80자),5,55,False,부업 성공 후기,http://cafe.naver.com/tiktoklitek/6378,0,,,pass_strict,2,cafe,3,⭐️부업열심히히님 공차기 성공 후기
0,,리얼리뷰 공유소ㅣ내돈내산 찐리뷰 커...,https://cafe.naver.com/koarane,블로그,"블로그부업 후기 찾아보다 알게된 현실 음... 요즘 진짜 블로그부업 후기가 너무 많길래 저도 혹해서... ───────────────── [# 내 주변에 성공한 사례도 있음!!] 진짜 놀란 게, 제 친구 중에 육아하면서...",성공 경험담 패턴 없음,7,125,False,부업 성공 후기,http://cafe.naver.com/koarane/297696,0,,,pass_relaxed_pattern,4,cafe,3,블로그부업 후기 찾아보다 알게된 현실
0,,리얼리뷰 공유소ㅣ내돈내산 찐리뷰 커...,https://cafe.naver.com/koarane,기타,"───────────────── [리뷰 보면 진짜 도움이 되는 이유] 손부업은 실제 후기가 제일 도움이 돼요. 단순 광고성 글 말고, ‘얼마 벌었는지/시간 얼마나 걸렸는지’ 솔직하게 남긴 후기들요. 그걸 보면 어떤...",성공 경험담 패턴 없음,5,122,False,부업 성공 후기,http://cafe.naver.com/koarane/199366,0,,,pass_relaxed_pattern,2,cafe,3,손부업 성공하려면 꼭 알아야 할 점
0,,구미부동산이야기 (김천 아파트 교육 ...,https://cafe.naver.com/rc003,기타,"퇴근 후에 할 수 있는 걸 찾아보다가 포장부업알바를 검색했는데, 생각보다 준비 과정도 복잡하고... 처음엔 의심도 많이 했는데 직접 써보니 이게 훨씬 현실적인 포장부업알바 느낌이었어요. 따로 물건을 포장하거나...",성공 경험담 패턴 없음,5,119,False,부업 성공 후기,http://cafe.naver.com/rc003/303072,0,,,pass_relaxed_pattern,2,cafe,3,포장 부업알바 안전하게 성공한 후기
0,,구미부동산이야기 (김천 아파트 교육 ...,https://cafe.naver.com/rc003,기타,스마트폰만 있으면 어디서든 가능한 방식이라 직장인이나 주부 등 집에서 부업 찾는 분들에게 잘 맞는 것... 꾸준히 하면 확실히 결과가 보이는 부업이라 집에서 부업 고민하는 분들께 자신 있게 추천드리고 싶어요.,성공 경험담 패턴 없음,6,116,False,부업 성공 후기,http://cafe.naver.com/rc003/304379,2,,,pass_relaxed_pattern,2,cafe,6,집에서 돈버는법 부업 성공하는 방법
0,,리얼리뷰 공유소ㅣ내돈내산 찐리뷰 커...,https://cafe.naver.com/koarane,기타,"가내부업으로 집에서 부수입 만들기 성공한 썰 요즘 물가도 장난 아니고, 애 키우면서 한 푼이라도 더 벌어야겠다는 생각이 강해졌어요. 밖에 나가긴 어렵고, 시간도 애매하니까 '가내부업'이 딱 좋더라구요. 그래서...",성공 경험담 패턴 없음,7,119,False,부업 성공 후기,http://cafe.naver.com/koarane/255758,0,,,pass_relaxed_pattern,4,cafe,3,가내부업으로 집에서 부수입 만들기 성공한 썰
0,,리얼리뷰 공유소ㅣ내돈내산 찐리뷰 커...,https://cafe.naver.com/koarane,기타,"당근마켓부업 성공 노하우 공개 혹시 요즘 ‘당근마켓부업’이라는 말 들어보셨어요? 저도 처음엔 그냥... 그래서 저도 궁금해서 직접 해보고, 주변 사람들 후기까지 싹 다 찾아봤어요ㅎㅎ 오늘은 제가 직접 겪은...",성공 경험담 패턴 없음,4,117,False,부업 성공 후기,http://cafe.naver.com/koarane/73847,4,,,pass_relaxed_pattern,2,cafe,6,퇴근 후 1시간으로 가능? 당근마켓부업 성공 노하우 공개
0,,리얼리뷰 공유소ㅣ내돈내산 찐리뷰 커...,https://cafe.naver.com/koarane,기타,"집에서하는 손부업으로 용돈벌기 성공한 후기 봤어요 요즘 진짜 주변에 “집에서하는손부업”으로 돈 버는 사람들 많더라구요. 저도 처음엔 “설마 그게 진짜 돈이 돼?” 싶었는데, 실제로 해본 지인 얘기 듣고 완전...",성공 경험담 패턴 없음,5,118,False,부업 성공 후기,http://cafe.naver.com/koarane/63698,0,,,pass_relaxed_pattern,2,cafe,3,집에서하는손부업으로 용돈벌기 성공한 후기 봤어요
0,,세상모든꿀팁 ㅣ영업·창업·부업·투...,https://cafe.naver.com/cafemakecafebest,기타,"이 부분이 가장 매력적으로 느껴졌습니다 ◆주부부업 성공하는 꿀팁◆ 한 가지 방법에 집중해서 꾸준히 하는... 후기를 보면 단순 복사 붙여넣기만으로 수익이 발생했다는 사례도 많고, 실제로 3일 만에 첫 수익을 낸...",성공 경험담 패턴 없음,8,120,False,부업 성공 후기,http://cafe.naver.com/cafemakecafebest/22489,2,,,pass_relaxed_pattern,4,cafe,6,"주부부업 추천, 하루 30분으로 시작하는 방법"
0,,창사영2[창업사업영업아이템]소상공인...,https://cafe.naver.com/coolishz,기타,"인터넷에서 이것저것 찾아보다가 우연히 한 카페에서 'OOO 부업 창업'이라는 이야기를 접하게 됐습니다. 처음에는 이게 정말 도움이 될까 싶어서 반신반의했지만, 몇몇 후기들을 보고 나니 조금 기대가 생기더라고요....",성공 경험담 패턴 없음,5,120,False,부업 성공 후기,http://cafe.naver.com/coolishz/783955,0,,,pass_relaxed_pattern,2,cafe,3,"부업 창업, 성공을 향한 첫걸음"
0,,제성이와MTB,https://cafe.naver.com/pistolmtb,콘텐츠,"이 제품을 추천하는 또 다른 이유는, 실제 사용자들이 후기에서 ""쉽게 배워서 바로 수익이 났다""는 경험담이 많기 때문이에요. 혹시, 내가 만든 콘텐츠로 부업 성공의 꿈을 이루고 싶다면, 이 제품이 정말 좋은 선택이 될...",성공 경험담 패턴 없음,7,124,False,부업 성공 후기,http://cafe.naver.com/pistolmtb/11731,2,,,pass_relaxed_pattern,6,cafe,3,[핫딜] AI 신세계 부업 미리캔버스 기여자 디자인허브 전자책과 200개 황금키워드 후기와 추천 이유
0,,리얼리뷰 공유소ㅣ내돈내산 찐리뷰 커...,https://cafe.naver.com/koarane,기타,혹시 요즘 주부부업 찾는 분들 많다는 얘기 들으셨나요? 저도 애 키우면서 수입 하나 더 만들고 싶어서... ───────────────── [실제로 퍼널마케팅 한 사람들의 후기들] 60대 분들도 성공사례가 많대요...,성공 경험담 패턴 없음,5,121,False,부업 성공 후기,http://cafe.naver.com/koarane/178890,0,,,pass_relaxed_pattern,2,cafe,3,주부부업 성공하려면 동선관리 필수래요
0,,리얼리뷰 공유소ㅣ내돈내산 찐리뷰 커...,https://cafe.naver.com/koarane,기타,"모바일부업 후기 폭발! 진짜 수익 나오는 방법은 따로 있대요 요즘 진짜 핫한 게 뭐냐구요? 단연코... 전업주부, 직장인, 심지어 60대 분들까지도 성공 사례가 많다니까요? 나도 더 제대로 배워보고 싶다구요ㅎㅎ...",성공 경험담 패턴 없음,10,120,False,부업 성공 후기,http://cafe.naver.com/koarane/310622,0,,,pass_relaxed_pattern,4,cafe,6,모바일부업 후기 폭발! 진짜 수익 나오는 방법은 따로 있대요
0,,리얼리뷰 공유소ㅣ내돈내산 찐리뷰 커...,https://cafe.naver.com/koarane,블로그,정말 확실하게 성공할 수 있는 블로그 공식 작성법 같은 게 있다면 좋겠는데 말이죠. 블로그 공식 작성법을 제대로 배우려면 어떤 교육 과정이 좋을까요? 혹시 경험자분들 중에 블로그 글쓰기를 통해 실제로 부업으로...,성공 경험담 패턴 없음,7,119,False,부업 성공 후기,http://cafe.naver.com/koarane/104390,0,,,pass_relaxed_pattern,4,cafe,3,"블로그 공식 작성법, 제대로 배워서 부업 성공할 수 있을까요?"
0,,리얼리뷰 공유소ㅣ내돈내산 찐리뷰 커...,https://cafe.naver.com/koarane,기타,"스레드수익화로 부업 성공한 사람들이 공통으로 말한 한 가지 혹시 요즘 SNS에서 스레드 수익화 관련된 글... 나고, 부업으로도 딱이라는 후기들이 많아요~ ───────────────── 저도 진짜 반신반의...",성공 경험담 패턴 없음,7,118,False,부업 성공 후기,http://cafe.naver.com/koarane/238784,0,,,pass_relaxed_pattern,4,cafe,3,스레드수익화로 부업 성공한 사람들이 공통으로 말한 한 가지
0,,리얼리뷰 공유소ㅣ내돈내산 찐리뷰 커...,https://cafe.naver.com/koarane,기타,소자본부업 성공한 사람들은 뭘 다르게 했을까? 혹시 요즘 부업 생각 중이신 분들 계세요? 특히 소자본으로... ───────────────── [ 실제 후기: 소자본부업으로 매달 100만 원 찍은 언니!] 제 친한 언니는...,성공 경험담 패턴 없음,5,126,False,부업 성공 후기,http://cafe.naver.com/koarane/29180,0,,,pass_relaxed_pattern,2,cafe,3,소자본부업 성공한 사람들은 뭘 다르게 했을까?
0,,세상모든꿀팁 ㅣ영업·창업·부업·투...,https://cafe.naver.com/cafemakecafebest,기타,"◆재택부업 성공의 핵심 전략◆ 가장 중요한 건 ‘꾸준함’과 ‘집중력’입니다. 처음에는 작은 수익이라도... 실제 후기를 보면 50대, 60대 분들도 수익을 내고 있고, 몇 달 만에 큰 수익을 만든 사례도 많다고 하더라구요....",성공 경험담 패턴 없음,9,127,False,부업 성공 후기,http://cafe.naver.com/cafemakecafebest/36859,0,,,pass_relaxed_pattern,6,cafe,3,"재택부업, 집에서도 현실적으로 돈 버는 방법 총정리"
0,,리얼리뷰 공유소ㅣ내돈내산 찐리뷰 커...,https://cafe.naver.com/koarane,스마트스토어,스마트스토어부업으로 투잡 성공한 직장인 후기 들어봄. 요즘 직장 다니면서 투잡 하시는 분들 진짜 많잖아요? 저도 마찬가지였어요! 월급만으로는 도저히 여유가 안 생기더라구요...ㅠㅠ 그래서 이것저것 알아보다가...,성공 경험담 패턴 없음,9,118,False,부업 성공 후기,http://cafe.naver.com/koarane/101739,0,,,pass_relaxed_pattern,6,cafe,3,스마트스토어부업으로 투잡 성공한 직장인 후기 들어봄.
0,,리얼리뷰 공유소ㅣ내돈내산 찐리뷰 커...,https://cafe.naver.com/koarane,유튜브,"시니어롱폼숏폼부업으로 투잡 성공한 지인 후기 들려드림 회사 후배 한 명이 퇴근 후에도 뭔가 열심히 하더라구요. 처음엔 유튜브 편집이라길래 ""그게 돈이 돼?"" 싶었는데, 지금은 제가 먼저 배우고 있을 줄은...",성공 경험담 패턴 없음,9,116,False,부업 성공 후기,http://cafe.naver.com/koarane/119274,0,,,pass_relaxed_pattern,6,cafe,3,시니어롱폼숏폼부업으로 투잡 성공한 지인 후기 들려드림
0,,네사모 삼성 갤럭시북 갤럭시탭 로봇청...,https://cafe.naver.com/silver0989,기타,집에서하는부업 성공을 위해서는 전략적인 접근이 꼭 필요하답니다. 수익 극대화 체크리스트 ✅ 사람들이 많이 검색하는 황금 키워드 선점하기 ✅ 직접 써본 리얼한 내돈내산 후기 사진 활용하기 ✅ 실시간 할인 특가 및...,성공 경험담 패턴 없음,7,120,False,부업 성공 후기,http://cafe.naver.com/silver0989/4485,0,,,pass_relaxed_pattern,4,cafe,3,집에서하는부업 아직도 고민만 하세요?
0,,리얼리뷰 공유소ㅣ내돈내산 찐리뷰 커...,https://cafe.naver.com/koarane,블로그,"부업이나 알바라도 해서 생활비라도 보태고 싶은데, 막상 시작하려니 뭘 해야 할지도 모르겠고, 특히... 확실히 성공 가능한 블로그지수 확인 방법이 있었으면 좋겠어요. 블로그지수 확인, 도대체 뭘 봐야 하는 건가요?...",성공 경험담 패턴 없음,7,122,False,부업 성공 후기,http://cafe.naver.com/koarane/238277,0,,,pass_relaxed_pattern,4,cafe,3,"블로그지수 확인, 이거 제대로 해야 부업 성공한다던데 맞나요?"
0,,리얼리뷰 공유소ㅣ내돈내산 찐리뷰 커...,https://cafe.naver.com/koarane,콘텐츠,"◆AI 자동화 부업 성공하려면 중요한 것◆ AI 자동화만 믿고 아무 콘텐츠나 올리는 방식은 생각보다 효과가... 나온다는 후기도 많더라구요. 심지어 50대, 60대 분들도 쉽게 따라 할 수 있을 만큼 방법이 간단하다는 이야기도...",성공 경험담 패턴 없음,9,129,False,부업 성공 후기,http://cafe.naver.com/koarane/438307,0,,,pass_relaxed_pattern,6,cafe,3,AI 자동화 부업으로 온라인 수익 만드는 현실적인 방법
0,,리얼리뷰 공유소ㅣ내돈내산 찐리뷰 커...,https://cafe.naver.com/koarane,기타,리셀부업 후기 | 진짜 돈 되는 아이템과 자동화 재택부업 추천 요즘 부업 찾는 분들 정말 많죠? 저도 퇴사... 60대분들도 성공 사례 다수 광고비 거의 안 들고 자동 수익 발생 “이건 투자라기보다 시스템 세팅”이라는...,성공 경험담 패턴 없음,12,124,False,부업 성공 후기,http://cafe.naver.com/koarane/34081,2,,,pass_relaxed_pattern,8,cafe,6,리셀부업 후기 | 진짜 돈 되는 아이템과 자동화 재택부업 추천
0,,리얼리뷰 공유소ㅣ내돈내산 찐리뷰 커...,https://cafe.naver.com/koarane,블로그,"제가 처음 시작할 땐 ‘직장인부업후기’로 올렸는데, 그 글 하나 덕분에 블로그 지수 확 올라갔어요 솔직히 이거 알았으면 좀 더 빨리 시작했을 텐데... 아쉽 ㅎㅎ ───────────────── [# 블로그만들기...",성공 경험담 패턴 없음,7,121,False,부업 성공 후기,http://cafe.naver.com/koarane/76411,0,,,pass_relaxed_pattern,4,cafe,3,네이버블로그만들기 부업으로 성공하는 방법 공유
0,,리얼리뷰 공유소ㅣ내돈내산 찐리뷰 커...,https://cafe.naver.com/koarane,유튜브,이건 초보 부업러에겐 너무 가파른 방식이더라구요. ───────────────── [실패 이야기가 잘 안 보이는 이유] 유튜브에는 성공 사례만 남아요. 안 된 사람들은 조용히 빠지거든요. 그래서 나만 못하는...,성공 경험담 패턴 없음,7,118,False,부업 성공 후기,http://cafe.naver.com/koarane/294641,0,,,pass_relaxed_pattern,4,cafe,3,AI프롬프트부업후기 유튜브 광고 보고 직접경험 후기
0,,창사영2[창업사업영업아이템]소상공인...,https://cafe.naver.com/coolishz,기타,"그러던 중 우연히 소셜미디어에서 “부업으로 성공하기”라는 포스트를 발견했어요. 부업을 시작한 친구의... 그 포스트를 통해 알게 된 서비스는 ‘부업 마스터 클래스’였습니다. 다양한 사람들의 후기를 읽고, 실제로 이...",성공 경험담 패턴 없음,7,122,False,부업 성공 후기,http://cafe.naver.com/coolishz/787055,0,,,pass_relaxed_pattern,4,cafe,3,부업으로 시작하는 투잡의 모든 것
0,,"온라인보험 비교카페 - 종합,어린이,건...",https://cafe.naver.com/zpvkdcom,기타,수익이 안정되면 점차 규모를 확장하는 것이 이상적이다. 오늘부터 SNS 광고보다 신뢰할 수 있는 실제 후기 중심으로 부업 정보를 찾아보세요. 당장의 수익보다 꾸준히 이어가는 구조가 진짜 고수익부업의 시작입니다.,성공 경험담 패턴 없음,13,117,False,부업 성공 후기,http://cafe.naver.com/zpvkdcom/16010,0,,,pass_relaxed_pattern,4,cafe,9,고수익부업 성공하려면? 수입보다 ‘지속성’이 핵심이다
0,,리얼리뷰 공유소ㅣ내돈내산 찐리뷰 커...,https://cafe.naver.com/koarane,기타,"혹시 당근마켓부업 시작하려는 분들 계신가요? 요즘 주변에 진짜 많더라구요~ 퇴근 후나 주말 시간 쪼개서... 이웃 후기나 평점을 관리하는 게 결국 거래 성공률을 좌우하더라구요~ 자주 올리고, 빠르게 응답하고, 약속 잘...",성공 경험담 패턴 없음,7,124,False,부업 성공 후기,http://cafe.naver.com/koarane/101225,0,,,pass_relaxed_pattern,4,cafe,3,투잡 당근마켓부업 성공하려면 중고거래보다 중요한 것 알려드림
0,,리얼리뷰 공유소ㅣ내돈내산 찐리뷰 커...,https://cafe.naver.com/koarane,기타,"자동화퍼널마케팅으로 부업 성공한 사람들의 진짜 후기 공개 요즘 제 주변에서 제일 많이 듣는 말이 뭔지 아세요? ""요즘은 무조건 자동화로 가야지~"" 이 말 진짜 많이 들려요ㅋㅋ 사실 저도 예전에는 그냥 sns 광고 정도만...",성공 경험담 패턴 없음,5,125,False,부업 성공 후기,http://cafe.naver.com/koarane/347121,0,,,pass_relaxed_pattern,2,cafe,3,자동화퍼널마케팅으로 부업 성공한 사람들의 진짜 후기 공개
0,,리얼리뷰 공유소ㅣ내돈내산 찐리뷰 커...,https://cafe.naver.com/koarane,기타,"그래서 ‘사이트 선택’이 부업 성공의 절반이라는 말, 이제는 진짜 공감해요 ───────────────── [# 믿을만한 부업사이트 고르는 기준] 제가 기준 삼았던 건 세 가지예요. 1. 후기 많은 곳 2. 실명이...",성공 경험담 패턴 없음,5,122,False,부업 성공 후기,http://cafe.naver.com/koarane/294898,0,,,pass_relaxed_pattern,2,cafe,3,부업사이트 하나 잘 골랐더니 인생 바뀌었어요
0,,리얼리뷰 공유소ㅣ내돈내산 찐리뷰 커...,https://cafe.naver.com/koarane,기타,"───────────────── [마늘까기부업 실제 후기들 보면?] 인터넷카페 후기들 보니까 손... 초보자, 50대, 60대 분들도 성공사례가 계속 나오고 있다고 하더라구요. 한 번 세팅해두면 꾸준한 자동수익까지...",성공 경험담 패턴 없음,7,122,False,부업 성공 후기,http://cafe.naver.com/koarane/198443,0,,,pass_relaxed_pattern,4,cafe,3,마늘까기부업 실제후기 찾다 놀란 상황
0,,리얼리뷰 공유소ㅣ내돈내산 찐리뷰 커...,https://cafe.naver.com/koarane,기타,본인의 성향에 맞는 부업을 선택하는 것이 장기적으로 성공할 가능성이 높습니다. ◆ 재택부업 수익 구조... 실제로 재택부업을 시작한 분들의 후기를 보면 처음에는 작은 수익부터 시작하지만 점점 수익이 늘어나는...,성공 경험담 패턴 없음,7,118,False,부업 성공 후기,http://cafe.naver.com/koarane/449895,2,,,pass_relaxed_keyword,6,cafe,3,"재택부업 추천 현실 후기, 실제로 많이 하는 부업 정리"
0,,리얼리뷰 공유소ㅣ내돈내산 찐리뷰 커...,https://cafe.naver.com/koarane,기타,그래도 가만히 있을 수는 없어서 매일같이 50대부업 후기를 찾아보고 있어요. 예전에 온라인으로 할 수 있다는... 일이 있다면 다시 도전해보고 싶어요. 확실하게 성공 사례가 보이는 현실적인 부업이 없을까요? 꼭 찾고 싶어요~,성공 경험담 패턴 없음,5,125,False,부업 성공 후기,http://cafe.naver.com/koarane/371657,0,,,pass_relaxed_pattern,2,cafe,3,요즘 50대부업 검색만 하다 하루가 다 가네요ㅠㅠ
0,,리얼리뷰 공유소ㅣ내돈내산 찐리뷰 커...,https://cafe.naver.com/koarane,기타,작성과 후기 활동을 했습니다 혹시 ‘시간이 부족하면 못할 텐데’ 걱정되시죠 핵심은 짧은 시간이라도 꾸준히 하는 것입니다 작은 노력이라도 반복하면 안정적 수익으로 이어집니다 시간 관리가 부업 성공의 핵심이라는...,성공 경험담 패턴 없음,11,118,False,부업 성공 후기,http://cafe.naver.com/koarane/59679,2,,,pass_relaxed_pattern,4,cafe,9,"직장인부업 추천과 실전 활용법, 소득 올리는 전략 가이드"
0,,리얼리뷰 공유소ㅣ내돈내산 찐리뷰 커...,https://cafe.naver.com/koarane,기타,"50대 부업 후기 믿을 수 있나?] 후기 볼 땐 ‘어디에서 수익이 났는지’, ‘어떤 방식으로 일했는지’를 꼭... 60대 이상도 성공사례 많고, 스마트폰만 쓸 줄 알면 누구나 도전 가능한 구조라서요!...",성공 경험담 패턴 없음,5,114,False,부업 성공 후기,http://cafe.naver.com/koarane/239528,2,,,pass_relaxed_pattern,4,cafe,3,50대부업 찾는 분들이 자주 묻는 현실적인 질문들
0,,리얼리뷰 공유소ㅣ내돈내산 찐리뷰 커...,https://cafe.naver.com/koarane,기타,"[실제 후기들 보면 공통점이 있어요] 천안부업 성공했다고 하는 분들 이야기 보면 공통점이 있더라구요. 처음부터 완벽하게 하려는 게 아니라, 시스템을 그대로 따라간다는 점이요. 혼자 끙끙대는 것보다 이미 만들어진...",성공 경험담 패턴 없음,8,120,False,부업 성공 후기,http://cafe.naver.com/koarane/313413,0,,,pass_relaxed_pattern,2,cafe,6,천안부업 알아보다가 진짜 현실적인 방법 찾았어요
0,,리얼리뷰 공유소ㅣ내돈내산 찐리뷰 커...,https://cafe.naver.com/koarane,배달,체력적으로 버거운 순간도 있더라구요ㅠ ───────────────── [# 쿠팡배달부업 후기들 보면... 기존 성공사례 그대로 따라할 수 있게 다 복제해주는 시스템이래요! 하루 30분 투자만으로도 수익 나게...,성공 경험담 패턴 없음,11,118,False,부업 성공 후기,http://cafe.naver.com/koarane/197766,0,,,pass_relaxed_pattern,8,cafe,3,쿠팡배달부업 쉬운줄 알았는데 현실은 좀 다르더라..
0,,리얼리뷰 공유소ㅣ내돈내산 찐리뷰 커...,https://cafe.naver.com/koarane,기타,무자본부업 성공하려면 이건 꼭 지켜야 해요] 일단 ‘지속성’이 제일 중요해요. 무자본으로 돈 벌려면... 구조나 수익모델이 명확한지부터 체크해보세요 ───────────────── [# 실제 수익 후기 보면...,성공 경험담 패턴 없음,10,118,False,부업 성공 후기,http://cafe.naver.com/koarane/249237,0,,,pass_relaxed_pattern,4,cafe,6,무자본부업 찾는다면 지금 이 방법이 제일 현실적이에요
0,,리얼리뷰 공유소ㅣ내돈내산 찐리뷰 커...,https://cafe.naver.com/koarane,기타,작은 성공 경험이 쌓이면 점점 투자 시간도 늘리고 수익도 커지더라구요. 주변 주부분들도 이렇게 소규모로... [주부부업 후기] 온라인 커뮤니티나 SNS를 보면 주부부업 후기 글이 많이 올라와 있어요. 대부분 “짧은 시간...,성공 경험담 패턴 없음,9,125,False,부업 성공 후기,http://cafe.naver.com/koarane/106447,0,,,pass_relaxed_pattern,6,cafe,3,"주부부업, 하루 1시간으로 소득 만드는 꿀팁"
0,,리얼리뷰 공유소ㅣ내돈내산 찐리뷰 커...,https://cafe.naver.com/koarane,기타,"시간을 효율적으로 쪼개는 것이 부업 성공의 관건이에요. ───────────────── [경험자 후기] 최근 직장인부업을 시작한 30대 남성분은, “처음엔 막막했지만, 온라인 부업과 자동화 도구만 활용해도...",성공 경험담 패턴 없음,7,117,False,부업 성공 후기,http://cafe.naver.com/koarane/215789,0,,,pass_relaxed_pattern,4,cafe,3,"직장인부업, 퇴근 후 1시간 투자로 시작하는 꿀팁 모음!"
0,,리얼리뷰 공유소ㅣ내돈내산 찐리뷰 커...,https://cafe.naver.com/koarane,기타,막상 해보니 투잡과 부업은 개념부터 시간 관리 방식까지 완전히 다르더라구요. 제가 직접 겪은 현실 후기와... ───────────────── ✅ 직장인 부업 성공 루틴 4가지 1️⃣ 퇴근 후 딱 1시간만 집중하기...,성공 경험담 패턴 없음,9,122,False,부업 성공 후기,http://cafe.naver.com/koarane/294851,0,,,pass_relaxed_pattern,6,cafe,3,퇴근 후 부업 종류 하루 30분 투자로 월급 외 50만 원 더 버는 법
0,,창사영2[창업사업영업아이템]소상공인...,https://cafe.naver.com/coolishz,스마트스토어,그러던 중 우연히 인터넷에서 부업 창업 관련 정보를 찾게 되었어요. 다양한 블로그와 유튜브 채널을 통해 사람들의 성공 사례와 경험담을 접할 수 있었죠. 그중에서 '온라인 쇼핑몰 창업'이라는 아이디어가 눈에...,성공 경험담 패턴 없음,11,117,False,부업 성공 후기,http://cafe.naver.com/coolishz/786235,0,,,pass_relaxed_pattern,8,cafe,3,"부업 창업, 나만의 성공 스토리 만들기"
0,,리얼리뷰 공유소ㅣ내돈내산 찐리뷰 커...,https://cafe.naver.com/koarane,기타,"특히 틈틈이 할 수 있고, 후기 관리만 잘하면 소개도 잘 된다고 하더라구요. 결국 '신뢰'와 '홍보'가 부업 성공의 핵심인듯요! ───────────────── 이상으로 ""가정부업""에 대해서 여러가지 정보를...",성공 경험담 패턴 없음,5,118,False,부업 성공 후기,http://cafe.naver.com/koarane/241309,0,,,pass_relaxed_pattern,2,cafe,3,가정부업으로 할 수 있는 현실적인 돈버는 방법 총정리!
0,,리얼리뷰 공유소ㅣ내돈내산 찐리뷰 커...,https://cafe.naver.com/koarane,기타,주부부업 실제 후기 보니까 이게 제일 괜찮더라! 요즘 진짜 물가도 오르고... 생활비 감당이... 특히 저처럼 마케팅 몰랐던 주부들도 성공사례가 많아서 더 도전해볼 만했어요!...,성공 경험담 패턴 없음,5,100,False,부업 성공 후기,http://cafe.naver.com/koarane/195367,0,,,pass_relaxed_pattern,2,cafe,3,주부부업 실제 후기 보니까 이게 제일 괜찮더라!
0,,리얼리뷰 공유소ㅣ내돈내산 찐리뷰 커...,https://cafe.naver.com/koarane,기타,"무자본부업 성공의 3가지 포인트] 1️⃣ 시스템 먼저 세팅하라 2️⃣ 자동화 툴 적극 활용하라 3️⃣ 매일... 부업’을 ‘자동수익 구조’로 만드는 비법이에요 ───────────────── [# 실제 후기, 진짜...",성공 경험담 패턴 없음,7,122,False,부업 성공 후기,http://cafe.naver.com/koarane/71351,0,,,pass_relaxed_pattern,4,cafe,3,무자본부업으로 월 300 찍은 현실적인 방법
0,,리얼리뷰 공유소ㅣ내돈내산 찐리뷰 커...,https://cafe.naver.com/koarane,기타,"저도 이건 주변 지인 통해 듣고 진짜 공감했어요..ㅋㅋ ───────────────── [# 부업 성공하... 실제 후기를 보니까, 진짜 60대 분들도 수익 내시더라구요... 처음엔 반신반의했는데, 지금은 왜 이제 알았나...",성공 경험담 패턴 없음,7,126,False,부업 성공 후기,http://cafe.naver.com/koarane/224634,0,,,pass_relaxed_pattern,4,cafe,3,부업 시작 전 꼭 알아야 할 온라인 전략
0,,리얼리뷰 공유소ㅣ내돈내산 찐리뷰 커...,https://cafe.naver.com/koarane,기타,"───────────────── [*실제 후기 : 50 투자 → 월 500 수익!?*] 이건 제가 커뮤니티에서 본... 저희 엄마 친구분이 60대인데도, 이걸로 부업 성공했다는 얘기 듣고 진심 놀랐어요! 그분은 복붙만 했다고...",성공 경험담 패턴 없음,12,128,False,부업 성공 후기,http://cafe.naver.com/koarane/218967,0,,,pass_relaxed_pattern,6,cafe,6,"에어비앤비부업, 50만원으로 시작해서 500 벌었다는 썰.."
0,,리얼리뷰 공유소ㅣ내돈내산 찐리뷰 커...,https://cafe.naver.com/koarane,기타,"───────────────── [ 부업 성공 사례 공유] 저처럼 평범한 직장인도 퇴근 후 부업으로 월... 실제 부업 경험자들의 생생한 후기와 팁을 확인할 수 있어요. 혼자 고민하며 시간을 낭비하기보다, 작은...",성공 경험담 패턴 없음,7,120,False,부업 성공 후기,http://cafe.naver.com/koarane/53427,0,,,pass_relaxed_pattern,4,cafe,3,"퇴근 후 부업 시작법, 하루 30분으로 수익 올리는 비법!"
0,,리얼리뷰 공유소ㅣ내돈내산 찐리뷰 커...,https://cafe.naver.com/koarane,기타,"[ 부업 성공 꿀팁 공개!] ✔️ 하루 루틴을 짜서 일정 시간만 투자하기 ✔️ 남들이 하라는 거 말고, 검증된 걸 선택하기 ✔️ 수익 구조가 ‘자동화’ 되어있는지 확인하기 ✔️ 사람들 후기 많은 시스템 먼저...",성공 경험담 패턴 없음,9,118,False,부업 성공 후기,http://cafe.naver.com/koarane/223906,0,,,pass_relaxed_pattern,6,cafe,3,"부업 시작하려다 실패한 이유, 이건 꼭 알아야 해요"
0,,리얼리뷰 공유소ㅣ내돈내산 찐리뷰 커...,https://cafe.naver.com/koarane,기타,───────────────── [부업 성공하는 사람들의 공통점] 사실 대단한 비법이 있는 건 아닌 것... 있는 부업’이더라구요. 특히 60대 분들도 수익 내고 있다는 후기 보고 “아 이건 진짜 쉽구나” 하고...,성공 경험담 패턴 없음,7,120,False,부업 성공 후기,http://cafe.naver.com/koarane/156491,0,,,pass_relaxed_pattern,4,cafe,3,누구나 할수 있는 부업 요즘 왜 이렇게 인기일까
0,,"예쁜카페 예카: 그릇,인테리어,스타우...",https://cafe.naver.com/mjann,기타,"조직은 쿠팡 물류센터 아르바이트 후기 게시판, 재택부업 커뮤니티, 주부 대상 카페 등을 집중 모니터링하며... ◉ 3장 — 첫 미션, 성공을 경험하게 만드는 설계 참여 초반의 구조는 단순하고 수익이 납니다. ""쿠팡 앱에서...",성공 경험담 패턴 없음,9,126,False,부업 성공 후기,http://cafe.naver.com/mjann/3746232,0,,,pass_relaxed_pattern,6,cafe,3,"쿠팡부업사기 피해 복구, 범죄 각본 분석 및 피해 대처 방안은"
0,,리얼리뷰 공유소ㅣ내돈내산 찐리뷰 커...,https://cafe.naver.com/koarane,블로그,"정도 시간을 투자해야 하고, 어떤 콘텐츠를 만들어야 효과적일까요? 혹시 블로그이웃늘리기로 부업 성공하신 분 계실까요? 경험자분들의 솔직한 후기나 현실적인 조언, 주의할 점 같은 걸 알려주시면 정말 감사하겠습니다.",성공 경험담 패턴 없음,11,118,False,부업 성공 후기,http://cafe.naver.com/koarane/232642,0,,,pass_relaxed_pattern,8,cafe,3,"블로그 이웃 늘리기, 부업으로 가능할까요? 현실적인 조언 부탁드려요"
0,,리얼리뷰 공유소ㅣ내돈내산 찐리뷰 커...,https://cafe.naver.com/koarane,기타,[소자본부업 성공한 사람들 특징이 있더라구요] 대부분 하나를 깊게 파고 ‘수익 루트’를 확실하게... 사람들 후기도 꽤 긍정적] “소자본인데도 구조 잘 잡으니까 수익 짭짤하다” “직장인이랑 병행하기 딱 좋다”...,성공 경험담 패턴 없음,7,119,False,부업 성공 후기,http://cafe.naver.com/koarane/132728,0,,,pass_relaxed_pattern,4,cafe,3,소자본부업 진짜 제대로 하려면 이것부터 알아야 하더라구요
0,,리얼리뷰 공유소ㅣ내돈내산 찐리뷰 커...,https://cafe.naver.com/koarane,기타,"올해부업 성공하려면 이건 꼭 알아야 해요 2026년이 밝았고, 벌써부터 ‘올해는 부업이라도 좀 제대로... ───────────────── [실제로 수익이 나고 있는 후기들] - 하루 2포스팅으로 3일 만에 첫 수익...",성공 경험담 패턴 없음,7,123,False,부업 성공 후기,http://cafe.naver.com/koarane/292757,0,,,pass_relaxed_pattern,4,cafe,3,올해부업 성공하려면 이건 꼭 알아야 해요
0,,리얼리뷰 공유소ㅣ내돈내산 찐리뷰 커...,https://cafe.naver.com/koarane,기타,✔︎ 장점: 한번 써두면 계속 수익 / 상위노출 구조 ✔︎ 팁: 정보글+후기 형식이 반응 좋아요... 실습 - 부업 성공 루틴 설정법 - 하루 30분 투자로 자동화하는 방법 - 챗GPT로 글 자동 생성하는 노하우까지! 복잡한 건 빼고...,성공 경험담 패턴 없음,14,133,False,부업 성공 후기,http://cafe.naver.com/koarane/103740,0,,,pass_relaxed_pattern,8,cafe,6,"재택부업, 진짜 돈 되는 일만 추려봤어요"
0,,리얼리뷰 공유소ㅣ내돈내산 찐리뷰 커...,https://cafe.naver.com/koarane,기타,독일pm쥬스 후기 잘 쓰는법과 부업 성공팁 안녕하세요 여러분~ 독일pm쥬스에 관심 있는 분들이 요즘 많더라구요 저도 여기저기서 물어보셔서 이번에 후기를 잘 쓰는 팁과 부업으로 활용할 수 있는 방법까지 같이...,성공 경험담 패턴 없음,5,117,False,부업 성공 후기,http://cafe.naver.com/koarane/8945,0,,,pass_relaxed_pattern,2,cafe,3,독일pm쥬스 후기 잘 쓰는법과 부업 성공팁
0,,리얼리뷰 공유소ㅣ내돈내산 찐리뷰 커...,https://cafe.naver.com/koarane,기타,저도 캔바 하나로 썸네일 만들다가 후기 남기고 입소문 타면서 의뢰 들어오기 시작했어요... 요즘은 카페마케팅 모르면 부업 성공 확률이 확 떨어지는 느낌이에요ㅋㅋㅋㅋ ──────── ───────── 지금...,성공 경험담 패턴 없음,7,116,False,부업 성공 후기,http://cafe.naver.com/koarane/158476,0,,,pass_relaxed_pattern,4,cafe,3,디자인부업으로 월수익 100만원 가능할까?
0,,리얼리뷰 공유소ㅣ내돈내산 찐리뷰 커...,https://cafe.naver.com/koarane,기타,"(진심 조심해야 해요) ● 선입금 요구 ● 수익 미지급 후기 다수 ● 관리자 실명·연락처 미공개... 이게 진짜 부업 성공의 핵심 키워드예요. ───────────────── 이상으로 ""부업사이트""에 대해서 여러가지...",성공 경험담 패턴 없음,7,123,False,부업 성공 후기,http://cafe.naver.com/koarane/234016,0,,,pass_relaxed_pattern,4,cafe,3,"요즘 부업사이트 찾는 사람들 진짜 많더라구요, 저도 그 중 한 명이었구요."
0,,리얼리뷰 공유소ㅣ내돈내산 찐리뷰 커...,https://cafe.naver.com/koarane,기타,"손부업나라 성공사례 보고 저도 도전해봤어요! 요즘 주변에서 손부업 이야기 진짜 많이 들리더라구요.... 그래서 어떤 부업인지, 얼마나 벌 수 있는지 직접 경험담이랑 후기들을 전부 정리해봤어요...",성공 경험담 패턴 없음,5,109,False,부업 성공 후기,http://cafe.naver.com/koarane/52556,0,,,pass_relaxed_pattern,2,cafe,3,손부업나라 성공사례 보고 저도 도전해봤어요!
0,,리얼리뷰 공유소ㅣ내돈내산 찐리뷰 커...,https://cafe.naver.com/koarane,강의,[주변에 부업 성공한 사람들 보면 이거 공통] 1. 초반에 공부 제대로 함 2. 일단 해보면서 감 잡음 3. SNS나... 사람들 후기도 엄청 많더라구요~ ───────────────── 이 강의의 미친 장점들✨ 1. 마케팅...,성공 경험담 패턴 없음,5,128,False,부업 성공 후기,http://cafe.naver.com/koarane/128939,2,,,pass_relaxed_pattern,4,cafe,3,부업추천해 드릴게요~
0,,리얼리뷰 공유소ㅣ내돈내산 찐리뷰 커...,https://cafe.naver.com/koarane,기타,"탈잉 강사 등록, 부업으로 시작해도 성공할 수 있을까용? 안녕하세요~ 요즘 탈잉 강사 등록으로 부업... 저도 처음엔 1~2시간짜리 온라인 클래스부터 시작했는데, 점점 후기와 평점이 쌓이더라구요. 솔직히? 처음부터 큰...",성공 경험담 패턴 없음,5,124,False,부업 성공 후기,http://cafe.naver.com/koarane/215972,0,,,pass_relaxed_pattern,2,cafe,3,"탈잉 강사 등록, 부업으로 시작해도 성공할 수 있을까용?"
0,,리얼리뷰 공유소ㅣ내돈내산 찐리뷰 커...,https://cafe.naver.com/koarane,기타,"───────────────── [소자본부업 성공하려면 이것만은 꼭!] 첫째, 너무 많은 걸 욕심내지... [실제 후기에서도 공통적으로 말하는 부분] 주부, 직장인, 심지어 60대분들까지 “처음엔 무서웠는데 생각보다...",성공 경험담 패턴 없음,5,123,False,부업 성공 후기,http://cafe.naver.com/koarane/42269,0,,,pass_relaxed_pattern,2,cafe,3,소자본부업으로 삶이 달라졌다는 이유
0,,리얼리뷰 공유소ㅣ내돈내산 찐리뷰 커...,https://cafe.naver.com/koarane,기타,"현직자가 말하는 영업 부업 성공 사례, 진짜일까요? ───────────────── 안녕하세요~ 요즘... ───────────────── [장점 & 후기] 1. 시간과 장소에 구애받지 않고 수익 가능 2. 초기 비용...",성공 경험담 패턴 없음,7,124,False,부업 성공 후기,http://cafe.naver.com/koarane/353104,0,,,pass_relaxed_pattern,4,cafe,3,"현직자가 말하는 영업 부업 성공 사례, 진짜일까요?"
0,,오늘도 달린다 ㅣ영업·창업·부업 ㅣ...,https://cafe.naver.com/uouv96,기타,"◆처음엔 진짜 후기인 줄 알았습니다◆ 처음 시작했던 재택부업은 후기글이 엄청 많았어요. ""일주일 만에 수익"", ""아이 키우면서 월수익"", ""직장인 투잡 성공"" 같은 글들이 계속 보이더라구요. 그런데 막상 들어가 보니...",성공 경험담 패턴 없음,11,123,False,부업 성공 후기,http://cafe.naver.com/uouv96/8408,0,,,pass_relaxed_pattern,8,cafe,3,재택부업 여러 번 실패하고 나서야 깨달은 현실
0,,리얼리뷰 공유소ㅣ내돈내산 찐리뷰 커...,https://cafe.naver.com/koarane,기타,주부부업 성공하려면 결국 이거 하나더라] 결론적으로는 ‘지속가능성’이 핵심 같아요. 일시적으로 확 돈... 마케팅 후기랑 장점들 보니까 왜 다들 하는지 알겠더라] 가장 전환율 높은 마케팅 방식이라는 말이 괜히 있는...,성공 경험담 패턴 없음,10,122,False,부업 성공 후기,http://cafe.naver.com/koarane/173657,0,,,pass_relaxed_pattern,4,cafe,6,주부부업 제대로 하면 생각보다 수익 꽤 나와요
0,,"배달세상 :: 배달대행, 쿠팡이츠, 배민...",https://cafe.naver.com/nds07,콘텐츠,인스타 부업 사기 흐름에서는 이러한 후기 형식의 접근이 자주 활용됩니다. 인스타 손부업 사기 상황에서는... 손부업 사기 구조에서는 이처럼 작은 성공 경험을 통해 신뢰를 강화하는 방식이 반복됩니다. 인스타 손부업...,성공 경험담 패턴 없음,5,121,False,부업 성공 후기,http://cafe.naver.com/nds07/5447445,0,,,pass_relaxed_pattern,2,cafe,3,인스타 손부업 사기 피해 회복을 위한 실질적인 절차는
0,,리얼리뷰 공유소ㅣ내돈내산 찐리뷰 커...,https://cafe.naver.com/koarane,기타,"◆재택부업 성공의 핵심 전략◆ 가장 중요한 건 ‘꾸준함’과 ‘집중력’입니다. 하루 30분이라도 꾸준히... 실제 후기를 보면 50대, 60대 분들도 수익을 내고 있고, 몇 달 만에 큰 수익을 만든 사례도 많다고 하더라구요....",성공 경험담 패턴 없음,12,127,False,부업 성공 후기,http://cafe.naver.com/koarane/567218,0,,,pass_relaxed_pattern,6,cafe,6,"하루 30분 재택부업, 누구나 가능한 온라인 수익 만들기"
0,,리얼리뷰 공유소ㅣ내돈내산 찐리뷰 커...,https://cafe.naver.com/koarane,기타,노력 대비 성과가 빠르게 보인다는 후기도 꽤 많아요. 확실히 예전보다 부업 접근성이 쉬워진 건 맞는 듯요.... ───────────────── [직장인 부업 성공하려면 꼭 알아야 할 포인트] 짧은 시간이라도 매일...,성공 경험담 패턴 없음,5,122,False,부업 성공 후기,http://cafe.naver.com/koarane/124229,2,,,pass_relaxed_pattern,4,cafe,3,직장인재택부업 궁금하다면 요즘 핫한 온라인소득 이야기도 꼭 봐주세요^^
,,,,,,성공 경험담 패턴 없음,,89,,부업 월 100만원,https://gall.dcinside.com/board/view/?id=de&no=516614,,,,pass_relaxed_pattern,,dc,,오토바이는위험하니.전기자전거로 전업하고
,,,,,,성공 경험담 패턴 없음,,166,,투잡 성공,https://gall.dcinside.com/board/view/?id=divination_new1&no=10726474,,,,pass_relaxed_pattern,,dc,,ㄹㅇ ㅋㅋ 노가다 좀만 하다가 부업성공이라도 하면투잡쎄리면 되는데
,,,,,,성공 경험담 패턴 없음,,2195,,부업 월 100만원,https://www.clien.net/service/board/lecture/18890796,,,,pass_relaxed_pattern,,clien,,2025년엔 네이버 블로그로 부수입 만들어 봅시다.
,,,,,,성공 경험담 패턴 없음,,428,,월 200만원 부업,https://www.ppomppu.co.kr/zboard/view.php?id=soho&no=26611,,,,pass_relaxed_pattern,,ppomppu,,취준생 1시간 정도 일하고월매출1200만원창업함 ㄷㄷ67
