description,fail_reason,full_text_length,keyword,link,source,title
,성공 경험담 패턴 없음,4279,부업 성공 후기,https://gall.dcinside.com/board/view/?id=gukjenews&no=24843,dc,'추적 60분'부업열풍이 만든 고액강의 시장의 실태
,성공 경험담 패턴 없음,550,부업 성공 후기,https://gall.dcinside.com/mgallery/board/view/?id=gh2022&no=71051,dc,개인워크아웃후기
,성공 경험담 패턴 없음,1375,부업 성공 후기,https://gall.dcinside.com/mini/board/view/?id=coupangeats&no=473794,dc,차팡 뉴비 3일차후기
,성공 경험담 패턴 없음,2270,부업 성공 후기,https://gall.dcinside.com/mgallery/board/view/?id=napolitan&no=27849,dc,2024년 하반기 명작 단편선 (25.4.22)
,성공 경험담 패턴 없음,2792,부업 성공 후기,https://gall.dcinside.com/mgallery/board/view/?id=tgijjdd&no=967690,dc,투베 4~5페 타플런후기(쌩기다무)
,성공 경험담 패턴 없음,89,부업 성공 후기,https://gall.dcinside.com/mgallery/board/view/?id=jachung&no=9554,dc,성공팔이 교육후기
,성공 경험담 패턴 없음,6481,부업 성공 후기,https://gall.dcinside.com/mgallery/board/view/?id=projectmx&no=9719406,dc,소설) 아비도스 PMC 프로젝트 - 에필로그(완)
,성공 경험담 패턴 없음,941,부업 성공 후기,https://gall.dcinside.com/mgallery/board/view/?id=tistory&no=9499,dc,네카 검색하다보면 보이는 것들
,성공 경험담 패턴 없음,1521,부업 성공 후기,https://gall.dcinside.com/mgallery/board/view/?id=kickboard&no=97461,dc,컴엥알이 빠르게 느꺼본 고프로 8후기편
,성공 경험담 패턴 없음,1051,부업 성공 후기,https://gall.dcinside.com/mgallery/board/view/?id=dramareview&no=127086,dc,웨이브에 올라온 장밋빛 인생 정주행후기(스포유)
,성공 경험담 패턴 없음,1412,부업 성공 후기,https://gall.dcinside.com/mgallery/board/view/?id=muscleman&no=860388,dc,헬스장 그만둠 ㅅㅂ 근데 환불 안해주네?
,성공 경험담 패턴 없음,922,부업 성공 후기,https://gall.dcinside.com/board/view/?id=diet&no=4708548,dc,극단 다이어트 16일차 보고서
,성공 경험담 패턴 없음,662,부업 성공 후기,https://gall.dcinside.com/mgallery/board/view/?id=bamin&no=90923,dc,배민커넥트1일후기
,성공 경험담 패턴 없음,8846,부업 성공 후기,https://gall.dcinside.com/mgallery/board/view/?id=rome&no=724279,dc,13세기 잉글랜드 농촌 사회
,성공 경험담 패턴 없음,6812,부업 성공 후기,https://gall.dcinside.com/mgallery/board/view/?id=alternative_history&no=447698,dc,13세기 잉글랜드 농촌 사회
,성공 경험담 패턴 없음,5100,부업 성공 후기,https://gall.dcinside.com/board/view/?id=dongau&no=406258,dc,"조선시대 중,후기비유한 전국대학 랭킹"
,성공 경험담 패턴 없음,4819,부업 성공 후기,https://gall.dcinside.com/board/view/?id=dcnews&no=28702,dc,월간디시 8월호 : 반갑다 논란아
,성공 경험담 패턴 없음,3918,부업 성공 후기,https://gall.dcinside.com/board/view/?id=frozen&no=3900280,dc,645후기) 다음이 있을수도 있다고해서 써보는후기.
,성공 경험담 패턴 없음,907,부업 성공 후기,https://gall.dcinside.com/board/view/?id=gf&no=2884227,dc,191005 에버랜드 라이버 파워뮤직 간단후기
,성공 경험담 패턴 없음,4460,부업 성공 후기,https://gall.dcinside.com/mgallery/board/view/?id=nv&no=1345,dc,소설 설정 평가 좀...
,성공 경험담 패턴 없음,3683,부업 성공 후기,https://gall.dcinside.com/board/view/?id=web_fic&no=94765,dc,자작 소설 설정좀 평가좀...
,성공 경험담 패턴 없음,8913,부업 성공 후기,https://gall.dcinside.com/mgallery/board/view/?id=nouvellevague&no=342374,dc,[스포] 이후기임
,성공 경험담 패턴 없음,1167,부업 성공 후기,https://gall.dcinside.com/mgallery/board/view/?id=tommuto&no=17946,dc,190511 훗카이도 전악후기회장 입장편 (스압)
,성공 경험담 패턴 없음,1162,부업 성공 후기,https://gall.dcinside.com/mgallery/board/view/?id=japtrainee&no=658546,dc,190511 훗카이도 전악후기회장 입장편 (스압)
,성공 경험담 패턴 없음,1702,부업 월 100만원,https://gall.dcinside.com/mgallery/board/view/?id=drawing&no=591797,dc,그림쟁이 돈버는 루트
,성공 경험담 패턴 없음,98,부업 월 100만원,https://gall.dcinside.com/mgallery/board/view/?id=stockus&no=15682953,dc,나 백수인데 주식으로 매달100만원씩 벌음
,성공 경험담 패턴 없음,341,부업 월 100만원,https://gall.dcinside.com/mgallery/board/view/?id=dsrqsv&no=924174,dc,PCX 추천 부탁드려요
,성공 경험담 패턴 없음,159,부업 월 100만원,https://gall.dcinside.com/mini/board/view/?id=coupangeats&no=562996,dc,125cc 중고+배달 셋
,성공 경험담 패턴 없음,791,부업 월 100만원,https://gall.dcinside.com/board/view/?id=soulworker&no=5555222,dc,5계정 기준 쌀먹 수익 계산 다시 한다 (성순 개당 6천만 기준)
,광고 의심,4348,부업 월 100만원,https://gall.dcinside.com/mini/board/view/?id=videoediting&no=17440,dc,제 1회 유디아이디 서비스 소개 영상 공모전 안내
,성공 경험담 패턴 없음,1170,부업 월 100만원,https://gall.dcinside.com/mgallery/board/view/?id=stockus&no=14108244,dc,3억 파이어 잼민이한테 물어봤다
,광고 의심,879,부업 월 100만원,https://gall.dcinside.com/board/view/?id=w_entertainer&no=25930377,dc,시발 졷별에 돈버는 mz들 정보 받앗는데
,성공 경험담 패턴 없음,501,부업 월 100만원,https://gall.dcinside.com/mgallery/board/view/?id=dsrqsv&no=894517,dc,오토바이 배달부업입문 질문드립니다
,본문 크롤링 실패,0,부업 월 100만원,https://gall.dcinside.com/mini/board/view/?id=fallenphone&no=81717,dc,용찬우가 이루어낸 유일한 업적
,성공 경험담 패턴 없음,758,부업 월 100만원,https://gall.dcinside.com/board/view/?id=climbing&no=301376,dc,확실히 폴라텍 써멀프로가 좋긴좋더라
,성공 경험담 패턴 없음,3742,부업 월 100만원,https://gall.dcinside.com/mini/board/view/?id=coupangeats&no=359638,dc,"""미션은 있지만, 선택권은 없다"" 쿠팡이 배달노동자 지배하는 법"
,성공 경험담 패턴 없음,112,부업 월 100만원,https://gall.dcinside.com/board/view/?id=employment&no=2247562,dc,월200받고 좇소는 왜 다니는거냐
,성공 경험담 패턴 없음,96,부업 월 100만원,https://gall.dcinside.com/mini/board/view/?id=coupangeats&no=296591,dc,너무 힘들면 실업급여 받으면서
,성공 경험담 패턴 없음,2791,부업 월 100만원,https://gall.dcinside.com/board/view/?id=sc&no=918797,dc,중고차 수출무역 창업 전수합니다
,성공 경험담 패턴 없음,2791,부업 월 100만원,https://gall.dcinside.com/board/view/?id=employment&no=2231122,dc,중고차 수출무역 창업 전수합니다
,성공 경험담 패턴 없음,301,부업 월 100만원,https://gall.dcinside.com/board/view/?id=changup&no=82572,dc,직장인 편의점 창업 어떻게 생각하시나요?
,성공 경험담 패턴 없음,200,부업 월 100만원,https://gall.dcinside.com/mgallery/board/view/?id=stockus&no=12335314,dc,나 퇴근하고 3시간씩 메이플랜드로부업하는디
,성공 경험담 패턴 없음,657,부업 월 100만원,https://gall.dcinside.com/mgallery/board/view/?id=stockus&no=11859878,dc,3억이면 파이어 넉넉하다는 말같지도 않은 소리 하는 애들 봐라
,성공 경험담 패턴 없음,304,부업 월 100만원,https://gall.dcinside.com/mgallery/board/view/?id=spirituality&no=28040,dc,"본인은 유투브, 배당투자,부업까지 할려고 [ㅇㅅㅇ]"
,성공 경험담 패턴 없음,1468,부업 월 100만원,https://gall.dcinside.com/mini/board/view/?id=coupangeats&no=171950,dc,"(장문)잠깐 생각해본월(일, 주)급인증하는 사람특"
,성공 경험담 패턴 없음,276,부업 월 100만원,https://gall.dcinside.com/board/view/?id=cs_new1&no=7412040,dc,돈이랑 운동 둘중 하나만 골라야 한다면?
,성공 경험담 패턴 없음,732,부업 월 100만원,https://gall.dcinside.com/board/view/?id=de&no=530148,dc,현실적인 배달 수익 8시간 10만원기준
,성공 경험담 패턴 없음,1210,부업 월 100만원,https://gall.dcinside.com/mgallery/board/view/?id=stockus&no=11475775,dc,[미주갤] FIRE처럼 회자되는 ‘경제적 자유’ – 과연 현실적인가?
,성공 경험담 패턴 없음,4778,부업 월 100만원,https://gall.dcinside.com/board/view/?id=reptile&no=860020,dc,지금의 업체 파묘사태를 보며... 22년도 썼던글
,성공 경험담 패턴 없음,299,부업 월 100만원,https://gall.dcinside.com/mgallery/board/view/?id=asdf12&no=156091,dc,이런 애들이 애 낳으면 그냥 재앙 아니냐?
,성공 경험담 패턴 없음,314,부업 월 100만원,https://gall.dcinside.com/mini/board/view/?id=coupangeats&no=117632,dc,간호사하면서 배달 하는게 가능함???
,성공 경험담 패턴 없음,145,부업 월 100만원,https://gall.dcinside.com/mgallery/board/view/?id=kospi&no=4592553,dc,ㄹㅇ 주식은 1000만원갖고 단타시작한다 이딴짓하면안됨
,성공 경험담 패턴 없음,139,부업 월 100만원,https://gall.dcinside.com/mini/board/view/?id=coupangeats&no=95044,dc,부업으로 할라믄 얼마까지가월한계인지 아시는 분
,성공 경험담 패턴 없음,1079,부업 월 100만원,https://gall.dcinside.com/board/view/?id=programming&no=2844914,dc,구형 휴대폰 태블릿 펌웨어 만들기 돈 될까?
,성공 경험담 패턴 없음,163,부업 월 100만원,https://gall.dcinside.com/mgallery/board/view/?id=stockus&no=10602848,dc,뒤지게 돈 꼴았는데 투잡 어떻게 하냐
,성공 경험담 패턴 없음,89,부업 월 100만원,https://gall.dcinside.com/board/view/?id=de&no=516614,dc,오토바이는위험하니.전기자전거로 전업하고
,성공 경험담 패턴 없음,521,부업 월 100만원,https://gall.dcinside.com/mgallery/board/view/?id=stockus&no=9274832,dc,념글 중견기업 돈모으는방법 알려준다
,성공 경험담 패턴 없음,7373,부업 월 100만원,https://gall.dcinside.com/mgallery/board/view/?id=maplereboot&no=3408746,dc,온선족 bring me here
,성공 경험담 패턴 없음,1903,부업 월 100만원,https://gall.dcinside.com/mgallery/board/view/?id=ordc1&no=183477,dc,형들나는 이제 어떻게 해야할까
,성공 경험담 패턴 없음,374,부업 월 100만원,https://gall.dcinside.com/board/view/?id=baseball_new11&no=15360306,dc,남자 스펙 평가좀
,성공 경험담 패턴 없음,140,투잡 성공,https://gall.dcinside.com/mgallery/board/view/?id=jr&no=115174,dc,ㅇㅊㅇ?)펭귄 이직성공
,성공 경험담 패턴 없음,119,투잡 성공,https://gall.dcinside.com/mini/board/view/?id=soopvsniper&no=78838,dc,북지직에서도 유동친화로 가다가 뒤지는하꼬 ㅈㄴ 많은데
,성공 경험담 패턴 없음,17708,투잡 성공,https://gall.dcinside.com/mgallery/board/view/?id=pathofexile&no=1211306,dc,정로안 가이댓다이즈 유료 멥버십 빌드 공개 토론
,성공 경험담 패턴 없음,116,투잡 성공,https://gall.dcinside.com/mini/board/view/?id=vtubersnipe&no=11551999,dc,버튜버도 집에 돈이 많아야성공함
,성공 경험담 패턴 없음,3023,투잡 성공,https://gall.dcinside.com/mgallery/board/view/?id=lonelinessd&no=4598,dc,자본금 600만 원으로 독립&월250+@ 버는 방법
,성공 경험담 패턴 없음,707,투잡 성공,https://gall.dcinside.com/mini/board/view/?id=cosplaystory5&no=263642,dc,지금 꼬라지 보면 이민마렵긴하네
,성공 경험담 패턴 없음,539,투잡 성공,https://gall.dcinside.com/mgallery/board/view/?id=backend&no=67811,dc,취업 3개월차 자산 5천만원 달성
,성공 경험담 패턴 없음,318,투잡 성공,https://gall.dcinside.com/mini/board/view/?id=virtual123&no=1869579,dc,하꼬현생방접은 항상 슬프긴해
,성공 경험담 패턴 없음,434,투잡 성공,https://gall.dcinside.com/mgallery/board/view/?id=canada&no=145120,dc,이민 1세대가성공하는건 무조건 학력임
,성공 경험담 패턴 없음,852,투잡 성공,https://gall.dcinside.com/mgallery/board/view/?id=sanmac&no=1074,dc,충청고아원 출신이신 우리 a410s 산맥 대표장애님!!
,성공 경험담 패턴 없음,505,투잡 성공,https://gall.dcinside.com/mgallery/board/view/?id=of&no=1505138,dc,"[오일강제퇴학] 지옥에서2년, 이제 빛을보려나했지만, 또 지옥이네요"
,성공 경험담 패턴 없음,2994,투잡 성공,https://gall.dcinside.com/mgallery/board/view/?id=tsmcsamsungskhynix&no=34330,dc,SemiAnalysis Dylan Patel: 토큰의 공급과 수요
,성공 경험담 패턴 없음,313,투잡 성공,https://gall.dcinside.com/mgallery/board/view/?id=worthless&no=1335,dc,동만이 인생
,성공 경험담 패턴 없음,12275,투잡 성공,https://gall.dcinside.com/mgallery/board/view/?id=overwatch2_tv&no=3583,dc,하꼬인방 방송인 필수행동강령33가지
,성공 경험담 패턴 없음,3204,투잡 성공,https://gall.dcinside.com/mgallery/board/view/?id=rayquaza&no=218071,dc,포켓몬스터 파이시스 2-본 적 없는 동료들과 루네시티
,성공 경험담 패턴 없음,1282,투잡 성공,https://gall.dcinside.com/mini/board/view/?id=nobirthgall&no=13423,dc,어차피 '뒷담갤' 이니
,성공 경험담 패턴 없음,168,투잡 성공,https://gall.dcinside.com/mini/board/view/?id=coupangeats&no=568385,dc,부업달배인데 나는 전업으로 했어도성공했을듯
,성공 경험담 패턴 없음,126,투잡 성공,https://gall.dcinside.com/mgallery/board/view/?id=chzzk&no=10310180,dc,결국에 게임을 좋아하냐 안하냐 << 이게 중요함
,성공 경험담 패턴 없음,142,투잡 성공,https://gall.dcinside.com/mini/board/view/?id=spv&no=471793,dc,노래하는투잡방송 키마햄 먹는것도 개 힘들었는데
,성공 경험담 패턴 없음,88,투잡 성공,https://gall.dcinside.com/mini/board/view/?id=virtual_streamer&no=2322450,dc,아즈사 정도면성공한 하꼬 아닌가투잡을 포기하기 아까울거같은데
,성공 경험담 패턴 없음,332,투잡 성공,https://gall.dcinside.com/mgallery/board/view/?id=sosad&no=448188,dc,자기 자리에서 남을 위하는것이 너무 멋져
,성공 경험담 패턴 없음,159,투잡 성공,https://gall.dcinside.com/board/view/?id=divination_new1&no=10736490,dc,몸으로 돈벌고 그돈으로다가투잡하면 된다.성공방식이다.
,성공 경험담 패턴 없음,166,투잡 성공,https://gall.dcinside.com/board/view/?id=divination_new1&no=10726474,dc,ㄹㅇ ㅋㅋ 노가다 좀만 하다가 부업성공이라도 하면투잡쎄리면 되는데
,성공 경험담 패턴 없음,637,투잡 성공,https://gall.dcinside.com/board/view/?id=bitcoins_new1&no=9312048,dc,코인선물 15년차 느낀점 청산무한반복
,성공 경험담 패턴 없음,128,투잡 성공,https://gall.dcinside.com/mgallery/board/view/?id=sdijn&no=2648701,dc,젊은 변호사가성공하려면
,성공 경험담 패턴 없음,110,투잡 성공,https://gall.dcinside.com/mgallery/board/view/?id=majorleague&no=3031638,dc,다저스에 재취업한 귀쇼 소식
,성공 경험담 패턴 없음,95,투잡 성공,https://gall.dcinside.com/mgallery/board/view/?id=mma&no=360235,dc,근데왜 유엪으로 파머징징거림 랭커찍만해도 로또
,성공 경험담 패턴 없음,2147,투잡 성공,https://gall.dcinside.com/mgallery/board/view/?id=worldboxing&no=129678,dc,므마는 장`애`인들이 하는 운동이라서 개나소나 프로까진 올라감
,성공 경험담 패턴 없음,236,투잡 성공,https://gall.dcinside.com/mgallery/board/view/?id=ufcmma&no=1212213,dc,시간 지나고보니까 전부 은가누 말이 맞긴함 ㅋㅋㅋ
,성공 경험담 패턴 없음,750,투잡 성공,https://gall.dcinside.com/mgallery/board/view/?id=gamejob&no=65501,dc,1인 개발은 허상에 불과하십니다.
,성공 경험담 패턴 없음,665,투잡 성공,https://gall.dcinside.com/mgallery/board/view/?id=chartanalysis&no=4596720,dc,대한민국에서 나이 40살쯤에 2억 5천 모았다는건
,성공 경험담 패턴 없음,663,투잡 성공,https://gall.dcinside.com/board/view/?id=grsgills&no=8483265,dc,대한민국에서 나이 40살쯤에 2억 5천 모았다는건
,성공 경험담 패턴 없음,146,투잡 성공,https://gall.dcinside.com/board/view/?id=cs_new1&no=8330490,dc,근데 편의점 알바 원래투잡안되냐
,성공 경험담 패턴 없음,951,투잡 성공,https://gall.dcinside.com/board/view/?id=mcdonalds&no=292797,dc,맥날 그만뒀음
,성공 경험담 패턴 없음,644,투잡 성공,https://gall.dcinside.com/mgallery/board/view/?id=farewell&no=919991,dc,잘 가라 나는 이제 더 이상 해줄께 없다
,성공 경험담 패턴 없음,93,투잡 성공,https://gall.dcinside.com/mini/board/view/?id=vtubersnipe&no=9774452,dc,햄쿠비는 진짜 잘됐으면좋겠다
,성공 경험담 패턴 없음,1182,투잡 성공,https://gall.dcinside.com/mgallery/board/view/?id=genrenovel&no=11821619,dc,박제탭에 연중한 뜌땨이물 쓰는 병신은 이거나 읽어봐라
,성공 경험담 패턴 없음,312,투잡 성공,https://gall.dcinside.com/mini/board/view/?id=inolable&no=69508,dc,쥬우는 까방권줘야지
,성공 경험담 패턴 없음,399,투잡 성공,https://gall.dcinside.com/board/view/?id=immovables&no=8359593,dc,확실히 집사면 정치색이 바뀌는거같다
,성공 경험담 패턴 없음,299,투잡 성공,https://gall.dcinside.com/board/view/?id=wedding&no=70385,dc,내 주변도르 근황
,성공 경험담 패턴 없음,233,투잡 성공,https://gall.dcinside.com/mini/board/view/?id=vtubersnipe&no=9446345,dc,목소리만 듣고 딸치기 도전해봤음
,성공 경험담 패턴 없음,5235,투잡 성공,https://gall.dcinside.com/board/view/?id=australia&no=209389,dc,진짜 오랜만에 눈팅기념으로 호주생활 15년차 아재가 워홀 조언남겨 볼게요
,성공 경험담 패턴 없음,778,투잡 성공,https://gall.dcinside.com/mgallery/board/view/?id=oticket&no=2191830,dc,"드림홈 안볼사람 요약해줌(볼 시간 아껴줌, 초다량스포)"
,성공 경험담 패턴 없음,109,투잡 성공,https://gall.dcinside.com/mini/board/view/?id=soopvsniper&no=36043,dc,울버시투잡인데
,성공 경험담 패턴 없음,99,투잡 성공,https://gall.dcinside.com/mini/board/view/?id=coupangeats&no=445982,dc,리니지 클래식의성공유무의 따라 비수기 수익이 달라짐
,성공 경험담 패턴 없음,28336,투잡 성공,https://gall.dcinside.com/board/view/?id=stock_new2&no=8558494,dc,"호텔, 리조트 그리고 개인과외"
,성공 경험담 패턴 없음,491,투잡 성공,https://gall.dcinside.com/mgallery/board/view/?id=totojoa&no=67318,dc,28살 2400빚
,성공 경험담 패턴 없음,88,투잡 성공,https://gall.dcinside.com/mgallery/board/view/?id=vindic&no=578878,dc,아싸 삼각김밥 어필성공ㅋㅋㅋ
,성공 경험담 패턴 없음,597,투잡 성공,https://gall.dcinside.com/mini/board/view/?id=bcombat&no=224444,dc,검정한테 출신 성분 따지는거 존나 웃김
,성공 경험담 패턴 없음,4956,투잡 성공,https://gall.dcinside.com/mini/board/view/?id=incumbent&no=1134,dc,공무원 탈출&생존 전략
,성공 경험담 패턴 없음,486,투잡 성공,https://gall.dcinside.com/board/view/?id=siseol&no=493235,dc,시설에선 ㅄ들만 피해도성공함
,성공 경험담 패턴 없음,349,투잡 성공,https://gall.dcinside.com/mini/board/view/?id=soopsosopbj&no=5283171,dc,진정한 서사
,성공 경험담 패턴 없음,434,투잡 성공,https://gall.dcinside.com/mgallery/board/view/?id=ufcmma&no=1089769,dc,MMA는 메이저 스포츠가 아닌거 같다
,성공 경험담 패턴 없음,88,투잡 성공,https://gall.dcinside.com/board/view/?id=ib_new2&no=30481042,dc,최가네 모모 탈출성공했다며 ?ㅋㅋㅋ 술시중 들면서 허송세월 보내느니
,성공 경험담 패턴 없음,356,투잡 성공,https://gall.dcinside.com/mini/board/view/?id=vtubersnipe&no=8560656,dc,⚠+팩트는?서사 타령도 굴짱깨들이 먼저했음 ㄹㅇ
,성공 경험담 패턴 없음,256,투잡 성공,https://gall.dcinside.com/mini/board/view/?id=vtubersnipe&no=8560595,dc,팩트체크-서사견이라고 하는것도 굴짱깨가 원조다
,성공 경험담 패턴 없음,212,투잡 성공,https://gall.dcinside.com/board/view/?id=arbeit&no=7113301,dc,내년엔 꼭 탈쿠해라.
,성공 경험담 패턴 없음,277,투잡 성공,https://gall.dcinside.com/board/view/?id=ani1_new2&no=1660073,dc,아 그래도 우리나라가 먹고살아야 나도 씹덕질 해....
,성공 경험담 패턴 없음,1333,투잡 성공,https://gall.dcinside.com/mgallery/board/view/?id=travelyoutuber2022&no=191799,dc,동남아도 상위여자는 만나기 힘들지
,성공 경험담 패턴 없음,1324,투잡 성공,https://gall.dcinside.com/board/view/?id=football_new9&no=4849903,dc,클린스만이 존나 아쉽다..클린스만은 월드컵에서 빛나는 감독인데..
,성공 경험담 패턴 없음,111,투잡 성공,https://gall.dcinside.com/mini/board/view/?id=soopacademy&no=5590,dc,세용 춘식이 파고 설리반 이런애들은 딱봐도
,성공 경험담 패턴 없음,252,투잡 성공,https://gall.dcinside.com/mgallery/board/view/?id=birthhatred&no=64159,dc,그냥 사는것도 싫은데
,성공 경험담 패턴 없음,1761,투잡 성공,https://gall.dcinside.com/mgallery/board/view/?id=totojoa&no=65437,dc,단도성공대략 1년차 썰
,성공 경험담 패턴 없음,1680,투잡 성공,https://gall.dcinside.com/board/view/?id=neostock&no=6833917,dc,한국 남자 여자들 세대 구분 정리
,성공 경험담 패턴 없음,12696,투잡 성공,https://gall.dcinside.com/mini/board/view/?id=burgerallergy&no=68744,dc,갤읽뽀필독) 뽀삐 쫒아내려면 슉슉이말고 이런거해야함
,성공 경험담 패턴 없음,586,투잡 성공,https://gall.dcinside.com/mgallery/board/view/?id=stockus&no=13091083,dc,미붕이 탑알바 썰
,성공 경험담 패턴 없음,85,투잡 성공,https://gall.dcinside.com/mgallery/board/view/?id=supportsystem&no=98782,dc,취업성공수당
,성공 경험담 패턴 없음,141,투잡 성공,https://gall.dcinside.com/board/view/?id=tarocard&no=507908,dc,취업 고민이신 분들 진짜 무진장 많으시네
,성공 경험담 패턴 없음,327,투잡 성공,https://gall.dcinside.com/board/view/?id=employment&no=2231429,dc,진지글인데조언해줄수있어? 교통사고로 경력박살난애 조언좀 해주라;;
,성공 경험담 패턴 없음,910,투잡 성공,https://gall.dcinside.com/board/view/?id=arbeit&no=7005631,dc,쿠팡에서 일하는 사람들 다 힘내라
,성공 경험담 패턴 없음,291,스마트스토어 후기,https://gall.dcinside.com/mgallery/board/view/?id=smartthings&no=14084,dc,소노프 지그비 버튼후기
,성공 경험담 패턴 없음,4131,스마트스토어 후기,https://gall.dcinside.com/mgallery/board/view/?id=bx&no=34365,dc,노바 664 헤드기어 + 14온스 스파링 글러브 구매후기
,성공 경험담 패턴 없음,501,스마트스토어 후기,https://gall.dcinside.com/mgallery/board/view/?id=apistogramma&no=695345,dc,Snr 크레스트프리크 코리빗츠 서비스후기+영업
,성공 경험담 패턴 없음,2311,스마트스토어 후기,https://gall.dcinside.com/mgallery/board/view/?id=cycle&no=1076574,dc,커스텀 물병 제작 마감하기
,성공 경험담 패턴 없음,136,스마트스토어 후기,https://gall.dcinside.com/mgallery/board/view/?id=robotcleaner&no=58757,dc,P70 pu스마트스토어이거 뭐임?
,성공 경험담 패턴 없음,178,스마트스토어 후기,https://gall.dcinside.com/mgallery/board/view/?id=coffee&no=579165,dc,고스트버 쓰는 800n 들여볼까 하는데...
,성공 경험담 패턴 없음,249,스마트스토어 후기,https://gall.dcinside.com/mgallery/board/view/?id=xiaomi&no=17694,dc,원플워치3후기
,성공 경험담 패턴 없음,152,스마트스토어 후기,https://gall.dcinside.com/board/view/?id=reptile&no=974581,dc,엑응이 사육장 주문완료
,성공 경험담 패턴 없음,320,스마트스토어 후기,https://gall.dcinside.com/mgallery/board/view/?id=smartthings&no=13680,dc,이케아 Iot 사러 간후기
,성공 경험담 패턴 없음,854,스마트스토어 후기,https://gall.dcinside.com/mgallery/board/view/?id=smartthings&no=13640,dc,디자인이 마음에 드는 IoT 스위치들
,성공 경험담 패턴 없음,199,스마트스토어 후기,https://gall.dcinside.com/mgallery/board/view/?id=denim&no=88714,dc,4월 첫째주 도쿄 쇼핑후기
,성공 경험담 패턴 없음,1115,스마트스토어 후기,https://gall.dcinside.com/mgallery/board/view/?id=coffee&no=576039,dc,닉언) 항상졸린 님 a2를 이용한 zp6 전동화툴 나눔 수령 및후기
,성공 경험담 패턴 없음,1892,스마트스토어 후기,https://gall.dcinside.com/mgallery/board/view/?id=chainsaw&no=1504861,dc,홍대 AK플라자 팝업스토어다녀온후기
,성공 경험담 패턴 없음,125,스마트스토어 후기,https://gall.dcinside.com/mgallery/board/view/?id=mvnogallery&no=426958,dc,리브 유심스마트스토어K9040주네.. 유심 잘죽음??
,성공 경험담 패턴 없음,135,스마트스토어 후기,https://gall.dcinside.com/mgallery/board/view/?id=djmaxrespect&no=1825955,dc,다인키보드스마트스토어포인트쌀먹해야지
,성공 경험담 패턴 없음,1563,스마트스토어 후기,https://gall.dcinside.com/mgallery/board/view/?id=hyang&no=525444,dc,향린이 조마샵후기+ 샹기
,성공 경험담 패턴 없음,453,스마트스토어 후기,https://gall.dcinside.com/mgallery/board/view?id=coffee&no=570356,dc,구미 카페후기(커피살롱)
,성공 경험담 패턴 없음,2559,스마트스토어 후기,https://gall.dcinside.com/mgallery/board/view/?id=miniaturegame&no=195512,dc,[정자역 매장 오픈] 안녕하세요! 신규 매장 가오픈 안내드립니다!!!
,성공 경험담 패턴 없음,173,스마트스토어 후기,https://gall.dcinside.com/mgallery/board/view/?id=pokescale&no=875,dc,반다이 스케일월드 질문
,성공 경험담 패턴 없음,2825,스마트스토어 후기,https://gall.dcinside.com/board/view/?id=idolmaster_new1&no=9219994,dc,@갤 대전 명물 이오리 담당 사장님이 하시는 카페 원두 간단 소감
,성공 경험담 패턴 없음,149,스마트스토어 후기,https://gall.dcinside.com/mgallery/board/view/?id=coffee&no=558620,dc,"헤베 니카라과 워시드는 공홈에, 엘 인헤르또는 스스에"
,성공 경험담 패턴 없음,891,부업 성공 후기,https://www.clien.net/service/board/park/18700425,clien,Ep1.부업으로 게임개발하실 개발자님 모집합니다
,본문 크롤링 실패,0,부업 성공 후기,https://www.clien.net/service/board/park/18294666,clien,슬리퍼 샀는데 쇼핑몰이 배송 실수함.JPG
,성공 경험담 패턴 없음,2392,부업 성공 후기,https://www.clien.net/service/board/use/16327283,clien,직장인 해외 구매대행 부업 : 현실적 조언
,성공 경험담 패턴 없음,2474,부업 성공 후기,https://www.clien.net/service/board/use/16143089,clien,직장인 해외구매대행 부업 : 다마고치 키우기
,성공 경험담 패턴 없음,4148,부업 성공 후기,https://www.clien.net/service/board/park/16080366,clien,나의 여자친구 녀석 썰 후기.
,성공 경험담 패턴 없음,458,부업 성공 후기,https://www.clien.net/service/board/park/16029724,clien,역시나 쿠팡 쉴더 분들 많군요
,성공 경험담 패턴 없음,3457,부업 성공 후기,https://www.clien.net/service/board/cm_book/15872410,clien,<<90년생이 온다>> 이해하고 함께 잘 살기 - 임홍택
,성공 경험담 패턴 없음,5416,부업 성공 후기,https://www.clien.net/service/board/cm_golf/14933101,clien,쌩초보의 6개월간의 골프일기 및 깨백기. (스압/움짤있음)
,성공 경험담 패턴 없음,7481,부업 성공 후기,https://www.clien.net/service/board/use/14450735,clien,홍대에서 핫한 돈까스(카츠)집들 비교후기 적어봅니당
,본문 크롤링 실패,0,부업 성공 후기,https://www.clien.net/service/board/cm_havehome/12487772,clien,시댁과 친정의 '부동산을 보는 시각차'을 보며 여러 생각이 듭니다.
,성공 경험담 패턴 없음,1099,부업 성공 후기,https://www.clien.net/service/board/cm_baby/9673779,clien,저희신랑 혹시 답답한 타입인가요?
,성공 경험담 패턴 없음,1227,부업 월 100만원,https://www.clien.net/service/board/park/19031478,clien,되팔이 세금폭탄.jpg
,성공 경험담 패턴 없음,328,부업 월 100만원,https://www.clien.net/service/board/park/18902490,clien,연말정산은 지금도 왜 하는지 이해가 안가네요...
,성공 경험담 패턴 없음,2195,부업 월 100만원,https://www.clien.net/service/board/lecture/18890796,clien,2025년엔 네이버 블로그로 부수입 만들어 봅시다.
,성공 경험담 패턴 없음,81,부업 월 100만원,https://www.clien.net/service/board/park/18851305,clien,40대 중반 재산 현황...
,성공 경험담 패턴 없음,655,부업 월 100만원,https://www.clien.net/service/board/cm_stock/18755753,clien,다들 파이어 목표액은 얼마신가요? 그리고 그 다음은?
,성공 경험담 패턴 없음,471,부업 월 100만원,https://www.clien.net/service/board/park/18489440,clien,결혼때 부모님 도움없인 정말 힘든가봐요
,성공 경험담 패턴 없음,1317,부업 월 100만원,https://www.clien.net/service/board/park/18151888,clien,강사 일에 대한 고민 중입니다.
,성공 경험담 패턴 없음,280,부업 월 100만원,https://www.clien.net/service/board/kin/18137016,clien,아이폰은 이런 부업 앱 테크가 잘 없나요?
,성공 경험담 패턴 없음,714,부업 월 100만원,https://www.clien.net/service/board/park/17917371,clien,전기자전거 박살 났습니다..
,성공 경험담 패턴 없음,293,부업 월 100만원,https://www.clien.net/service/board/park/17631122,clien,향후 몆년간 고시원이 돈이될거 같습니다
,성공 경험담 패턴 없음,310,부업 월 100만원,https://www.clien.net/service/board/park/17407502,clien,택배로 년1억 번다고 해서 많이들 오더라구요.
,성공 경험담 패턴 없음,1055,부업 월 100만원,https://www.clien.net/service/board/park/17156969,clien,500만원으로 창업하기 .... 정확하게는
,성공 경험담 패턴 없음,154,부업 월 100만원,https://www.clien.net/service/board/park/16686523,clien,농사로 돈 벌기 진짜 어렵네요
,성공 경험담 패턴 없음,3425,부업 월 100만원,https://www.clien.net/service/board/park/15969799,clien,[ 국가 장학금 ] 반드시 개선되어야 하는 부분입니다.. 무시하면 망해요
,성공 경험담 패턴 없음,878,투잡 성공,https://www.clien.net/service/board/park/19178152,clien,부동산 장기보유특별공제 폐지한다고 하는데.....주식은요?
,성공 경험담 패턴 없음,210,투잡 성공,https://www.clien.net/service/board/park/19135619,clien,실거주 일주택은 투기가 될 수 없는 상태
,성공 경험담 패턴 없음,703,투잡 성공,https://www.clien.net/service/board/park/19135051,clien,[속보] 李대통령 “현대차 노조 절박함 이해…방법은 창업”
,성공 경험담 패턴 없음,760,투잡 성공,https://www.clien.net/service/board/park/19126293,clien,자영업 어렵다는 거 공감하기 어렵네요.
,성공 경험담 패턴 없음,355,투잡 성공,https://www.clien.net/service/board/park/19100223,clien,갠적인 우버와 무인택시 도입 예상
,성공 경험담 패턴 없음,981,투잡 성공,https://www.clien.net/service/board/park/19069475,clien,공부법 책을 출간했습니다.
,성공 경험담 패턴 없음,86,투잡 성공,https://www.clien.net/service/board/park/19047931,clien,전세계적 저출산에 대한 흥미로운 연구.....jpg
,성공 경험담 패턴 없음,4069,투잡 성공,https://www.clien.net/service/board/park/19022295,clien,이런 글을 썼더니 번역해주고 상담 및 위로까지 해주는 챗 gpt
,성공 경험담 패턴 없음,10945,투잡 성공,https://www.clien.net/service/board/park/18949478,clien,전세계적으로 극우와 파시즘이 준동하는 근본적인 원인
,성공 경험담 패턴 없음,677,투잡 성공,https://www.clien.net/service/board/cm_stock/18930887,clien,"엔비디아 (106달러, 시총 2.6T) 찬스네요."
,성공 경험담 패턴 없음,922,투잡 성공,https://www.clien.net/service/board/park/18920118,clien,친구한테 빌린 백만원 투잡해서 내일 다 갚네요.
,성공 경험담 패턴 없음,333,투잡 성공,https://www.clien.net/service/board/park/18903883,clien,오늘부터 다시 투잡으로 배민시작했습니다.
,성공 경험담 패턴 없음,1075,투잡 성공,https://www.clien.net/service/board/park/18850043,clien,"삼성전자 추격 뿌리친 TSMC, 비결은 24시간 3교대 '밤샘 부대'"
,성공 경험담 패턴 없음,867,투잡 성공,https://www.clien.net/service/board/park/18755121,clien,아껴서 부자되는것 아니다...
,성공 경험담 패턴 없음,3099,투잡 성공,https://www.clien.net/service/board/use/18712760,clien,[생존기] 10년 일한 회사 때려치고 1인 기업 개발자로 살아남기
,성공 경험담 패턴 없음,516,투잡 성공,https://www.clien.net/service/board/park/18711542,clien,민희진이 이렇게까지 하는 이유
,성공 경험담 패턴 없음,538,투잡 성공,https://www.clien.net/service/board/park/18522017,clien,"[단독] 한동훈 1호 영입 인사 박상수, 차명으로 로스쿨 입시학원 강사 활동"
,성공 경험담 패턴 없음,5967,투잡 성공,https://www.clien.net/service/board/use/18521495,clien,낮엔 노가다 밤엔 스윙댄스 사용기.txt
,성공 경험담 패턴 없음,1497,스마트스토어 후기,https://www.clien.net/service/board/use/19181313,clien,한경희 아쿠아젯 구강세정기 A/S 후기
,성공 경험담 패턴 없음,1586,스마트스토어 후기,https://www.clien.net/service/board/useful/19174477,clien,주도주 종가배팅 웹앱을 개발 하고 있습니다.
,성공 경험담 패턴 없음,646,스마트스토어 후기,https://www.clien.net/service/board/use/19170784,clien,QC45 4년 사용 후기
,성공 경험담 패턴 없음,2439,스마트스토어 후기,https://www.clien.net/service/board/use/19166809,clien,어메이즈핏 빕6 (Amazfit BIP6) 6개월 사용 후기
,성공 경험담 패턴 없음,6699,스마트스토어 후기,https://www.clien.net/service/board/news/19120921,clien,"삼성전자, CES 2026서 전시∙콘퍼런스 통합한 ‘더 퍼스트룩’ 행사 개최"
,성공 경험담 패턴 없음,647,스마트스토어 후기,https://www.clien.net/service/board/park/19113088,clien,쿠팡 영업정지되면 셀러 대응 시나리오
,성공 경험담 패턴 없음,292,스마트스토어 후기,https://www.clien.net/service/board/park/19110624,clien,쿠팡 그만 쓰고 싶은데... 너무 어렵네요.
,성공 경험담 패턴 없음,286,스마트스토어 후기,https://www.clien.net/service/board/kin/19103771,clien,고용량 스마트 플러그 추천 부탁해요
,성공 경험담 패턴 없음,4301,스마트스토어 후기,https://www.clien.net/service/board/use/19100382,clien,아이폰 16 프로맥스 1TB 충전 불가 현상 '무단개조' 판정으로 수리 불가 후기(2)
,성공 경험담 패턴 없음,1366,스마트스토어 후기,https://www.clien.net/service/board/cm_japanlive/19088789,clien,[자작앱 출시기념] JP語彙力 (안드로이드폰)
,성공 경험담 패턴 없음,4518,스마트스토어 후기,https://www.clien.net/service/board/lecture/19078820,clien,"Lenovo Smart Frame 와 immich 연동하기 (Windows, DOCKER, No FOTOO)"
,성공 경험담 패턴 없음,2158,스마트스토어 후기,https://www.clien.net/service/board/pds/19078808,clien,[최고의 한글 입력 속도를 원하는 사용자를 위한] 신개념 한글 키보드앱
,성공 경험담 패턴 없음,1045,스마트스토어 후기,https://www.clien.net/service/board/park/19044658,clien,갤럭시 Z폴드7 3주 후기.
,성공 경험담 패턴 없음,3673,스마트스토어 후기,https://www.clien.net/service/board/chehum/19044105,clien,카멜마운트 MPS1PH 초고중량 폴타입 모니터암으로 삼성오디세이G9 모니터 완벽 세팅하
,성공 경험담 패턴 없음,1299,스마트스토어 후기,https://www.clien.net/service/board/cm_iphonien/19035255,clien,[리딤코드나눔] EZ레코더 - 최적화된 프리셋 & 원터치 빠른녹음
,성공 경험담 패턴 없음,292,쿠팡파트너스 수익,https://www.clien.net/service/board/park/19119372,clien,배달앱은 땡겨요에 정착해야겠군요
,성공 경험담 패턴 없음,1052,쿠팡파트너스 수익,https://www.clien.net/service/board/park/19112381,clien,쿠X 파트너스 에서 이런 메일이 왔네요.
,성공 경험담 패턴 없음,482,쿠팡파트너스 수익,https://www.clien.net/service/board/park/19101063,clien,"김병기, 홈플러스 '유암코 채무조정·유통경영사 인수 추진'"
,성공 경험담 패턴 없음,3698,쿠팡파트너스 수익,https://www.clien.net/service/board/lecture/18898868,clien,[2025 블로그 수익화 강좌 03강] 머천트(광고주) 선택과 키워드 찾는 전략
,성공 경험담 패턴 없음,2144,쿠팡파트너스 수익,https://www.clien.net/service/board/lecture/18892028,clien,"[2025 블로그 수익화 강좌 02강] 블로그로 수익을 내는 쉬운 모델, CPS 활용법 (feat."
,성공 경험담 패턴 없음,674,쿠팡파트너스 수익,https://www.clien.net/service/board/park/18835442,clien,클릭도 안했는데 쿠팡 앱으로 넘어가는 분들 읽어보시길
,본문 크롤링 실패,0,쿠팡파트너스 수익,https://www.clien.net/service/board/park/18671815,clien,이미 늦었지만 운영자A 사과하시죠?
,성공 경험담 패턴 없음,196,쿠팡파트너스 수익,https://www.clien.net/service/board/park/18670588,clien,이와중에 죄송한데.. 조치사유가 틀린것같습니다.
,본문 크롤링 실패,0,쿠팡파트너스 수익,https://www.clien.net/service/board/park/18670467,clien,저기 운영자님 질문이 있는데요
,성공 경험담 패턴 없음,1022,쿠팡파트너스 수익,https://www.clien.net/service/board/park/18669654,clien,2시에 올라온 공지? 사과? 설명? ... 그냥 기존 내용 재배치?
,성공 경험담 패턴 없음,116,쿠팡파트너스 수익,https://www.clien.net/service/board/park/18669340,clien,근데 소송 부담스러워 하시지 않았던가요?
,성공 경험담 패턴 없음,200,쿠팡파트너스 수익,https://www.clien.net/service/board/park/18669325,clien,알구게 바이럴들 잡으면 링크프라이스 쿠팡파트너스 수익이 줄어든다.txt
,성공 경험담 패턴 없음,1861,쿠팡파트너스 수익,https://www.clien.net/service/board/park/18669152,clien,[클리앙] 현재 상황에 대한 추가 설명과 이후 대응 방향에 대해 안내 말씀 드립니다.
,성공 경험담 패턴 없음,93,쿠팡파트너스 수익,https://www.clien.net/service/board/park/18140790,clien,알구게 댓글 중에 쿠팡파트너스 링크 올리시는 분이…
,성공 경험담 패턴 없음,648,쿠팡파트너스 수익,https://www.clien.net/service/board/cm_stock/17828036,clien,마켓컬리 상장 보류네요
,성공 경험담 패턴 없음,520,블로그 부업 수익,https://www.clien.net/service/board/park/18927845,clien,"티스토리, 워드프레스, 블로그 운영하시는 분 있나요?"
,질문 글,799,블로그 부업 수익,https://www.clien.net/service/board/kin/18905964,clien,"일기, 일상잡담식의 블로그도 수익화가 가능한가요?"
,성공 경험담 패턴 없음,212,블로그 부업 수익,https://www.clien.net/service/board/kin/18678862,clien,클리앙 운영자는 사이트 운영이 부업? 취미? 인가요?
,성공 경험담 패턴 없음,1735,블로그 부업 수익,https://www.clien.net/service/board/park/18008847,clien,유튜브 시장을 오래 지켜 보면서 느낀 점들.
,성공 경험담 패턴 없음,196,블로그 부업 수익,https://www.clien.net/service/board/park/16474506,clien,목록통관 물품의 중고거래에 대해서는 관세청은 이전부터 '허용'이었습니다
,광고 의심,683,블로그 부업 수익,https://www.clien.net/service/board/kin/16439581,clien,블러그 게시물 해달라고 거의 매일 옵니다.
,성공 경험담 패턴 없음,103,블로그 부업 수익,https://www.clien.net/service/board/park/16078324,clien,요즘은 1인 개발자가 별로 없나요?
,성공 경험담 패턴 없음,9848,블로그 부업 수익,https://www.clien.net/service/board/sold/15936261,clien,[서울 신림동 풀옵션 왕테라스 빌라매매]이보다 더한 노을맛집은 없습니다.
,성공 경험담 패턴 없음,204,블로그 부업 수익,https://www.clien.net/service/board/park/15884519,clien,회사 안가고 먹고 사는게 꿈인데
,성공 경험담 패턴 없음,267,블로그 부업 수익,https://www.clien.net/service/board/park/15578894,clien,쿠팡 파트너스 이거 아시나요?
,성공 경험담 패턴 없음,6702,유튜브 수익화 후기,https://www.clien.net/service/board/use/19102619,clien,5개월 너튜브 구독자 2만명 달성 후 망한 사용기
,본문 크롤링 실패,0,유튜브 수익화 후기,https://www.clien.net/service/board/park/18530087,clien,성공포르노업계의 사망여우
,성공 경험담 패턴 없음,6192,유튜브 수익화 후기,https://www.clien.net/service/board/cm_stock/18518113,clien,[매매스킬] 투자에도 스타일이 있다?
,성공 경험담 패턴 없음,4261,유튜브 수익화 후기,https://www.clien.net/service/board/use/17110722,clien,[2부] 맛집 탐방 유튜브 6개월 구독자 100명 달성 후기
,성공 경험담 패턴 없음,852,유튜브 수익화 후기,https://www.clien.net/service/board/cm_vcoin/17018778,clien,"STEPN, 아이폰이 확실히 채산성이 떨어져서 바꿨습니다"
,본문 크롤링 실패,0,유튜브 수익화 후기,https://www.clien.net/service/board/park/15292044,clien,[후방] 페인트를 칠하는.....
,성공 경험담 패턴 없음,2380,유튜브 수익화 후기,https://www.clien.net/service/board/cm_onair/12794329,clien,일본에서 유튜브 1년 후기
,성공 경험담 패턴 없음,7801,부업 성공 후기,https://www.ppomppu.co.kr/zboard/view.php?id=humor&no=610617,ppomppu,4월 2주차 베스트모음0
,성공 경험담 패턴 없음,2035,부업 성공 후기,https://www.ppomppu.co.kr/zboard/view.php?id=camping&no=279040,ppomppu,아홉 번째 캠핑을 다녀왔습니다. 세종 블루문캠핑장21
,성공 경험담 패턴 없음,754,부업 성공 후기,https://www.ppomppu.co.kr/zboard/view.php?id=freeboard&no=7669456,ppomppu,힘든 월요일 잘 버텼네요0
,성공 경험담 패턴 없음,3744,부업 성공 후기,https://www.ppomppu.co.kr/zboard/view.php?id=soho&no=24209,ppomppu,직장인 해외구매대행부업1년후기2
,성공 경험담 패턴 없음,5506,부업 성공 후기,https://www.ppomppu.co.kr/zboard/view.php?id=china&no=7010,ppomppu,중국 구매대행 사업자들을 위한 팁 모음집 [해외구매대행사업]8
,성공 경험담 패턴 없음,11201,부업 성공 후기,https://www.ppomppu.co.kr/zboard/view.php?id=freeboard&no=6015472,ppomppu,무조건 입사 피해야하는 중소기업들 특징14
,성공 경험담 패턴 없음,1099,부업 성공 후기,https://www.ppomppu.co.kr/zboard/view.php?id=money&no=202118,ppomppu,OK 저축은행 적금 가입후기2
,성공 경험담 패턴 없음,714,부업 성공 후기,https://www.ppomppu.co.kr/zboard/view.php?id=money&no=116801,ppomppu,돈받아 드립니다 이용후기8
,성공 경험담 패턴 없음,7878,부업 성공 후기,https://www.ppomppu.co.kr/zboard/view.php?id=regulation&page=1&divpage=1&no=49,ppomppu,개인정보처리방침
,성공 경험담 패턴 없음,1249,부업 성공 후기,https://www.ppomppu.co.kr/zboard/view.php?id=regulation&page=2&divpage=1&no=5,ppomppu,청소년보호정책
,성공 경험담 패턴 없음,2010,부업 성공 후기,https://www.ppomppu.co.kr/zboard/view.php?id=regulation&page=2&divpage=1&no=19,ppomppu,불법촬영물등 신고
,성공 경험담 패턴 없음,2958,부업 성공 후기,https://www.ppomppu.co.kr/zboard/view.php?id=faq&no=17,ppomppu,광고/제휴
,성공 경험담 패턴 없음,315,부업 월 100만원,https://www.ppomppu.co.kr/zboard/view.php?id=whatever&no=26982,ppomppu,부업알아보시는 분들(애드센스)51
,성공 경험담 패턴 없음,140,부업 월 100만원,https://www.ppomppu.co.kr/zboard/view.php?id=freeboard&no=9834321,ppomppu,수상판 쿠팡부업강의팔이들0
,성공 경험담 패턴 없음,2720,부업 월 100만원,https://www.ppomppu.co.kr/zboard/view.php?id=freeboard&no=9413465,ppomppu,이재명 후보의 일부 업적.txt(펌)2
,성공 경험담 패턴 없음,1348,부업 월 100만원,https://www.ppomppu.co.kr/zboard/view.php?id=problem&no=213123,ppomppu,40대 후반. 아직도 자리 못잡아서 헤맵니다.(장문 주의)45
,성공 경험담 패턴 없음,366,부업 월 100만원,https://www.ppomppu.co.kr/zboard/view.php?id=freeboard&no=9262879,ppomppu,현재) 난리난 금값.. 직구족 유행 ㄷ..jpg1
,성공 경험담 패턴 없음,775,부업 월 100만원,https://www.ppomppu.co.kr/zboard/view.php?id=money&no=520981,ppomppu,금감원 등록 대부업체도 돈 빌리는 것이 위험할까요?23
,성공 경험담 패턴 없음,835,부업 월 100만원,https://www.ppomppu.co.kr/zboard/view.php?id=freeboard&no=9233916,ppomppu,군사 비밀 유출 군 간부 집행유예1
,성공 경험담 패턴 없음,1318,부업 월 100만원,https://www.ppomppu.co.kr/zboard/view.php?id=bitcoin&no=183987,ppomppu,군인들에 '암구호' 담보로 최대 3만% 이자 갈취…대부업체 대표 징역 2년4개월2
,성공 경험담 패턴 없음,439,부업 월 100만원,https://www.ppomppu.co.kr/zboard/view.php?id=soho&no=28039,ppomppu,제가 너무 빡대가리라 계산이안되네요ㅜ 도움좀 요청드려도될까요?2
,성공 경험담 패턴 없음,839,부업 월 100만원,https://www.ppomppu.co.kr/zboard/view.php?id=house&no=231983,ppomppu,처음으로 집을 사려합니다. 조언부탁드립니다..!7
,성공 경험담 패턴 없음,3165,투잡 성공,https://www.ppomppu.co.kr/zboard/view.php?id=fortune&no=15806,ppomppu,[오늘의 운세] 띠별 운세-1월 1일2
,성공 경험담 패턴 없음,1573,투잡 성공,https://www.ppomppu.co.kr/zboard/view.php?id=house&no=242079,ppomppu,30대 영끌이 되는 과정39
,성공 경험담 패턴 없음,3163,투잡 성공,https://www.ppomppu.co.kr/zboard/view.php?id=fortune&no=15302,ppomppu,[오늘의 운세] 띠별 운세-7월 5일0
,성공 경험담 패턴 없음,3163,투잡 성공,https://www.ppomppu.co.kr/zboard/view.php?id=fortune&no=15300,ppomppu,[오늘의 운세] 띠별 운세-7월 5일0
,성공 경험담 패턴 없음,458,투잡 성공,https://www.ppomppu.co.kr/zboard/view.php?id=freeboard&no=9422550,ppomppu,선물 옵션을 하는 친구를 오랜만에 만났는데4
,성공 경험담 패턴 없음,3164,투잡 성공,https://www.ppomppu.co.kr/zboard/view.php?id=fortune&no=15126,ppomppu,[오늘의 운세] 띠별 운세-5월 6일0
,성공 경험담 패턴 없음,3163,투잡 성공,https://www.ppomppu.co.kr/zboard/view.php?id=fortune&no=14943,ppomppu,[오늘의 운세] 띠별 운세-3월 7일0
,성공 경험담 패턴 없음,919,투잡 성공,https://www.ppomppu.co.kr/zboard/view.php?id=problem&no=209836,ppomppu,고정비가 너무 많아 삶이 팍팍하네요.58
,성공 경험담 패턴 없음,3243,투잡 성공,https://www.ppomppu.co.kr/zboard/view.php?id=fortune&no=14756,ppomppu,[오늘의 운세] 띠별 운세-1월 6일0
,성공 경험담 패턴 없음,3243,투잡 성공,https://www.ppomppu.co.kr/zboard/view.php?id=fortune&no=14580,ppomppu,[오늘의 운세] 띠별 운세-11월 7일0
,성공 경험담 패턴 없음,280,투잡 성공,https://www.ppomppu.co.kr/zboard/view.php?id=freeboard&no=8972751,ppomppu,투잡으로 뭘 할수있을까 항상 고민해야 됨14
,성공 경험담 패턴 없음,110,투잡 성공,https://www.ppomppu.co.kr/zboard/view.php?id=stock&no=273865,ppomppu,하루 딱 5만원만 벌자 하고 그거 실행에 옮겨서성공하시는분들 계시나요?54
,성공 경험담 패턴 없음,3219,투잡 성공,https://www.ppomppu.co.kr/zboard/view.php?id=fortune&no=14357,ppomppu,2024년 7월 10일 오늘의 띠별 운세는?0
,성공 경험담 패턴 없음,760,투잡 성공,https://www.ppomppu.co.kr/zboard/view.php?id=problem&no=193866,ppomppu,노후자금 월 700이면 넉넉한가요?53
,성공 경험담 패턴 없음,3218,투잡 성공,https://www.ppomppu.co.kr/zboard/view.php?id=fortune&no=14302,ppomppu,2024년 5월 11일 오늘의 띠별 운세는?0
,성공 경험담 패턴 없음,3218,투잡 성공,https://www.ppomppu.co.kr/zboard/view.php?id=fortune&no=14243,ppomppu,2024년 3월 12일 오늘의 띠별 운세는?0
,성공 경험담 패턴 없음,896,투잡 성공,https://www.ppomppu.co.kr/zboard/view.php?id=whatever&no=23814,ppomppu,인생 막장 어그로 영업 사원 두명에게 감사합니다.2
,성공 경험담 패턴 없음,3210,투잡 성공,https://www.ppomppu.co.kr/zboard/view.php?id=fortune&no=14190,ppomppu,2024년 1월12일 오늘의 띠별 운세는?0
,성공 경험담 패턴 없음,3247,투잡 성공,https://www.ppomppu.co.kr/zboard/view.php?id=fortune&no=14132,ppomppu,2023년 11월 13일 오늘의 띠별 운세는?0
,본문 크롤링 실패,0,스마트스토어 후기,https://www.ppomppu.co.kr/zboard/view.php?id=event2&no=106243,ppomppu,[네이버]핫딜 스킨케어 1만원 초 득템 이벤트0
,성공 경험담 패턴 없음,3503,스마트스토어 후기,https://www.ppomppu.co.kr/zboard/view.php?id=review2&no=68316,ppomppu,와이파이 공유기 추천네티스 netis MEX605 성능속도후기정리0
,성공 경험담 패턴 없음,469,스마트스토어 후기,https://www.ppomppu.co.kr/zboard/view.php?id=ppomppu&no=685656,ppomppu,"[네이버] A3 자동급지 HP 9730 레이2 무한잉크 복합기 / 리뷰 4.95 (420,000원/무료)20"
,성공 경험담 패턴 없음,1169,스마트스토어 후기,https://www.ppomppu.co.kr/zboard/view.php?id=ppomppu&no=680970,ppomppu,"[네이버] 스마트 도어락 아카라 L100 (348,400/무료)21"
,성공 경험담 패턴 없음,161,스마트스토어 후기,https://www.ppomppu.co.kr/zboard/view.php?id=ppomppu&no=674050,ppomppu,"[스마트스토어] 신제품 상남자라면 16개입 [22,900원 / 무료배송]24"
,성공 경험담 패턴 없음,255,스마트스토어 후기,https://www.ppomppu.co.kr/zboard/view.php?id=soho&no=28855,ppomppu,스마트스토어개설 후 일정기간동안은 top3안에 못들어가나요?2
,성공 경험담 패턴 없음,2706,스마트스토어 후기,https://www.ppomppu.co.kr/zboard/view.php?id=mobile_game&no=44050,ppomppu,"이디야에서 만나는 붕괴: 스타레일, 추천 메뉴와 굿즈 고르기 팁 정리0"
,성공 경험담 패턴 없음,84,스마트스토어 후기,https://www.ppomppu.co.kr/zboard/view.php?id=freeboard&no=9598821,ppomppu,국내 상품도 알리가 더 싼 경우도 꽤 있네요2
,성공 경험담 패턴 없음,3804,스마트스토어 후기,https://www.ppomppu.co.kr/zboard/view.php?id=review2&no=67591,ppomppu,카멜마운트 MPS1PH 초고중량 폴타입 모니터암으로 삼성오디세이G9 모니터 완벽 세팅하기0
,성공 경험담 패턴 없음,594,스마트스토어 후기,https://www.ppomppu.co.kr/zboard/view.php?id=ppomppu&no=642576,ppomppu,"[이디야멤버스] 붕괴: 스타레일 x 이디야커피 콜라보 한정판 굿즈 (39,800/3,000)0"
,성공 경험담 패턴 없음,2366,스마트스토어 후기,https://www.ppomppu.co.kr/zboard/view.php?id=experience&no=10561,ppomppu,[체험단 모집] 슈퍼푸드로 만든 강아지 습식사료 허그플러스 체험단 모집  (40명한정)0
,성공 경험담 패턴 없음,244,스마트스토어 후기,https://www.ppomppu.co.kr/zboard/view.php?id=receive&no=68100,ppomppu,나잘후레쉬 코세척기 반값 구매후기(쿠폰정보 공유)1
,성공 경험담 패턴 없음,823,스마트스토어 후기,https://www.ppomppu.co.kr/zboard/view.php?id=ppomppu&no=607678,ppomppu,"[네이버] 쫀득쿠키 (대만 설화병) +추가 젤리 500g 증정 (4,000원/3000원)10"
,성공 경험담 패턴 없음,659,스마트스토어 후기,https://www.ppomppu.co.kr/zboard/view.php?id=coffee&no=21398,ppomppu,드롱기 마그니피카S 실리콘 오링 교체10
,성공 경험담 패턴 없음,626,스마트스토어 후기,https://www.ppomppu.co.kr/zboard/view.php?id=experience&no=10485,ppomppu,깨칠이 스튜디오 블로그체험단 모집0
,성공 경험담 패턴 없음,247,스마트스토어 후기,https://www.ppomppu.co.kr/zboard/view.php?id=ppomppu&no=590492,ppomppu,"[스마트스토어] 예찬원 동결건조 블럭국 미역국 5개입 (6,900원/2만1천원 이상 구매 시 무배)3"
,성공 경험담 패턴 없음,2068,스마트스토어 후기,https://www.ppomppu.co.kr/zboard/view.php?id=review2&no=66731,ppomppu,제우스 X770 미니 빔프로젝터 사용후기0
,성공 경험담 패턴 없음,1996,스마트스토어 후기,https://www.ppomppu.co.kr/zboard/view.php?id=review2&no=66667,ppomppu,아이폰16 맥세이프케이스 할로락 케이스 사용후기1
,성공 경험담 패턴 없음,414,스마트스토어 후기,https://www.ppomppu.co.kr/zboard/view.php?id=event2&no=97198,ppomppu,[모빌코리아] 모빌원 50주년 기념 EVENT0
,성공 경험담 패턴 없음,336,쿠팡파트너스 수익,https://www.ppomppu.co.kr/zboard/view.php?id=house&no=250646,ppomppu,조국의 방배동 재건축아파트는 언제 완공되나요?9
,성공 경험담 패턴 없음,730,쿠팡파트너스 수익,https://www.ppomppu.co.kr/zboard/view.php?id=freeboard&no=9764182,ppomppu,쿠팡파트너스사용도 안하는데 이상한 메일이 와 있네요;1
,성공 경험담 패턴 없음,1058,쿠팡파트너스 수익,https://www.ppomppu.co.kr/zboard/view.php?id=soho&no=28911,ppomppu,쿠팡 오류메일 식겁했네요.1
,성공 경험담 패턴 없음,313,쿠팡파트너스 수익,https://www.ppomppu.co.kr/zboard/view.php?id=freeboard&no=9606964,ppomppu,뽐게에서 지금수익링크가 만연한 이유 꼭 아셨으면..이건 기만입니다.0
,성공 경험담 패턴 없음,497,쿠팡파트너스 수익,https://www.ppomppu.co.kr/zboard/view.php?id=event2&no=103430,ppomppu,자동폭파된 게시물입니다.0
,성공 경험담 패턴 없음,81,쿠팡파트너스 수익,https://www.ppomppu.co.kr/zboard/view.php?id=freeboard&no=9582849,ppomppu,뽐뿌 게시판에 네이버 쇼핑커넥트 올리는분이 많네요4
,광고 의심,946,쿠팡파트너스 수익,https://www.ppomppu.co.kr/zboard/view.php?id=ppomapp&no=9886,ppomppu,[1인 개발자의 도전] 진짜 특가만 알려주는 쿠팡 모니터링 채널1
,성공 경험담 패턴 없음,446,쿠팡파트너스 수익,https://www.ppomppu.co.kr/zboard/view.php?id=soho&no=26680,ppomppu,진입턱이 낮은 사업은 안된다고 보시면 됨19
,본문 크롤링 실패,0,쿠팡파트너스 수익,https://www.ppomppu.co.kr/zboard/view.php?id=help&no=1356023,ppomppu,쿠팡파트너스링크타고 구매할때 모바일은 적용안되나요?1
,광고 의심,3696,쿠팡파트너스 수익,https://www.ppomppu.co.kr/zboard/view.php?id=ppomapp&no=9078,ppomppu,탑존포인트로 애들 학원비 벌고있습니다.0
,본문 크롤링 실패,0,쿠팡파트너스 수익,https://www.ppomppu.co.kr/zboard/view.php?id=freeboard&no=7355762,ppomppu,쿠팡파트너스하시는 분 계신가요??5
,성공 경험담 패턴 없음,179,쿠팡파트너스 수익,https://www.ppomppu.co.kr/zboard/view.php?id=freeboard&no=7115755,ppomppu,안드로이드 태블릿 포럼에쿠팡파트너스올리는놈 신고했네요0
,질문 글,799,블로그 부업 수익,https://www.ppomppu.co.kr/zboard/view.php?id=freeboard&no=9221289,ppomppu,"일기, 일상잡담식의블로그도수익화가 가능한가요?7"
,성공 경험담 패턴 없음,364,블로그 부업 수익,https://www.ppomppu.co.kr/zboard/view.php?id=experience&no=10424,ppomppu,[기자단 모집] 파트너식스 제휴마케팅(CPA 등) 업체 홍보 기자단 모집0
,성공 경험담 패턴 없음,370,블로그 부업 수익,https://www.ppomppu.co.kr/zboard/view.php?id=experience&no=10400,ppomppu,[기자단 모집] 파트너식스 업체 홍보 제휴마케팅(CPA 등) 기자단 모집!!0
,성공 경험담 패턴 없음,362,블로그 부업 수익,https://www.ppomppu.co.kr/zboard/view.php?id=experience&no=10393,ppomppu,[기자단 모집] 파트너식스 제휴마케팅(CPA 등) 업체 홍보 기자단 모집0
,성공 경험담 패턴 없음,362,블로그 부업 수익,https://www.ppomppu.co.kr/zboard/view.php?id=experience&no=10373,ppomppu,파트너식스 제휴마케팅(CPA 등) 업체 홍보 기자단 모집0
,성공 경험담 패턴 없음,362,블로그 부업 수익,https://www.ppomppu.co.kr/zboard/view.php?id=event2&no=96292,ppomppu,[기자단 모집] 파트너식스 제휴마케팅(CPA 등) 업체 홍보 기자단 모집0
,성공 경험담 패턴 없음,362,블로그 부업 수익,https://www.ppomppu.co.kr/zboard/view.php?id=experience&no=10360,ppomppu,[기자단 모집] 파트너식스 제휴마케팅(CPA 등) 업체 홍보 기자단 모집0
,성공 경험담 패턴 없음,160,블로그 부업 수익,https://www.ppomppu.co.kr/zboard/view.php?id=freeboard&no=8307333,ppomppu,부업하고 싶은데 멀 해야되나 고민입니다.4
,성공 경험담 패턴 없음,517,블로그 부업 수익,https://www.ppomppu.co.kr/zboard/view.php?id=whatever&no=21505,ppomppu,공고 출신 기술직 연봉 변천사5
,성공 경험담 패턴 없음,5089,블로그 부업 수익,https://www.ppomppu.co.kr/zboard/view.php?id=money&no=431695,ppomppu,저축은행에 대한 글입니다.12
,광고 의심,6553,블로그 부업 수익,https://www.ppomppu.co.kr/zboard/view.php?id=wedding&no=24475,ppomppu,스드메 견적 뽑기 전 알아야 하는 배경지식 및 개념잡기 (feat. 스드메견적표는 필수)9
,성공 경험담 패턴 없음,142,블로그 부업 수익,https://www.ppomppu.co.kr/zboard/view.php?id=nas&no=42693,ppomppu,시놀로지 워드프레스3
,성공 경험담 패턴 없음,134,블로그 부업 수익,https://www.ppomppu.co.kr/zboard/view.php?id=whatever&no=17714,ppomppu,현부업으로 네이버블로그운영하는 파워블로거입니다.97
,성공 경험담 패턴 없음,1323,투잡 후기,https://www.clien.net/service/board/use/19041480,clien,40대 후반에 시작하는 일본어 공부. 구* 후기
,성공 경험담 패턴 없음,182,투잡 후기,https://www.clien.net/service/board/park/18981710,clien,월급 50% 삭감 후기
,성공 경험담 패턴 없음,106,투잡 후기,https://www.clien.net/service/board/park/18964407,clien,맥도날드 해피워크 아슬하게 신청했네요
,성공 경험담 패턴 없음,439,투잡 후기,https://www.clien.net/service/board/park/18251974,clien,"50대, 내일 면접 봅니다."
,본문 크롤링 실패,0,투잡 후기,https://www.clien.net/service/board/park/18129644,clien,어제 실수령 월 1000버는 후기를 쓰려했는데....
,성공 경험담 패턴 없음,935,투잡 후기,https://www.clien.net/service/board/park/18126392,clien,투잡하는 직원 때문에 고민입니다 ㅠ
,성공 경험담 패턴 없음,352,투잡 후기,https://www.clien.net/service/board/park/18057344,clien,오늘부터 쿠팡 일용직 알바 시작합니다..
,성공 경험담 패턴 없음,953,투잡 후기,https://www.clien.net/service/board/lecture/18031272,clien,[인증]전자책 출판해서 용돈 번 팁
,성공 경험담 패턴 없음,4518,투잡 후기,https://www.clien.net/service/board/use/17987674,clien,(인테리어 이야기 -1) (초)소형 평수 아파트 매수기.txt
,성공 경험담 패턴 없음,2001,투잡 후기,https://www.clien.net/service/board/lecture/17956815,clien,미국산 소고기 구매할떄의 팁
,성공 경험담 패턴 없음,729,투잡 후기,https://www.clien.net/service/board/park/17877706,clien,쿠팡물류 알바 하다보니 플렉스 알바가 눈에 보입니다....
,성공 경험담 패턴 없음,465,투잡 후기,https://www.clien.net/service/board/park/17623145,clien,다중이용시설 좀도둑후기
,성공 경험담 패턴 없음,333,투잡 후기,https://www.clien.net/service/board/park/17568293,clien,도보배달 알바중입니다 12일째
,성공 경험담 패턴 없음,338,투잡 후기,https://www.clien.net/service/board/park/17495224,clien,와이프 몰래 틔운미니 당근 거래 후기..
,성공 경험담 패턴 없음,254,투잡 후기,https://www.clien.net/service/board/park/17415877,clien,쿠팡 플렉스 택배 배송 알바 후기
,성공 경험담 패턴 없음,231,투잡 후기,https://www.clien.net/service/board/park/17238017,clien,오늘 쿠팡이츠 후기
,성공 경험담 패턴 없음,892,투잡 후기,https://www.clien.net/service/board/use/17211951,clien,도어락의 성지라 알려진 대흥금속철물 방문기
,성공 경험담 패턴 없음,499,직장인 부업 인증,https://www.clien.net/service/board/park/19082112,clien,온라인 쇼핑몰 같은 제품 '해외직구' 와 '오늘 발송'
,성공 경험담 패턴 없음,529,직장인 부업 인증,https://www.clien.net/service/board/park/19054778,clien,직구 제품임을 알리지 않고 판매하는 오픈마켓
,성공 경험담 패턴 없음,600,직장인 부업 인증,https://www.clien.net/service/board/kin/18881798,clien,테무 쇼핑을하며 알게된 사실
,성공 경험담 패턴 없음,1172,직장인 부업 인증,https://www.clien.net/service/board/use/18765420,clien,평범한 월급쟁이의 공유오피스 창업기 (1)
,성공 경험담 패턴 없음,1440,직장인 부업 인증,https://www.clien.net/service/board/park/16403409,clien,현직 계란 유통업자 입니다
,성공 경험담 패턴 없음,740,직장인 부업 인증,https://www.clien.net/service/board/cm_stock/16056254,clien,퇴사할까 계속 생각중입니다.
,본문 크롤링 실패,0,직장인 부업 인증,https://www.clien.net/service/board/park/15346212,clien,결국 선별지금으로 결정했군요.
,성공 경험담 패턴 없음,2007,직장인 부업 인증,https://www.clien.net/service/board/use/15228715,clien,전기자전거로 배민 커넥터 되기까지
,성공 경험담 패턴 없음,174,직장인 부업 인증,https://www.clien.net/service/board/park/13963702,clien,클리앙 눈팅중인 아주경제의 홍성환은 보시오.jpg
,성공 경험담 패턴 없음,1010,직장인 부업 인증,https://www.clien.net/service/board/cm_lego/12203428,clien,처음 구매해보는 브릭링크 근황-2개 셀러 물품 일단 한국 도착.
,성공 경험담 패턴 없음,142,직장인 부업 인증,https://www.clien.net/service/board/park/3201167,clien,연봉 2760인 사람이 그랜저 HG몰고다닐수 있을려나요?
,성공 경험담 패턴 없음,748,직장인 부업 인증,https://www.clien.net/service/board/news/1758874,clien,"개발자 경제학 2011: 개발자들 67% 안드로이드 사용, 59% iOS 사용"
,성공 경험담 패턴 없음,1472,재택 부업 수익,https://www.clien.net/service/board/park/19119064,clien,아는 형님이 이거 할려고 하는 것 같아서..막았네요.
,성공 경험담 패턴 없음,346,재택 부업 수익,https://www.clien.net/service/board/kin/18439931,clien,"인스타에서 자산관리사 라면서 호텔 사진, 명품 사진 올리는 사람들은 뭘까요?"
,성공 경험담 패턴 없음,286,재택 부업 수익,https://www.clien.net/service/board/cm_japanlive/18363112,clien,정사원이시면서 부업하시는 분들 계시나요?
,성공 경험담 패턴 없음,247,재택 부업 수익,https://www.clien.net/service/board/cm_japanlive/17338994,clien,부업에대해서
,본문 크롤링 실패,0,재택 부업 수익,https://www.clien.net/service/board/park/14994815,clien,월급 260만원 종신 정규직.jpg
,성공 경험담 패턴 없음,375,재택 부업 수익,https://www.clien.net/service/board/kin/11953033,clien,부업?! 재택알바?! 광고알바?! 잘 이해가 안되서요.
,성공 경험담 패턴 없음,616,재택 부업 수익,https://www.clien.net/service/board/park/767189,clien,친구가 다단계 업체 같은곳에 가입하게 된것 같은데 뭐라 설명해 줘야 하나요?
,성공 경험담 패턴 없음,6562,부업 1년 후기,https://www.clien.net/service/board/use/19074210,clien,LG 울트라파인 EVO - 32인치 6K 모니터 LG32U990AS 리뷰
,성공 경험담 패턴 없음,983,부업 1년 후기,https://www.clien.net/service/board/park/18189982,clien,주말 당근거래 후기
,성공 경험담 패턴 없음,3438,부업 1년 후기,https://www.clien.net/service/board/lecture/17942740,clien,영화 기생충에 나온 의자 만들기
,성공 경험담 패턴 없음,1319,부업 1년 후기,https://www.clien.net/service/board/use/15944014,clien,배민커넥트 한달 후기입니다. (수정)
,성공 경험담 패턴 없음,953,부업 1년 후기,https://www.clien.net/service/board/news/14708284,clien,"차비까지 얹어준다…갤S10, 어쩌다 '공짜폰' 됐나"
,성공 경험담 패턴 없음,2129,부업 1년 후기,https://www.clien.net/service/board/park/13277370,clien,그냥 아픈 줄 알았는데 임신한 것 같습니다 하아아..............
,성공 경험담 패턴 없음,737,퇴사 후 부업,https://www.clien.net/service/board/park/19114360,clien,40대는 버티는 기간 인가요?
,성공 경험담 패턴 없음,1541,퇴사 후 부업,https://www.clien.net/service/board/use/19103416,clien,하루 렌트비 $1 캠핑카 사용기 (Feat. Imoova.com)
,성공 경험담 패턴 없음,959,퇴사 후 부업,https://www.clien.net/service/board/park/19038511,clien,저에게도 퇴사 시그널이 찾아온것 같습니다
,성공 경험담 패턴 없음,696,퇴사 후 부업,https://www.clien.net/service/board/park/18809410,clien,'배민 꼭 망하게 해주세요'…폐업 자영업자의 절규.gisa
,성공 경험담 패턴 없음,2321,퇴사 후 부업,https://www.clien.net/service/board/park/17855990,clien,물흐리는 사람 한명 때문에 회사생활에 회의가 드네요
,본문 크롤링 실패,0,퇴사 후 부업,https://www.clien.net/service/board/park/17813618,clien,좋은 회사인데 이직하고 싶어요
,본문 크롤링 실패,0,퇴사 후 부업,https://www.clien.net/service/board/park/17725183,clien,아내의 잦은 야근 (펑)
,성공 경험담 패턴 없음,2292,퇴사 후 부업,https://www.clien.net/service/board/park/17599049,clien,제 아지트가 생겼습니다!! (feat. 아내에게 감사를..)
,성공 경험담 패턴 없음,584,퇴사 후 부업,https://www.clien.net/service/board/park/17594090,clien,직장생활도 이제 염증이 느껴지네요.
,성공 경험담 패턴 없음,211,퇴사 후 부업,https://www.clien.net/service/board/park/17092614,clien,회사를 10년정도 다니니 뭘 해야하나 싶습니다.. 🤦🏻‍♂️
,본문 크롤링 실패,0,퇴사 후 부업,https://www.clien.net/service/board/park/16767338,clien,3억자산 9급공무원 vs 삼성전자 취업
,성공 경험담 패턴 없음,401,퇴사 후 부업,https://www.clien.net/service/board/park/16711070,clien,번아웃 극복 방법 노하우가 있으신가요....
,성공 경험담 패턴 없음,1187,퇴사 후 부업,https://www.clien.net/service/board/park/16652579,clien,40대 재취업에 성공할 것 같습니다.
,성공 경험담 패턴 없음,550,퇴사 후 부업,https://www.clien.net/service/board/park/16384405,clien,아버지께서 저보고 회사 그만 두고 쉬랍니다.
,성공 경험담 패턴 없음,303,온라인 부업 후기,https://www.clien.net/service/board/park/19080953,clien,영국의 마당 딸린 2층 집 매매 가격이 2억이네요..
,성공 경험담 패턴 없음,886,온라인 부업 후기,https://www.clien.net/service/board/park/19053710,clien,ㅂㅈㅎ 근황.jpg
,성공 경험담 패턴 없음,4150,온라인 부업 후기,https://www.clien.net/service/board/lecture/16132216,clien,"출시 두달에 전체8위, 오늘의 앱 선정, 어플 부업 개발기😚"
,성공 경험담 패턴 없음,1201,온라인 부업 후기,https://www.clien.net/service/board/use/15483729,clien,나중을 위해서 쇼핑몰 만들어본 후기
,성공 경험담 패턴 없음,3255,온라인 부업 후기,https://www.clien.net/service/board/cm_baby/13740299,clien,가정 살림에 약간 도움이 되는 팁하나 드립니다 ㅋ
,성공 경험담 패턴 없음,3166,온라인 부업 후기,https://www.clien.net/service/board/use/5049840,clien,60만원으로 피파온라인3 컴퓨터 조립하기 (열 콘솔 안부럽다)
,성공 경험담 패턴 없음,1033,온라인 부업 후기,https://www.clien.net/service/board/use/4752863,clien,번호이동으로 좋은조건 스마트폰 갈아타기 위해 다른 통신사 신규가입해놨어요~~
,성공 경험담 패턴 없음,3990,월 200만원 부업,https://www.clien.net/service/board/park/19148295,clien,"연 2400만 이하(전체의 35%) (쉬었음, 몇달 일하고 쉼 등) 분석 (GPT-5.2 프로)"
,성공 경험담 패턴 없음,95,월 200만원 부업,https://www.clien.net/service/board/park/18140469,clien,대한민국 빵값은 제대로 미 ㅊ..
,성공 경험담 패턴 없음,98,월 200만원 부업,https://www.clien.net/service/board/park/16799778,clien,오전만일하고 월급 200만원 vs 풀타임 350만원
,성공 경험담 패턴 없음,139,월 200만원 부업,https://www.clien.net/service/board/park/16133148,clien,이 나이에 이제야 겨우 세후 200이네요
,본문 크롤링 실패,0,월 200만원 부업,https://www.clien.net/service/board/park/15199711,clien,월 200직장인 vs 월 700직장인 jpg
,성공 경험담 패턴 없음,1424,월 200만원 부업,https://www.clien.net/service/board/park/15140227,clien,부동산 보유세 인상
,성공 경험담 패턴 없음,672,월 200만원 부업,https://www.clien.net/service/board/park/15041674,clien,공무원생활하는 친구 하나는 요즘 현타가 쎄게왔더군요...
,성공 경험담 패턴 없음,752,월 200만원 부업,https://www.clien.net/service/board/park/11692534,clien,방금 30분정도 편의점 사장님과 이야기한 편의점 이야기들
,본문 크롤링 실패,0,월 200만원 부업,https://www.clien.net/service/board/park/10370279,clien,남편 월급이 200만원이예요...
,성공 경험담 패턴 없음,779,월 200만원 부업,https://www.clien.net/service/board/cm_leather/6232265,clien,공방을 임대합니다
,성공 경험담 패턴 없음,960,투잡 후기,https://www.ppomppu.co.kr/zboard/view.php?id=house&no=246669,ppomppu,상급지 갈아타기후기및 감사인사14
,성공 경험담 패턴 없음,378,투잡 후기,https://www.ppomppu.co.kr/zboard/view.php?id=social&no=45640,ppomppu,쿠팡의 정성후기..저만 거슬리나요.129
,성공 경험담 패턴 없음,7413,투잡 후기,https://www.ppomppu.co.kr/zboard/view.php?id=humor&no=653973,ppomppu,[2/21(금) 베스트모음] 세상에 윤석열 진짜 인간 아니네요 ㅡㅡ1
,성공 경험담 패턴 없음,7335,투잡 후기,https://www.ppomppu.co.kr/zboard/view.php?id=humor&no=651512,ppomppu,[2/8(토) 베스트모음] 대통령 탄핵은 거의 확정인거 같네요0
,성공 경험담 패턴 없음,1009,투잡 후기,https://www.ppomppu.co.kr/zboard/view.php?id=phone&no=3818722,ppomppu,안녕마트 모토로라 g54 진열 9.9 들고 왔습니다15
,성공 경험담 패턴 없음,7279,투잡 후기,https://www.ppomppu.co.kr/zboard/view.php?id=humor&no=628710,ppomppu,[9/15(일) 베스트모음] ㅇㅎ) 최근에 GOAT급 폼 보여주는 배우들 추천0
,성공 경험담 패턴 없음,7325,투잡 후기,https://www.ppomppu.co.kr/zboard/view.php?id=humor&no=620761,ppomppu,[7/9(화) 베스트모음] 충격적이었던 스트리머 야동 폴더 공개 사고.jpg1
,성공 경험담 패턴 없음,791,투잡 후기,https://www.ppomppu.co.kr/zboard/view.php?id=whatever&no=24063,ppomppu,난생처음투잡후기- 새벽우유배달 알바138
,성공 경험담 패턴 없음,494,투잡 후기,https://www.ppomppu.co.kr/zboard/view.php?id=whatever&no=24029,ppomppu,친구가 미국 주재원 권유했던후기입니다.50
,성공 경험담 패턴 없음,1455,투잡 후기,https://www.ppomppu.co.kr/zboard/view.php?id=freeboard&no=8499233,ppomppu,연휴에 쿠* 물류 알바 다녀왔어요(당일 알바 처음)19
,성공 경험담 패턴 없음,7372,투잡 후기,https://www.ppomppu.co.kr/zboard/view.php?id=humor&no=579401,ppomppu,[9/19(화) 베스트모음] 최태원의 그녀 클로이0
,성공 경험담 패턴 없음,2306,투잡 후기,https://www.ppomppu.co.kr/zboard/view.php?id=ppomppu8&no=17489,ppomppu,알리익스프레스 천원마트 or 저가형 제품들 2탄. (가격 다양)92
,성공 경험담 패턴 없음,699,투잡 후기,https://www.ppomppu.co.kr/zboard/view.php?id=phone&no=3738905,ppomppu,1mbps에 대한 개인적인 생각22
,성공 경험담 패턴 없음,4500,투잡 후기,https://www.ppomppu.co.kr/zboard/view.php?id=review2&no=64827,ppomppu,프리미엄노트북 레노버 LEGION 5i Pro 고사양 노트북추천1
,성공 경험담 패턴 없음,1793,투잡 후기,https://www.ppomppu.co.kr/zboard/view.php?id=problem&no=167437,ppomppu,결혼과 이혼사이 종결36
,성공 경험담 패턴 없음,6465,투잡 후기,https://www.ppomppu.co.kr/zboard/view.php?id=humor&no=521633,ppomppu,오늘 베스트글 근황 (2022-07-24 일요일)1
,성공 경험담 패턴 없음,6654,투잡 후기,https://www.ppomppu.co.kr/zboard/view.php?id=humor&no=489054,ppomppu,오늘 베스트글 근황 (2022-01-11 화요일)0
,성공 경험담 패턴 없음,219,투잡 후기,https://www.ppomppu.co.kr/zboard/view.php?id=help&no=1339876,ppomppu,혹시 이런 알바 해보신분있나요....? ㅠㅠㅠ20
,성공 경험담 패턴 없음,1664,직장인 부업 인증,https://www.ppomppu.co.kr/zboard/view.php?id=soho&no=28116,ppomppu,온라인 쇼핑몰 시작 15개월차입니다.111
,성공 경험담 패턴 없음,6191,직장인 부업 인증,https://www.ppomppu.co.kr/zboard/view.php?id=humor&no=545614,ppomppu,오늘 베스트글 근황 (2023-01-07 토요일)0
,성공 경험담 패턴 없음,6877,직장인 부업 인증,https://www.ppomppu.co.kr/zboard/view.php?id=review2&no=61027,ppomppu,"인텔 11세대 타이거레이크 탑재 노트북, 주연테크 슈퍼플라이 J9FT0"
,성공 경험담 패턴 없음,432,직장인 부업 인증,https://www.ppomppu.co.kr/zboard/view.php?id=freeboard&no=6425979,ppomppu,직장인부업으로 스마트 스토어 운영 추천드립니다.34
,광고 의심,1460,직장인 부업 인증,https://www.ppomppu.co.kr/zboard/view.php?id=recommend&no=18846,ppomppu,채굴부업빨리 하세요 시세 급등중! ! !돈드는거 없으니 바로 시작하심 되요 1만코인 즉시 지급!!0
,광고 의심,1460,직장인 부업 인증,https://www.ppomppu.co.kr/zboard/view.php?id=recommend&no=18626,ppomppu,채굴부업빨리 하세요 시세 급등중! ! !돈드는거 없으니 바로 시작하심 되요 1만코인 즉시 지급!!0
,광고 의심,1460,직장인 부업 인증,https://www.ppomppu.co.kr/zboard/view.php?id=recommend&no=18536,ppomppu,채굴부업빨리 하세요 시세 급등중! ! !돈드는거 없으니 바로 시작하심 되요 1만코인 즉시 지급!!0
,광고 의심,1460,직장인 부업 인증,https://www.ppomppu.co.kr/zboard/view.php?id=recommend&no=18487,ppomppu,채굴부업빨리 하세요 시세 급등중! ! !돈드는거 없으니 바로 시작하심 되요 1만코인 즉시 지급!!0
,광고 의심,1460,직장인 부업 인증,https://www.ppomppu.co.kr/zboard/view.php?id=recommend&no=18405,ppomppu,채굴부업빨리 하세요 시세 급등중! ! !돈드는거 없으니 바로 시작하심 되요 1만코인 즉시 지급!!0
,광고 의심,1519,직장인 부업 인증,https://www.ppomppu.co.kr/zboard/view.php?id=recommend&no=18312,ppomppu,채굴부업빨리 하세요 시세 급등중! ! !돈드는거 없으니 바로 시작하심 되요 1만코인 즉시 지급!!0
,광고 의심,1519,직장인 부업 인증,https://www.ppomppu.co.kr/zboard/view.php?id=recommend&no=18240,ppomppu,채굴부업빨리 하세요 시세 급등중! ! !돈드는거 없으니 바로 시작하심 되요 1만코인 즉시 지급!!0
,성공 경험담 패턴 없음,5883,직장인 부업 인증,https://www.ppomppu.co.kr/zboard/view.php?id=soho&no=8549,ppomppu,문화상품권 사업의 불편한 진실60
,성공 경험담 패턴 없음,1781,직장인 부업 인증,https://www.ppomppu.co.kr/zboard/view.php?id=worker&no=8679,ppomppu,"직장인대출 금융권별 조건, 핵심내용 이것만 알면됩니다.3"
,성공 경험담 패턴 없음,6833,직장인 부업 인증,https://www.ppomppu.co.kr/zboard/view.php?id=etc_info&no=23972,ppomppu,숨은 돈 찾아드립니다(펌)25
,성공 경험담 패턴 없음,3810,직장인 부업 인증,https://www.ppomppu.co.kr/zboard/view.php?id=freeboard&no=2699242,ppomppu,내년~최저임금이 5120원 빅맥버거 셋이 5400원~젠장!!!!4
,성공 경험담 패턴 없음,1340,재택 부업 수익,https://www.ppomppu.co.kr/zboard/view.php?id=house&no=203459,ppomppu,30대 초중반 무주택이지만 그닥 걱정이 없네요 ㅎㅎ219
,광고 의심,8504,재택 부업 수익,https://www.ppomppu.co.kr/zboard/view.php?id=stock&no=171893,ppomppu,유안타 데일리 섹터 코멘트2
,성공 경험담 패턴 없음,161,재택 부업 수익,https://www.ppomppu.co.kr/zboard/view.php?id=help&no=1318051,ppomppu,인터넷부업치면 포스팅 알바 있던데 믿을만 한가요??6
,성공 경험담 패턴 없음,308,재택 부업 수익,https://www.ppomppu.co.kr/zboard/view.php?id=alba&no=3214,ppomppu,알바구하시는분들0
,성공 경험담 패턴 없음,113,재택 부업 수익,https://www.ppomppu.co.kr/zboard/view.php?id=problem&no=115594,ppomppu,아지트샵부업6
,광고 의심,727,재택 부업 수익,https://www.ppomppu.co.kr/zboard/view.php?id=grade&no=137949,ppomppu,"🖥본사홈페이지 -> 정회원 신청 (재택알바/부업신청) -> 무료회원가입 하시면 본사 팀장님들께서 상담전화 드립니다 🌍본사 홈페이지 http://hello-dm.kr/350378 본사 홈페이지를 통해서 무료회원 가입 후,수익안내, 업무내용 등 정확하게 확인 가능하세요"
,성공 경험담 패턴 없음,486,재택 부업 수익,https://www.ppomppu.co.kr/zboard/view.php?id=guin&no=6747,ppomppu,컴터로 하는부업하실분0
,성공 경험담 패턴 없음,486,재택 부업 수익,https://www.ppomppu.co.kr/zboard/view.php?id=guin&no=6742,ppomppu,누구나 할수 있는부업0
,광고 의심,500,재택 부업 수익,https://www.ppomppu.co.kr/zboard/view.php?id=guin&no=6628,ppomppu,아르바이트 모집(초보가능/당일지급)0
,성공 경험담 패턴 없음,262,재택 부업 수익,https://www.ppomppu.co.kr/zboard/view.php?id=guin&no=6624,ppomppu,직장인 주부 투잡부업!재택근무 하실분 구해요~2
,성공 경험담 패턴 없음,283,재택 부업 수익,https://www.ppomppu.co.kr/zboard/view.php?id=guin&no=6618,ppomppu,간단한재택알바 하실분 구합니다!0
,성공 경험담 패턴 없음,2864,부업 1년 후기,https://www.ppomppu.co.kr/zboard/view.php?id=oversea&no=797749,ppomppu,페이팔 잔액 환급 받으려다가 인내심이 올라가고 자기반성하는후기0
,성공 경험담 패턴 없음,5918,부업 1년 후기,https://www.ppomppu.co.kr/zboard/view.php?id=humor&no=429548,ppomppu,오늘 베스트글 근황 (2021-02-04 목요일)0
,성공 경험담 패턴 없음,2284,부업 1년 후기,https://www.ppomppu.co.kr/zboard/view.php?id=wedding&no=22629,ppomppu,결혼에 쓴 비용 공유(?)합니다.23
,성공 경험담 패턴 없음,8556,부업 1년 후기,https://www.ppomppu.co.kr/zboard/view.php?id=phone&no=3596330,ppomppu,[대동여지도 김정호]2월29일~3월 2일 전국 가격표~~ 3월 시작!18
,성공 경험담 패턴 없음,7180,부업 1년 후기,https://www.ppomppu.co.kr/zboard/view.php?id=phone&no=3595594,ppomppu,[대동여지도 김정호]2월26일~2월 28일 전국 가격표~~ 잘보고 가세요7
,성공 경험담 패턴 없음,7915,부업 1년 후기,https://www.ppomppu.co.kr/zboard/view.php?id=phone&no=3593835,ppomppu,[대동여지도 김정호]2월21일~2월 22일 전국 가격표~~ 잘보고 가세요8
,성공 경험담 패턴 없음,6494,부업 1년 후기,https://www.ppomppu.co.kr/zboard/view.php?id=phone&no=3593015,ppomppu,[대동여지도 김정호]2월19일~2월 20일 전국 가격표~~ 잘보고 가세요17
,성공 경험담 패턴 없음,5327,부업 1년 후기,https://www.ppomppu.co.kr/zboard/view.php?id=phone&no=3588259,ppomppu,[대동여지도 김정호]1월30일~2월 1일 전국 가격표~~ 잘보고 가세요12
,성공 경험담 패턴 없음,5671,부업 1년 후기,https://www.ppomppu.co.kr/zboard/view.php?id=phone&no=3572839,ppomppu,"[대동여지도 김정호]10월27일~28일 일,월 전국 시세입니다!!56"
,성공 경험담 패턴 없음,261,부업 1년 후기,https://www.ppomppu.co.kr/zboard/view.php?id=phone&no=3493852,ppomppu,skb 해지방어후기4
,성공 경험담 패턴 없음,3561,부업 1년 후기,https://www.ppomppu.co.kr/zboard/view.php?id=money&no=270973,ppomppu,"""P2P 투자중입니다.""후기73"
,성공 경험담 패턴 없음,1341,부업 1년 후기,https://www.ppomppu.co.kr/zboard/view.php?id=phone&no=2885238,ppomppu,X텔레콤 다단계 갔다온후기34
,성공 경험담 패턴 없음,801,퇴사 후 부업,https://www.ppomppu.co.kr/zboard/view.php?id=freeboard&no=9607404,ppomppu,대출과다단계] - 프랜차이즈의 수상한 변신 | 추적60분1
,성공 경험담 패턴 없음,8086,퇴사 후 부업,https://www.ppomppu.co.kr/zboard/view.php?id=humor&no=673210,ppomppu,[6/2(월) 베스트모음] 걸스데이 유라 얼굴 근황ㄷㄷ.jpg0
,성공 경험담 패턴 없음,199,퇴사 후 부업,https://www.ppomppu.co.kr/zboard/view.php?id=freeboard&no=9297481,ppomppu,코로나 또 걸림11
,성공 경험담 패턴 없음,1135,퇴사 후 부업,https://www.ppomppu.co.kr/zboard/view.php?id=problem&no=188985,ppomppu,행복하고싶다. 돈 많이 벌고싶다. 지방 탈출하고싶다.7
,성공 경험담 패턴 없음,828,퇴사 후 부업,https://www.ppomppu.co.kr/zboard/view.php?id=stock&no=252915,ppomppu,수익의 추억62
,성공 경험담 패턴 없음,6649,퇴사 후 부업,https://www.ppomppu.co.kr/zboard/view.php?id=humor&no=536494,ppomppu,11월 1주차 베스트글 근황0
,성공 경험담 패턴 없음,567,퇴사 후 부업,https://www.ppomppu.co.kr/zboard/view.php?id=help&no=1315015,ppomppu,실업급여 자격 관련 문의드립니다[완료]6
,성공 경험담 패턴 없음,1764,퇴사 후 부업,https://www.ppomppu.co.kr/zboard/view.php?id=problem&no=145118,ppomppu,30대 중후반.... 연봉 보면 한숨이 나네요...4
,성공 경험담 패턴 없음,3035,퇴사 후 부업,https://www.ppomppu.co.kr/zboard/view.php?id=whatever&no=17061,ppomppu,흙흙수저의 인생 스토리입니다.105
,성공 경험담 패턴 없음,1214,퇴사 후 부업,https://www.ppomppu.co.kr/zboard/view.php?id=employment&no=88450,ppomppu,회사 두곳중 어디가시겠어요??2
,성공 경험담 패턴 없음,1432,퇴사 후 부업,https://www.ppomppu.co.kr/zboard/view.php?id=freeboard&no=6899444,ppomppu,"일베 논란 워크맨 고동완PD ""명예 걸고 사실 아냐""125"
,성공 경험담 패턴 없음,1793,퇴사 후 부업,https://www.ppomppu.co.kr/zboard/view.php?id=help&no=1287477,ppomppu,기변개통사기 전문가님 자문 구합니다[완료]6
,성공 경험담 패턴 없음,1073,퇴사 후 부업,https://www.ppomppu.co.kr/zboard/view.php?id=employment&no=87721,ppomppu,취준 2~3개월 더할지 칼퇴근 가능한 적당한 소기업갈지 고민됩니다.0
,성공 경험담 패턴 없음,609,퇴사 후 부업,https://www.ppomppu.co.kr/zboard/view.php?id=soho&no=18383,ppomppu,정부는 장난질식인 주휴수당부터 합산해야됩니다.2
,성공 경험담 패턴 없음,240,퇴사 후 부업,https://www.ppomppu.co.kr/zboard/view.php?id=soho&no=18111,ppomppu,처남가족이 이마트24를 창업합니다~~6
,성공 경험담 패턴 없음,2766,온라인 부업 후기,https://www.ppomppu.co.kr/zboard/view.php?id=humor&no=634495,ppomppu,[베스트펌] 화려하고 이쁜 엑소 첸 결혼식장 꽃장식0
,성공 경험담 패턴 없음,2998,온라인 부업 후기,https://www.ppomppu.co.kr/zboard/view.php?id=stock&no=273691,ppomppu,간추린뉴스 8/230
,성공 경험담 패턴 없음,7475,온라인 부업 후기,https://www.ppomppu.co.kr/zboard/view.php?id=humor&no=610302,ppomppu,[4/11(목) 베스트모음] 오늘자 조중동 1면.jpg0
,성공 경험담 패턴 없음,2188,온라인 부업 후기,https://www.ppomppu.co.kr/zboard/view.php?id=freeboard&no=8556304,ppomppu,우아한 이지연 강의3
,광고 의심,1214,온라인 부업 후기,https://www.ppomppu.co.kr/zboard/view.php?id=problem&no=183870,ppomppu,자꾸 모르는 번호로 이런 연락이 오는데7
,성공 경험담 패턴 없음,6272,온라인 부업 후기,https://www.ppomppu.co.kr/zboard/view.php?id=humor&no=536356,ppomppu,오늘 베스트글 근황 (2022-11-05 토요일)0
,성공 경험담 패턴 없음,6593,온라인 부업 후기,https://www.ppomppu.co.kr/zboard/view.php?id=humor&no=518475,ppomppu,오늘 베스트글 근황 (2022-07-04 월요일)0
,성공 경험담 패턴 없음,6010,온라인 부업 후기,https://www.ppomppu.co.kr/zboard/view.php?id=humor&no=430115,ppomppu,2월 1주차 베스트글 근황0
,성공 경험담 패턴 없음,2338,월 200만원 부업,https://www.ppomppu.co.kr/zboard/view.php?id=freeboard&no=9786521,ppomppu,이혼준비..102
,성공 경험담 패턴 없음,536,월 200만원 부업,https://www.ppomppu.co.kr/zboard/view.php?id=money&no=522367,ppomppu,[재테크포럼] 종합소득세 경비율 년도계산에 관해 문의드립니다.1
,성공 경험담 패턴 없음,428,월 200만원 부업,https://www.ppomppu.co.kr/zboard/view.php?id=soho&no=26611,ppomppu,취준생 1시간 정도 일하고월매출1200만원창업함 ㄷㄷ67
,성공 경험담 패턴 없음,380,월 200만원 부업,https://www.ppomppu.co.kr/zboard/view.php?id=freeboard&no=7930205,ppomppu,월급 200으로 아이 3명 키우기4
