case_id,title,summary,free_text,category,category_slug,duration,daily_hours,invest_amount,revenue_amount,has_main_job,failure_reasons,difficulties,keywords,failure_category,risk_level,source,link,postdate,case_status
survey_attachment_success_001,"주식, 코인을 운영하며 배운 점을 정리한 사례","주식, 코인을 운영하며 배운 점을 정리한 사례","투자 · 재테크 부업을 1년 이상 동안 이어가며 8시간 이상 정도를 꾸준히 투입했다. 초기 투자금은 5,000,000원 수준이었고, 큰 수익으로 바로 이어지지는 않았지만 경험을 쌓는 계기가 됐다. 진행 과정에서는 '실제 수익 발생, 성취감 · 재미를 느낌'라는 응답이 나올 만큼 의미 있는 변화를 경험했고, 핵심 요인으로는 시간 관리 등을 꼽았다. 운영하면서는 초기 비용 최소화하기에 특히 신경 썼고, 부업 이후의 변화로는 '돈은 쉽게 벌리지않는다는걸 깨달았음'라고 답했다. 처음 시작하는 사람에게는 초반에 돈 관리부터 점검하고, '재테크는 안하는게 좋음 앱테크말고'라는 조언을 남겼다. 추가 메모로는 '스포츠분석 하다 마이너스로 끝남'라고 적었다.",투자 · 재테크,investment,12,8,5000000,,true,SUCCESS_STORY,초기 비용 최소화하기,시간 관리;돈 관리,SUCCESS_STORY,HIGH,survey_attachment,,2026-06-24,SUCCESS
survey_attachment_success_002,"배달 (배민, 쿠팡이츠 등)으로 30만 원 수익을 만든 사례","배달 (배민, 쿠팡이츠 등)으로 30만 원 수익을 만든 사례","플랫폼 노동 부업을 10개월 동안 이어가며 2시간 정도를 꾸준히 투입했다. 초기 투자금은 0원 수준이었고, 수익은 월 평균 300,000원 정도였다. 진행 과정에서는 '실제 수익 발생, 자신감 · 경험 확보'라는 응답이 나올 만큼 의미 있는 변화를 경험했고, 핵심 요인으로는 꾸준한 실행, 시간 관리 및 플랫폼 선택 등을 꼽았다. 운영하면서는 가격 전략 조정하기 및 멘탈 관리 · 번아웃 조절하기에 특히 신경 썼고, 부업 이후의 변화로는 '자신감이생겼다'라고 답했다. 처음 시작하는 사람에게는 초반에 시장조사부터 점검하고, '시간을 오래두고 지켜봐야함'라는 조언을 남겼다.",플랫폼 노동,platform-labor,10,2,0,300000,true,SUCCESS_STORY,가격 전략 조정하기;멘탈 관리 · 번아웃 조절하기,꾸준한 실행;시간 관리;플랫폼 선택;시장조사,SUCCESS_STORY,LOW,survey_attachment,,2026-06-23,SUCCESS
survey_attachment_success_003,"주식, 코인으로 400만 원 수익을 만든 사례","주식, 코인으로 400만 원 수익을 만든 사례","투자 · 재테크 부업을 1년 이상 동안 이어가며 4시간 정도를 꾸준히 투입했다. 초기 투자금은 200,000,000원 수준이었고, 수익은 월 평균 4,000,000원 정도였다. 진행 과정에서는 '실제 수익 발생, 부업의 지속 가능성 확인 (계속 해도 되겠다 싶은 가능성)'라는 응답이 나올 만큼 의미 있는 변화를 경험했고, 핵심 요인으로는 꾸준한 실행, 시간 관리 및 커뮤니티 활용 등을 꼽았다. 운영하면서는 시장 · 경쟁 사례 분석하기 및 멘탈 관리 · 번아웃 조절하기에 특히 신경 썼고, 부업 이후의 변화로는 '본업의 부담 덜어냄'라고 답했다. 처음 시작하는 사람에게는 초반에 시작을 하는것부터 점검하고, '시작이 전부다'라는 조언을 남겼다. 추가 메모로는 '장체기를 견더야한다'라고 적었다.",투자 · 재테크,investment,12,4,200000000,4000000,true,SUCCESS_STORY,시장 · 경쟁 사례 분석하기;멘탈 관리 · 번아웃 조절하기,꾸준한 실행;시간 관리;커뮤니티 활용;시작을 하는것,SUCCESS_STORY,HIGH,survey_attachment,,2026-06-22,SUCCESS
survey_attachment_success_004,"유튜브, 블로그으로 5만 원 수익을 만든 사례","유튜브, 블로그으로 5만 원 수익을 만든 사례","콘텐츠 · SNS 부업을 2개월 동안 이어가며 3시간 정도를 꾸준히 투입했다. 초기 투자금은 100,000원 수준이었고, 수익은 월 평균 50,000원 정도였다. 진행 과정에서는 '꾸준한 고객 확보'라는 응답이 나올 만큼 의미 있는 변화를 경험했고, 핵심 요인으로는 꾸준한 실행, 시장 조사 및 SNS · 마케팅 등을 꼽았다. 운영하면서는 시장 · 경쟁 사례 분석하기 및 가격 전략 조정하기에 특히 신경 썼고, 부업 이후의 변화로는 '성취감 뿌듯함'라고 답했다. 처음 시작하는 사람에게는 초반에 투자비용 적게부터 점검하고, '시장조사하기'라는 조언을 남겼다. 추가 메모로는 '시장조사를 더 열심히 할 것'라고 적었다.",콘텐츠 · SNS,content-sns,2,3,100000,50000,true,SUCCESS_STORY,시장 · 경쟁 사례 분석하기;가격 전략 조정하기,꾸준한 실행;시장 조사;SNS · 마케팅;투자비용 적게,SUCCESS_STORY,MEDIUM,survey_attachment,,2026-06-21,SUCCESS
survey_attachment_success_005,"스마트스토어, 쿠팡으로 200만 원 수익을 만든 사례","스마트스토어, 쿠팡으로 200만 원 수익을 만든 사례","온라인 판매·이커머스 부업을 6개월 동안 이어가며 3시간 정도를 꾸준히 투입했다. 초기 투자금은 10,000,000원 수준이었고, 수익은 월 평균 2,000,000원 정도였다. 진행 과정에서는 '실제 수익 발생, 꾸준한 고객 확보, 부업의 지속 가능성 확인 (계속 해도 되겠다 싶은 가능성)'라는 응답이 나올 만큼 의미 있는 변화를 경험했고, 핵심 요인으로는 꾸준한 실행, 시장 조사, SNS · 마케팅, 가격 전략, 운 · 타이밍 및 썸네일 · 디자인 등을 꼽았다. 운영하면서는 꾸준히 업로드 · 운영하기, 고객 반응 빠르게 확인하기, 리뷰 · 후기 관리하기 및 시장 · 경쟁 사례 분석하기에 특히 신경 썼고, 부업 이후의 변화로는 '일희일비하지 않는 것'라고 답했다. 처음 시작하는 사람에게는 초반에 철저한 시장조사부터 점검하고, '포기하지 마세요!'라는 조언을 남겼다. 추가 메모로는 '도전의식을 가지고 시작했던 부업이었는데, 생각보다도 더 꾸준히 지속할 수 있는 아이템이었던 것 같습니다. 시간이 지나며 운영 방식도 익숙해졌고, 작은 성과들이 쌓이면서 재미와 자신감도 함께 생겼습니다.'라고 적었다.",온라인 판매·이커머스,online-commerce,6,3,10000000,2000000,true,SUCCESS_STORY,꾸준히 업로드 · 운영하기;고객 반응 빠르게 확인하기;리뷰 · 후기 관리하기;시장 · 경쟁 사례 분석하기,꾸준한 실행;시장 조사;SNS · 마케팅;가격 전략;운 · 타이밍;썸네일 · 디자인;철저한 시장조사,SUCCESS_STORY,HIGH,survey_attachment,,2026-06-20,SUCCESS
survey_attachment_success_006,"디자인, 영상 편집으로 40만 원 수익을 만든 사례","디자인, 영상 편집으로 40만 원 수익을 만든 사례","재능 판매·프리랜서 부업을 1년 이상 동안 이어가며 2시간 정도를 꾸준히 투입했다. 초기 투자금은 0원 수준이었고, 수익은 월 평균 400,000원 정도였다. 진행 과정에서는 '실제 수익 발생, 자신감 · 경험 확보'라는 응답이 나올 만큼 의미 있는 변화를 경험했고, 핵심 요인으로는 꾸준한 실행, 시장 조사, 가격 전략, 고객 피드백 반영, 플랫폼 선택 및 관련 경험 · 실무 능력 등을 꼽았다. 운영하면서는 꾸준히 업로드 · 운영하기, 고객 반응 빠르게 확인하기, 시장 · 경쟁 사례 분석하기, 가격 전략 조정하기 및 타겟 고객층 명확하게 설정하기에 특히 신경 썼고, 부업 이후의 변화로는 '꾸준히 하면 성과가 있다'라고 답했다. 처음 시작하는 사람에게는 초반에 시장조사 꼼꼼히 하기부터 점검하고, '자기 적성에 맞아야 한다'라는 조언을 남겼다. 추가 메모로는 '자기 전공을 살려 돈을 벌려고 해야 한다'라고 적었다.",재능 판매·프리랜서,talent-freelance,12,2,0,400000,true,SUCCESS_STORY,꾸준히 업로드 · 운영하기;고객 반응 빠르게 확인하기;시장 · 경쟁 사례 분석하기;가격 전략 조정하기;타겟 고객층 명확하게 설정하기,꾸준한 실행;시장 조사;가격 전략;고객 피드백 반영;플랫폼 선택;관련 경험 · 실무 능력;시장조사 꼼꼼히 하기,SUCCESS_STORY,LOW,survey_attachment,,2026-06-19,SUCCESS
survey_attachment_success_007,"배달 (배민, 쿠팡이츠 등)으로 3만 원 수익을 만든 사례","배달 (배민, 쿠팡이츠 등)으로 3만 원 수익을 만든 사례","플랫폼 노동 부업을 6개월 동안 이어가며 1시간 미만 정도를 꾸준히 투입했다. 초기 투자금은 0원 수준이었고, 수익은 월 평균 30,000원 정도였다. 진행 과정에서는 '실제 수익 발생, 성취감 · 재미를 느낌'라는 응답이 나올 만큼 의미 있는 변화를 경험했고, 핵심 요인으로는 꾸준한 실행 및 관련 경험 · 실무 능력 등을 꼽았다. 운영하면서는 작업 시간 효율적으로 관리하기 및 꾸준히 테스트하고 수정하기에 특히 신경 썼고, 부업 이후의 변화로는 '꾸준히 하다 익숙해지는 순간 수익이 발생한다고 느꼈어요'라고 답했다. 처음 시작하는 사람에게는 초반에 욕심을 버리고 부지런히 익힘부터 점검하고, '능숙해질때까지 포기하지말자'라는 조언을 남겼다. 추가 메모로는 '지금은 약소하지만 능숙해지고 습관이 들어 수익발생이 점점 늘어납니다. 포기가 제일 어리석다'라고 적었다.",플랫폼 노동,platform-labor,6,1,0,30000,true,SUCCESS_STORY,작업 시간 효율적으로 관리하기;꾸준히 테스트하고 수정하기,꾸준한 실행;관련 경험 · 실무 능력;욕심을 버리고 부지런히 익힘,SUCCESS_STORY,LOW,survey_attachment,,2026-06-18,SUCCESS
survey_attachment_success_008,"디자인, 영상 편집으로 50만 원 수익을 만든 사례","디자인, 영상 편집으로 50만 원 수익을 만든 사례","재능 판매·프리랜서 부업을 1년 이상 동안 이어가며 4시간 정도를 꾸준히 투입했다. 초기 투자금은 0원 수준이었고, 수익은 월 평균 500,000원 정도였다. 진행 과정에서는 '실제 수익 발생'라는 응답이 나올 만큼 의미 있는 변화를 경험했고, 핵심 요인으로는 관련 경험 · 실무 능력 등을 꼽았다. 운영하면서는 꾸준히 업로드 · 운영하기 및 멘탈 관리 · 번아웃 조절하기에 특히 신경 썼고, 부업 이후의 변화로는 '돈을 벌수있어좋았다'라고 답했다. 처음 시작하는 사람에게는 초반에 꾸준히 정해진시간에 제출부터 점검하고, '열심히하세영'라는 조언을 남겼다. 추가 메모로는 '휴식시간에 돈을벌고싶었는데 부업을통해 이루어서 좋았다'라고 적었다.",재능 판매·프리랜서,talent-freelance,12,4,0,500000,true,SUCCESS_STORY,꾸준히 업로드 · 운영하기;멘탈 관리 · 번아웃 조절하기,관련 경험 · 실무 능력;꾸준히 정해진시간에 제출,SUCCESS_STORY,LOW,survey_attachment,,2026-06-17,SUCCESS
survey_attachment_success_009,"배달 (배민, 쿠팡이츠 등)으로 40만 원 수익을 만든 사례","배달 (배민, 쿠팡이츠 등)으로 40만 원 수익을 만든 사례","플랫폼 노동 부업을 7개월 동안 이어가며 3시간 정도를 꾸준히 투입했다. 초기 투자금은 300,000원 수준이었고, 수익은 월 평균 400,000원 정도였다. 진행 과정에서는 '실제 수익 발생, 성취감 · 재미를 느낌'라는 응답이 나올 만큼 의미 있는 변화를 경험했고, 핵심 요인으로는 꾸준한 실행 및 플랫폼 선택 등을 꼽았다. 운영하면서는 시장 · 경쟁 사례 분석하기 및 꾸준히 테스트하고 수정하기에 특히 신경 썼고, 부업 이후의 변화로는 '바빠지니 잡념이 사라졌다.'라고 답했다. 처음 시작하는 사람에게는 초반에 꾸준함 및 시장상황 파악부터 점검하고, '큰수익은 집중한 시간과 비례한다.'라는 조언을 남겼다. 추가 메모로는 '자기만의 노하우와 시간대, 위치 등 익숙해지고 요령이 생기는 순간까지 버티는게 중요합니다. 부업이라고는 하나 재미와 끈기까지 있다면 더욱 발전가능성이 있습니다.'라고 적었다.",플랫폼 노동,platform-labor,7,3,300000,400000,true,SUCCESS_STORY,시장 · 경쟁 사례 분석하기;꾸준히 테스트하고 수정하기,꾸준한 실행;플랫폼 선택;꾸준함;시장상황 파악,SUCCESS_STORY,LOW,survey_attachment,,2026-06-16,SUCCESS
survey_attachment_success_010,"유튜브, 블로그을 운영하며 배운 점을 정리한 사례","유튜브, 블로그을 운영하며 배운 점을 정리한 사례","콘텐츠 · SNS 부업을 1개월 미만 동안 이어가며 2시간 정도를 꾸준히 투입했다. 초기 투자금은 0원 수준이었고, 큰 수익으로 바로 이어지지는 않았지만 경험을 쌓는 계기가 됐다. 진행 과정에서는 '성취감 · 재미를 느낌'라는 응답이 나올 만큼 의미 있는 변화를 경험했고, 핵심 요인으로는 꾸준한 실행 등을 꼽았다. 운영하면서는 꾸준히 업로드 · 운영하기에 특히 신경 썼고, 부업 이후의 변화로는 '다른 부업도 알아보고싶어짐'라고 답했다. 처음 시작하는 사람에게는 초반에 꾸준하게하는것부터 점검하고, '큰 수익은 바라지말기'라는 조언을 남겼다. 추가 메모로는 '유튜브에 하도 부업에 대한 영상이 많아서 그걸 보고 참고해서 진행함'라고 적었다.",콘텐츠 · SNS,content-sns,1,2,0,,true,SUCCESS_STORY,꾸준히 업로드 · 운영하기,꾸준한 실행;꾸준하게하는것,SUCCESS_STORY,LOW,survey_attachment,,2026-06-15,SUCCESS
survey_attachment_success_011,"주식, 코인으로 250만 원 수익을 만든 사례","주식, 코인으로 250만 원 수익을 만든 사례","투자 · 재테크 부업을 1년 이상 동안 이어가며 3시간 정도를 꾸준히 투입했다. 초기 투자금은 50,000,000원 수준이었고, 수익은 월 평균 2,500,000원 정도였다. 진행 과정에서는 '자신감 · 경험 확보, 성취감 · 재미를 느낌'라는 응답이 나올 만큼 의미 있는 변화를 경험했고, 핵심 요인으로는 꾸준한 실행, 커뮤니티 활용, 고객 피드백 반영, 후기 · 리뷰 확보 및 알고리즘 · 노출 영향 등을 꼽았다. 운영하면서는 고객 반응 빠르게 확인하기, 시장 · 경쟁 사례 분석하기 및 타겟 고객층 명확하게 설정하기에 특히 신경 썼고, 부업 이후의 변화로는 '자신감상승'라고 답했다. 처음 시작하는 사람에게는 초반에 경청부터 점검하고, '사소한것이제일중요'라는 조언을 남겼다. 추가 메모로는 '꾸준함과포기하지않기'라고 적었다.",투자 · 재테크,investment,12,3,50000000,2500000,true,SUCCESS_STORY,고객 반응 빠르게 확인하기;시장 · 경쟁 사례 분석하기;타겟 고객층 명확하게 설정하기,꾸준한 실행;커뮤니티 활용;고객 피드백 반영;후기 · 리뷰 확보;알고리즘 · 노출 영향;경청,SUCCESS_STORY,HIGH,survey_attachment,,2026-06-14,SUCCESS
survey_attachment_success_012,"배달 (배민, 쿠팡이츠 등)으로 5000010만 원 수익을 만든 사례","배달 (배민, 쿠팡이츠 등)으로 5000010만 원 수익을 만든 사례","플랫폼 노동 부업을 1년 이상 동안 이어가며 3시간 정도를 꾸준히 투입했다. 초기 투자금은 0원 수준이었고, 수익은 월 평균 50,000,100,000원 정도였다. 진행 과정에서는 '실제 수익 발생, 첫 수익 발생 이후 유지'라는 응답이 나올 만큼 의미 있는 변화를 경험했고, 핵심 요인으로는 꾸준한 실행, 시간 관리 및 운 · 타이밍 등을 꼽았다. 운영하면서는 시장 · 경쟁 사례 분석하기 및 작업 시간 효율적으로 관리하기에 특히 신경 썼고, 부업 이후의 변화로는 '시간 남을때 소소하게 해서 소소하게 버는데 만족함'라고 답했다. 처음 시작하는 사람에게는 초반에 일상생활에 문제되지 않을것부터 점검하고, '천천히 시작해서 부담없이 하세요'라는 조언을 남겼다. 추가 메모로는 '부업이라하기에는 좀 아쉬운 앱테크.'라고 적었다.",플랫폼 노동,platform-labor,12,3,0,50000100000,true,SUCCESS_STORY,시장 · 경쟁 사례 분석하기;작업 시간 효율적으로 관리하기,꾸준한 실행;시간 관리;운 · 타이밍;일상생활에 문제되지 않을것,SUCCESS_STORY,LOW,survey_attachment,,2026-06-13,SUCCESS
survey_attachment_success_013,"스마트스토어, 쿠팡으로 10만 원 수익을 만든 사례","스마트스토어, 쿠팡으로 10만 원 수익을 만든 사례","온라인 판매·이커머스 부업을 6개월 동안 이어가며 6시간 정도를 꾸준히 투입했다. 초기 투자금은 100,000원 수준이었고, 수익은 월 평균 100,000원 정도였다. 진행 과정에서는 '실제 수익 발생, 첫 수익 발생 이후 유지'라는 응답이 나올 만큼 의미 있는 변화를 경험했고, 핵심 요인으로는 꾸준한 실행 등을 꼽았다. 운영하면서는 꾸준히 업로드 · 운영하기에 특히 신경 썼고, 부업 이후의 변화로는 '꾸준히 하면 좋아요'라고 답했다. 처음 시작하는 사람에게는 초반에 크게 시작하면 안되는 것 같아요부터 점검하고, '오래 걸릴 수 있어요'라는 조언을 남겼다. 추가 메모로는 '처음부터 큰 기대를 하지 말고 꾸준히 계속하다 보면 좋은 결과가 나온다고 생각해요'라고 적었다.",온라인 판매·이커머스,online-commerce,6,6,100000,100000,true,SUCCESS_STORY,꾸준히 업로드 · 운영하기,꾸준한 실행;크게 시작하면 안되는 것 같아요,SUCCESS_STORY,HIGH,survey_attachment,,2026-06-12,SUCCESS
survey_attachment_success_014,"배달 (배민, 쿠팡이츠 등)을 운영하며 배운 점을 정리한 사례","배달 (배민, 쿠팡이츠 등)을 운영하며 배운 점을 정리한 사례","플랫폼 노동 부업을 1개월 미만 동안 이어가며 2시간 정도를 꾸준히 투입했다. 초기 투자금은 0원 수준이었고, 큰 수익으로 바로 이어지지는 않았지만 경험을 쌓는 계기가 됐다. 진행 과정에서는 '실제 수익 발생'라는 응답이 나올 만큼 의미 있는 변화를 경험했고, 핵심 요인으로는 시간 관리 등을 꼽았다. 운영하면서는 초기 비용 최소화하기에 특히 신경 썼고, 부업 이후의 변화로는 '작은 돈이라도 벌수있음에 좋았다'라고 답했다. 처음 시작하는 사람에게는 초반에 꾸준함이다부터 점검하고, '너무 큰 수익은 기대하지 말기'라는 조언을 남겼다. 추가 메모로는 '돈을 조금이라도 벌어보고자 시도했으나 부업보다 본업에 더 집중하기로 했다 ㅜㅜ'라고 적었다.",플랫폼 노동,platform-labor,1,2,0,,true,SUCCESS_STORY,초기 비용 최소화하기,시간 관리;꾸준함이다,SUCCESS_STORY,LOW,survey_attachment,,2026-06-11,SUCCESS
survey_attachment_success_015,"유튜브, 블로그으로 2만 원 수익을 만든 사례","유튜브, 블로그으로 2만 원 수익을 만든 사례","콘텐츠 · SNS 부업을 6개월 동안 이어가며 1시간 정도를 꾸준히 투입했다. 초기 투자금은 100,000원 수준이었고, 수익은 월 평균 20,000원 정도였다. 진행 과정에서는 '성취감 · 재미를 느낌, 마케팅 · 운영 감각 향상'라는 응답이 나올 만큼 의미 있는 변화를 경험했고, 핵심 요인으로는 꾸준한 실행, 시장 조사, SNS · 마케팅, 차별화된 아이템, 시간 관리, 커뮤니티 활용, 플랫폼 선택, 후기 · 리뷰 확보, 알고리즘 · 노출 영향 및 관련 경험 · 실무 능력 등을 꼽았다. 운영하면서는 꾸준히 업로드 · 운영하기, 고객 반응 빠르게 확인하기, 리뷰 · 후기 관리하기, 시장 · 경쟁 사례 분석하기 및 SNS 노출 늘리기에 특히 신경 썼고, 부업 이후의 변화로는 '부업을 하려면 제대로 준비하고 해야한다'라고 답했다. 처음 시작하는 사람에게는 초반에 시장조사 마케팅이 중요하다부터 점검하고, '할 수 있는 선에서 부업을 시작하기'라는 조언을 남겼다. 추가 메모로는 '부업을 하여 했지만 생각보다 준비 부족으로 부업을 접었습니다'라고 적었다.",콘텐츠 · SNS,content-sns,6,1,100000,20000,true,SUCCESS_STORY,꾸준히 업로드 · 운영하기;고객 반응 빠르게 확인하기;리뷰 · 후기 관리하기;시장 · 경쟁 사례 분석하기;SNS 노출 늘리기,꾸준한 실행;시장 조사;SNS · 마케팅;차별화된 아이템;시간 관리;커뮤니티 활용;플랫폼 선택;후기 · 리뷰 확보;알고리즘 · 노출 영향;관련 경험 · 실무 능력;시장조사 마케팅이 중요하다,SUCCESS_STORY,MEDIUM,survey_attachment,,2026-06-10,SUCCESS
survey_attachment_success_016,"배달 (배민, 쿠팡이츠 등)으로 10만 원 수익을 만든 사례","배달 (배민, 쿠팡이츠 등)으로 10만 원 수익을 만든 사례","플랫폼 노동 부업을 2개월 동안 이어가며 1시간 정도를 꾸준히 투입했다. 초기 투자금은 20,000원 수준이었고, 수익은 월 평균 100,000원 정도였다. 진행 과정에서는 '실제 수익 발생, 성취감 · 재미를 느낌'라는 응답이 나올 만큼 의미 있는 변화를 경험했고, 핵심 요인으로는 가격 전략 및 플랫폼 선택 등을 꼽았다. 운영하면서는 꾸준히 업로드 · 운영하기, 고객 반응 빠르게 확인하기 및 초기 비용 최소화하기에 특히 신경 썼고, 부업 이후의 변화로는 '소소하게 일상에서 돈을 벌 수 있는 다른 수단들을 찾아보게 되었습니다.'라고 답했다. 처음 시작하는 사람에게는 초반에 일단 시작해보는 것.부터 점검하고, '생각보다 어렵지 않으니 시도할 용기를 내 보라고 말하고 싶습니다.'라는 조언을 남겼다. 추가 메모로는 '친구의 추천을 받고 시작했고 택배 포장 등에 대한 어려움이 있을 것 같아 망설였는데 생각보다 초기 자본도 많이 들지 않았고 혼자서도 할 만했습니다. 소소하게 들어오는 돈이 있으니 거기서 재미를 찾게 되는 것 같아요.'라고 적었다.",플랫폼 노동,platform-labor,2,1,20000,100000,true,SUCCESS_STORY,꾸준히 업로드 · 운영하기;고객 반응 빠르게 확인하기;초기 비용 최소화하기,가격 전략;플랫폼 선택;일단 시작해보는 것.,SUCCESS_STORY,LOW,survey_attachment,,2026-06-09,SUCCESS
survey_attachment_success_017,"배달 (배민, 쿠팡이츠 등)으로 1만 원 수익을 만든 사례","배달 (배민, 쿠팡이츠 등)으로 1만 원 수익을 만든 사례","플랫폼 노동 부업을 1년 이상 동안 이어가며 1시간 미만 정도를 꾸준히 투입했다. 초기 투자금은 0원 수준이었고, 수익은 월 평균 10,000원 정도였다. 진행 과정에서는 '실제 수익 발생'라는 응답이 나올 만큼 의미 있는 변화를 경험했고, 핵심 요인으로는 꾸준한 실행 등을 꼽았다. 운영하면서는 꾸준히 업로드 · 운영하기 및 멘탈 관리 · 번아웃 조절하기에 특히 신경 썼고, 부업 이후의 변화로는 '꾸준한 작은 습관 유지'라고 답했다. 처음 시작하는 사람에게는 초반에 습관화부터 점검하고, '큰 수익을 기대하지 말고 작은 수익부터 시작하면 좋다'라는 조언을 남겼다. 추가 메모로는 '부수입을 벌기 위해 시작했다. 습관화 된 이후로 일상에서 큰 어려움 없이 작지만 돈을 벌고 있다.'라고 적었다.",플랫폼 노동,platform-labor,12,1,0,10000,true,SUCCESS_STORY,꾸준히 업로드 · 운영하기;멘탈 관리 · 번아웃 조절하기,꾸준한 실행;습관화,SUCCESS_STORY,LOW,survey_attachment,,2026-06-08,SUCCESS
survey_attachment_success_018,"주식, 코인으로 30만 원 수익을 만든 사례","주식, 코인으로 30만 원 수익을 만든 사례","투자 · 재테크 부업을 1년 이상 동안 이어가며 1시간 미만 정도를 꾸준히 투입했다. 초기 투자금은 20,000,000원 수준이었고, 수익은 월 평균 300,000원 정도였다. 진행 과정에서는 '실제 수익 발생'라는 응답이 나올 만큼 의미 있는 변화를 경험했고, 핵심 요인으로는 꾸준한 실행 및 초기 자본 투자 등을 꼽았다. 운영하면서는 가격 전략 조정하기 및 멘탈 관리 · 번아웃 조절하기에 특히 신경 썼고, 부업 이후의 변화로는 '미래에대한 불안감이 줄어들었어요'라고 답했다. 처음 시작하는 사람에게는 초반에 무리하지 않고 할수있을 만큼만 하는거부터 점검하고, '너무 조급해하지 않았으면 좋겠어요'라는 조언을 남겼다. 추가 메모로는 '월급만으로는 도저히 재산 불리기가 안될거같아서 주식, 공모주를 시작했는데 든든한 제 보험이 됬어요! 무리 하지 말고 정말 괜찮은 주식 몇개만 정해서 적금 하는것처럼 꾸준히 적립식으로 사면 생각보다 많이 모여요!!'라고 적었다.",투자 · 재테크,investment,12,1,20000000,300000,true,SUCCESS_STORY,가격 전략 조정하기;멘탈 관리 · 번아웃 조절하기,꾸준한 실행;초기 자본 투자;무리하지 않고 할수있을 만큼만 하는거,SUCCESS_STORY,HIGH,survey_attachment,,2026-06-07,SUCCESS
survey_attachment_success_019,"주식, 코인으로 500만 원 수익을 만든 사례","주식, 코인으로 500만 원 수익을 만든 사례","투자 · 재테크 부업을 1년 이상 동안 이어가며 6시간 정도를 꾸준히 투입했다. 초기 투자금은 200,000,000원 수준이었고, 수익은 월 평균 5,000,000원 정도였다. 진행 과정에서는 '실제 수익 발생, 자신감 · 경험 확보'라는 응답이 나올 만큼 의미 있는 변화를 경험했고, 핵심 요인으로는 꾸준한 실행, 시간 관리, 커뮤니티 활용, 후기 · 리뷰 확보 및 알고리즘 · 노출 영향 등을 꼽았다. 운영하면서는 시장 · 경쟁 사례 분석하기, 초기 비용 최소화하기 및 작업 시간 효율적으로 관리하기에 특히 신경 썼고, 부업 이후의 변화로는 '꾸준히노력하는게중요'라고 답했다. 처음 시작하는 사람에게는 초반에 다양한정보획득후.개인소신중요부터 점검하고, '처음부터쉽게생각하면.후일무조건안좋은일생김.꾸준함이필요'라는 조언을 남겼다. 추가 메모로는 '직접체험.직접판단.다른이의말은참고용판단은개인스스로'라고 적었다.",투자 · 재테크,investment,12,6,200000000,5000000,true,SUCCESS_STORY,시장 · 경쟁 사례 분석하기;초기 비용 최소화하기;작업 시간 효율적으로 관리하기,꾸준한 실행;시간 관리;커뮤니티 활용;후기 · 리뷰 확보;알고리즘 · 노출 영향;다양한정보획득후.개인소신중요,SUCCESS_STORY,HIGH,survey_attachment,,2026-06-06,SUCCESS
survey_attachment_success_020,"배달 (배민, 쿠팡이츠 등)으로 15만 원 수익을 만든 사례","배달 (배민, 쿠팡이츠 등)으로 15만 원 수익을 만든 사례","플랫폼 노동 부업을 1년 이상 동안 이어가며 5시간 정도를 꾸준히 투입했다. 초기 투자금은 0원 수준이었고, 수익은 월 평균 150,000원 정도였다. 진행 과정에서는 '실제 수익 발생, 성취감 · 재미를 느낌'라는 응답이 나올 만큼 의미 있는 변화를 경험했고, 핵심 요인으로는 꾸준한 실행 및 시간 관리 등을 꼽았다. 운영하면서는 작업 시간 효율적으로 관리하기 및 꾸준히 테스트하고 수정하기에 특히 신경 썼고, 부업 이후의 변화로는 '생'라고 답했다. 처음 시작하는 사람에게는 초반에 시간을 쪼개쓰기시작한다부터 점검하고, '꾸준히가 중요하다'라는 조언을 남겼다. 추가 메모로는 '처음에는 큰돈을 벌기보단 생활비에 보태기워해 시작하게되었고 꾸준히 버티고 하다보니 자그만하게 수익이생겼고 그뒤부터는 자신감이 붙어서 더 열심히 활동하고 수익을 창출했다'라고 적었다.",플랫폼 노동,platform-labor,12,5,0,150000,true,SUCCESS_STORY,작업 시간 효율적으로 관리하기;꾸준히 테스트하고 수정하기,꾸준한 실행;시간 관리;시간을 쪼개쓰기시작한다,SUCCESS_STORY,LOW,survey_attachment,,2026-06-05,SUCCESS
survey_attachment_success_021,"전자책 판매, 강의 제작 (클래스으로 50원 수익을 만든 사례","전자책 판매, 강의 제작 (클래스으로 50원 수익을 만든 사례","디지털 상품·지식 판매 부업을 9개월 동안 이어가며 3시간 정도를 꾸준히 투입했다. 초기 투자금은 100,000원 수준이었고, 수익은 월 평균 50원 정도였다. 진행 과정에서는 '부업의 지속 가능성 확인 (계속 해도 되겠다 싶은 가능성)'라는 응답이 나올 만큼 의미 있는 변화를 경험했고, 핵심 요인으로는 꾸준한 실행 및 후기 · 리뷰 확보 등을 꼽았다. 운영하면서는 타겟 고객층 명확하게 설정하기 및 작업 시간 효율적으로 관리하기에 특히 신경 썼고, 부업 이후의 변화로는 '자투리시간활용'라고 답했다. 처음 시작하는 사람에게는 초반에 꾸준히할수있는지부터 점검하고, '욕심없이하자'라는 조언을 남겼다. 추가 메모로는 '시간이남아서시작했는데 소소하게생활에도움됨'라고 적었다.",디지털 상품·지식 판매,digital-products,9,3,100000,50,true,SUCCESS_STORY,타겟 고객층 명확하게 설정하기;작업 시간 효율적으로 관리하기,꾸준한 실행;후기 · 리뷰 확보;꾸준히할수있는지,SUCCESS_STORY,MEDIUM,survey_attachment,,2026-06-04,SUCCESS
survey_attachment_success_022,"유튜브, 블로그으로 15만 원 수익을 만든 사례","유튜브, 블로그으로 15만 원 수익을 만든 사례","콘텐츠 · SNS 부업을 6개월 동안 이어가며 2시간 정도를 꾸준히 투입했다. 초기 투자금은 0원 수준이었고, 수익은 월 평균 150,000원 정도였다. 진행 과정에서는 '실제 수익 발생, 성취감 · 재미를 느낌'라는 응답이 나올 만큼 의미 있는 변화를 경험했고, 핵심 요인으로는 꾸준한 실행 등을 꼽았다. 운영하면서는 꾸준히 업로드 · 운영하기, 작업 시간 효율적으로 관리하기 및 멘탈 관리 · 번아웃 조절하기에 특히 신경 썼고, 부업 이후의 변화로는 '나름의 성취감도 있고 소소한 용돈 벌이가 가능해 일상의 활력을 주었다'라고 답했다. 처음 시작하는 사람에게는 초반에 수입에 연연하지 않고 꾸준하고 안정적인 토대 쌓기부터 점검하고, '수입을 떠나서 꾸준히 즐기면서 오래 할 수 있는 일인지가 중요한 것 같습니다'라는 조언을 남겼다. 추가 메모로는 '무료하고 반복되는 일상에 용돈 벌이도 할 겸 시작하게 되었고, 처음엔 과정 전반이 다소 복잡하게 느껴졌으나 점점 적응해 나가면서 흥미도 생기고 나중에는 일상에 활력을 불어 넣어주는 존재로써 그 가치를 느낄 수 있었습니다'라고 적었다.",콘텐츠 · SNS,content-sns,6,2,0,150000,true,SUCCESS_STORY,꾸준히 업로드 · 운영하기;작업 시간 효율적으로 관리하기;멘탈 관리 · 번아웃 조절하기,꾸준한 실행;수입에 연연하지 않고 꾸준하고 안정적인 토대 쌓기,SUCCESS_STORY,LOW,survey_attachment,,2026-06-03,SUCCESS
survey_attachment_success_023,"주식, 코인으로 10만 원 수익을 만든 사례","주식, 코인으로 10만 원 수익을 만든 사례","투자 · 재테크 부업을 5개월 동안 이어가며 1시간 미만 정도를 꾸준히 투입했다. 초기 투자금은 2,000,000원 수준이었고, 수익은 월 평균 100,000원 정도였다. 진행 과정에서는 '실제 수익 발생, 성취감 · 재미를 느낌'라는 응답이 나올 만큼 의미 있는 변화를 경험했고, 핵심 요인으로는 꾸준한 실행 및 시장 조사 등을 꼽았다. 운영하면서는 꾸준히 테스트하고 수정하기에 특히 신경 썼고, 부업 이후의 변화로는 '없음'라고 답했다. 처음 시작하는 사람에게는 초반에 꾸준히부터 점검하고, '없음'라는 조언을 남겼다. 추가 메모로는 '과감히 투자'라고 적었다.",투자 · 재테크,investment,5,1,2000000,100000,true,SUCCESS_STORY,꾸준히 테스트하고 수정하기,꾸준한 실행;시장 조사;꾸준히,SUCCESS_STORY,HIGH,survey_attachment,,2026-06-02,SUCCESS
survey_attachment_success_024,"주식, 코인으로 200만 원 수익을 만든 사례","주식, 코인으로 200만 원 수익을 만든 사례","투자 · 재테크 부업을 2개월 동안 이어가며 1시간 미만 정도를 꾸준히 투입했다. 초기 투자금은 금액 정보 없음 수준이었고, 수익은 월 평균 2,000,000원 정도였다. 진행 과정에서는 '실제 수익 발생'라는 응답이 나올 만큼 의미 있는 변화를 경험했고, 핵심 요인으로는 시장 조사 등을 꼽았다. 운영하면서는 꾸준히 테스트하고 수정하기에 특히 신경 썼고, 부업 이후의 변화로는 '수익 생김'라고 답했다. 처음 시작하는 사람에게는 초반에 손실 버티기부터 점검하고, '손실이 나도 재도전'라는 조언을 남겼다. 추가 메모로는 '투자 경험 필요해서 해봄 어려운건 딱히 없음'라고 적었다.",투자 · 재테크,investment,2,1,,2000000,true,SUCCESS_STORY,꾸준히 테스트하고 수정하기,시장 조사;손실 버티기,SUCCESS_STORY,HIGH,survey_attachment,,2026-06-01,SUCCESS
survey_attachment_success_025,"배달 (배민, 쿠팡이츠 등)으로 10만 원 수익을 만든 사례","배달 (배민, 쿠팡이츠 등)으로 10만 원 수익을 만든 사례","플랫폼 노동 부업을 2개월 동안 이어가며 1시간 정도를 꾸준히 투입했다. 초기 투자금은 0원 수준이었고, 수익은 월 평균 100,000원 정도였다. 진행 과정에서는 '실제 수익 발생, 성취감 · 재미를 느낌'라는 응답이 나올 만큼 의미 있는 변화를 경험했고, 핵심 요인으로는 꾸준한 실행 및 시간 관리 등을 꼽았다. 운영하면서는 꾸준히 업로드 · 운영하기 및 SNS 노출 늘리기에 특히 신경 썼고, 부업 이후의 변화로는 '수익금은 많지 않지만 동기부여도 되고 재밌었다'라고 답했다. 처음 시작하는 사람에게는 초반에 너무 큰 목표를 잡지않고 꾸준하게 하는것부터 점검하고, '그냥 소소한 재미로만 시작해라'라는 조언을 남겼다. 추가 메모로는 '그냥 작은 돈이라도 수입을 늘리고 싶어서 알바끝나면 집가는길에 배민 두세개 배달하고 블로그도 꾸준히 작성해서 월 만원 안되게 받음'라고 적었다.",플랫폼 노동,platform-labor,2,1,0,100000,true,SUCCESS_STORY,꾸준히 업로드 · 운영하기;SNS 노출 늘리기,꾸준한 실행;시간 관리;너무 큰 목표를 잡지않고 꾸준하게 하는것,SUCCESS_STORY,LOW,survey_attachment,,2026-05-31,SUCCESS
survey_attachment_success_026,"배달 (배민, 쿠팡이츠 등)으로 4만 원 수익을 만든 사례","배달 (배민, 쿠팡이츠 등)으로 4만 원 수익을 만든 사례","플랫폼 노동 부업을 1년 이상 동안 이어가며 1시간 미만 정도를 꾸준히 투입했다. 초기 투자금은 0원 수준이었고, 수익은 월 평균 40,000원 정도였다. 진행 과정에서는 '실제 수익 발생, 부업의 지속 가능성 확인 (계속 해도 되겠다 싶은 가능성)'라는 응답이 나올 만큼 의미 있는 변화를 경험했고, 핵심 요인으로는 꾸준한 실행 등을 꼽았다. 운영하면서는 꾸준히 테스트하고 수정하기에 특히 신경 썼고, 부업 이후의 변화로는 '생각보다 부수익 창출이 어렵지 않다고 느꼈습니다'라고 답했다. 처음 시작하는 사람에게는 초반에 감당할수있는 만큼만 하는것부터 점검하고, '꾸준히 하는게 중요함'라는 조언을 남겼다. 추가 메모로는 '부수입이 필요해 시작했고 이것저것 알아보면서 여러가지 기회를 찾아보았습니다'라고 적었다.",플랫폼 노동,platform-labor,12,1,0,40000,true,SUCCESS_STORY,꾸준히 테스트하고 수정하기,꾸준한 실행;감당할수있는 만큼만 하는것,SUCCESS_STORY,LOW,survey_attachment,,2026-05-30,SUCCESS
survey_attachment_success_027,"주식, 코인에서 부업 가능성을 확인한 사례","주식, 코인에서 부업 가능성을 확인한 사례","투자 · 재테크 부업을 8개월 동안 이어가며 1시간 미만 정도를 꾸준히 투입했다. 초기 투자금은 100,000,000원 수준이었고, 큰 수익으로 바로 이어지지는 않았지만 경험을 쌓는 계기가 됐다. 진행 과정에서는 '부업의 지속 가능성 확인 (계속 해도 되겠다 싶은 가능성), 성취감 · 재미를 느낌'라는 응답이 나올 만큼 의미 있는 변화를 경험했고, 핵심 요인으로는 관련 경험 · 실무 능력 등을 꼽았다. 운영하면서는 커뮤니티 · 지인 활용하기에 특히 신경 썼고, 부업 이후의 변화로는 '없음'라고 답했다. 처음 시작하는 사람에게는 초반에 투자금액 적당히부터 점검하고, '없음'라는 조언을 남겼다. 추가 메모로는 '시장조사가 중요함'라고 적었다.",투자 · 재테크,investment,8,1,100000000,,true,SUCCESS_STORY,커뮤니티 · 지인 활용하기,관련 경험 · 실무 능력;투자금액 적당히,SUCCESS_STORY,HIGH,survey_attachment,,2026-05-29,SUCCESS
survey_attachment_success_028,"주식, 코인으로 500만 원 수익을 만든 사례","주식, 코인으로 500만 원 수익을 만든 사례","투자 · 재테크 부업을 3개월 동안 이어가며 1시간 미만 정도를 꾸준히 투입했다. 초기 투자금은 10,000,000원 수준이었고, 수익은 월 평균 5,000,000원 정도였다. 진행 과정에서는 '실제 수익 발생, 부업의 지속 가능성 확인 (계속 해도 되겠다 싶은 가능성)'라는 응답이 나올 만큼 의미 있는 변화를 경험했고, 핵심 요인으로는 꾸준한 실행 및 시장 조사 등을 꼽았다. 운영하면서는 멘탈 관리 · 번아웃 조절하기에 특히 신경 썼고, 부업 이후의 변화로는 '공부를 더 하게 됨'라고 답했다. 처음 시작하는 사람에게는 초반에 멘탈부터 점검하고, '멘탈관리 중요함'라는 조언을 남겼다. 추가 메모로는 '잡주 투자하지 말고 우량주만'라고 적었다.",투자 · 재테크,investment,3,1,10000000,5000000,true,SUCCESS_STORY,멘탈 관리 · 번아웃 조절하기,꾸준한 실행;시장 조사;멘탈,SUCCESS_STORY,HIGH,survey_attachment,,2026-05-28,SUCCESS
survey_attachment_success_029,"주식, 코인으로 100원 수익을 만든 사례","주식, 코인으로 100원 수익을 만든 사례","투자 · 재테크 부업을 1년 이상 동안 이어가며 3시간 정도를 꾸준히 투입했다. 초기 투자금은 5,000원 수준이었고, 수익은 월 평균 100원 정도였다. 진행 과정에서는 '실제 수익 발생'라는 응답이 나올 만큼 의미 있는 변화를 경험했고, 핵심 요인으로는 시장 조사 및 가격 전략 등을 꼽았다. 운영하면서는 가격 전략 조정하기에 특히 신경 썼고, 부업 이후의 변화로는 '주변사람들한테 더 베풀게 돼요'라고 답했다. 처음 시작하는 사람에게는 초반에 가격조정부터 점검하고, '잘 생각해보고 여유가 있는 사람이 하는게 좋아요'라는 조언을 남겼다. 추가 메모로는 '어려움은 가격조절과 시장조사입니다'라고 적었다.",투자 · 재테크,investment,12,3,5000,100,true,SUCCESS_STORY,가격 전략 조정하기,시장 조사;가격 전략;가격조정,SUCCESS_STORY,HIGH,survey_attachment,,2026-05-27,SUCCESS
survey_attachment_success_030,설문조사 어플으로 6만 원 수익을 만든 사례,설문조사 어플으로 6만 원 수익을 만든 사례,"플랫폼 노동 부업을 11개월 동안 이어가며 1시간 정도를 꾸준히 투입했다. 초기 투자금은 0원 수준이었고, 수익은 월 평균 60,000원 정도였다. 진행 과정에서는 '실제 수익 발생, 성취감 · 재미를 느낌'라는 응답이 나올 만큼 의미 있는 변화를 경험했고, 핵심 요인으로는 꾸준한 실행 등을 꼽았다. 운영하면서는 꾸준히 테스트하고 수정하기에 특히 신경 썼고, 부업 이후의 변화로는 '지갑이 채워지니 안심도 되고 기분이 좋아졌다'라고 답했다. 처음 시작하는 사람에게는 초반에 적응해 나가는 것부터 점검하고, '생각보다 가성비가 떨어진다고 초반에 느낄 수 있는데, 그걸 극복해야 한다'라는 조언을 남겼다. 추가 메모로는 '치지직 방송을 보며 치즈 충전을 위해 돈을 벌 방법을 찾다가 네이버페이포인트를 쌓을 수 있는 방법으로 설문조사 어플을 시작하게 되었습니다'라고 적었다.",플랫폼 노동,platform-labor,11,1,0,60000,true,SUCCESS_STORY,꾸준히 테스트하고 수정하기,꾸준한 실행;적응해 나가는 것,SUCCESS_STORY,LOW,survey_attachment,,2026-05-26,SUCCESS
survey_attachment_success_031,"전자책 판매, 강의 제작 (클래스으로 200원 수익을 만든 사례","전자책 판매, 강의 제작 (클래스으로 200원 수익을 만든 사례","디지털 상품·지식 판매 부업을 1년 이상 동안 이어가며 6시간 정도를 꾸준히 투입했다. 초기 투자금은 100원 수준이었고, 수익은 월 평균 200원 정도였다. 진행 과정에서는 '실무 능력 · 제작 능력 향상, 마케팅 · 운영 감각 향상'라는 응답이 나올 만큼 의미 있는 변화를 경험했고, 핵심 요인으로는 멘토링 · 강의 참고 및 관련 경험 · 실무 능력 등을 꼽았다. 운영하면서는 고객 반응 빠르게 확인하기, 리뷰 · 후기 관리하기 및 재구매 · 재방문 유도하기에 특히 신경 썼고, 부업 이후의 변화로는 '무엇이든 성실해야한다'라고 답했다. 처음 시작하는 사람에게는 초반에 욕심부리지않는것부터 점검하고, '성실히 꾸준히하면 답이 보인다'라는 조언을 남겼다. 추가 메모로는 '아이 어린이지보내고 주변의 권유로 시작 성취감도느꼈지만 다른일을 병행하면서(육아, 집안일) 성실하지못해 자괴감과 무력감도 느낌 하지만 언제든 다시 무슨일이던 시도할수있다는 자신감과 값진경험을 한듯하다'라고 적었다.",디지털 상품·지식 판매,digital-products,12,6,100,200,true,SUCCESS_STORY,고객 반응 빠르게 확인하기;리뷰 · 후기 관리하기;재구매 · 재방문 유도하기,멘토링 · 강의 참고;관련 경험 · 실무 능력;욕심부리지않는것,SUCCESS_STORY,HIGH,survey_attachment,,2026-05-25,SUCCESS
survey_attachment_success_032,"유튜브, 블로그으로 1만 원 수익을 만든 사례","유튜브, 블로그으로 1만 원 수익을 만든 사례","콘텐츠 · SNS 부업을 3개월 동안 이어가며 3시간 정도를 꾸준히 투입했다. 초기 투자금은 0원 수준이었고, 수익은 월 평균 10,000원 정도였다. 진행 과정에서는 '실제 수익 발생, 팔로워 · 조회수 증가'라는 응답이 나올 만큼 의미 있는 변화를 경험했고, 핵심 요인으로는 꾸준한 실행 및 운 · 타이밍 등을 꼽았다. 운영하면서는 고객 반응 빠르게 확인하기에 특히 신경 썼고, 부업 이후의 변화로는 '누구나 돈은 벌수 있다'라고 답했다. 처음 시작하는 사람에게는 초반에 알고리즘 타기부터 점검하고, '저는 시작안할것 같아요 약간 시간낭비느낌있어서'라는 조언을 남겼다. 추가 메모로는 '생각 보다 수익이 잘나는게 아니라서 꾸준히하기 힘들어요'라고 적었다.",콘텐츠 · SNS,content-sns,3,3,0,10000,true,SUCCESS_STORY,고객 반응 빠르게 확인하기,꾸준한 실행;운 · 타이밍;알고리즘 타기,SUCCESS_STORY,LOW,survey_attachment,,2026-05-24,SUCCESS
survey_attachment_success_033,"주식, 코인으로 120원 수익을 만든 사례","주식, 코인으로 120원 수익을 만든 사례","투자 · 재테크 부업을 1년 이상 동안 이어가며 4시간 정도를 꾸준히 투입했다. 초기 투자금은 8,000원 수준이었고, 수익은 월 평균 120원 정도였다. 진행 과정에서는 '실제 수익 발생, 성취감 · 재미를 느낌'라는 응답이 나올 만큼 의미 있는 변화를 경험했고, 핵심 요인으로는 커뮤니티 활용 및 초기 자본 투자 등을 꼽았다. 운영하면서는 가격 전략 조정하기, 멘탈 관리 · 번아웃 조절하기 및 커뮤니티 · 지인 활용하기에 특히 신경 썼고, 부업 이후의 변화로는 '새로운 꿈을 가졌다'라고 답했다. 처음 시작하는 사람에게는 초반에 멘탈관리부터 점검하고, '시장조사 꼼꼼'라는 조언을 남겼다. 추가 메모로는 '주위에서 다들 재테크.투자로 재미볼때 저도 지인의 권유로 주식 부동산 재테크에 공부하며 3개월정도 공부 시장조사후 투자시작'라고 적었다.",투자 · 재테크,investment,12,4,8000,120,true,SUCCESS_STORY,가격 전략 조정하기;멘탈 관리 · 번아웃 조절하기;커뮤니티 · 지인 활용하기,커뮤니티 활용;초기 자본 투자;멘탈관리,SUCCESS_STORY,HIGH,survey_attachment,,2026-05-23,SUCCESS
survey_attachment_success_034,"공방, 핸드메이드으로 30만 원 수익을 만든 사례","공방, 핸드메이드으로 30만 원 수익을 만든 사례","오프라인 부업 부업을 3개월 동안 이어가며 4시간 정도를 꾸준히 투입했다. 초기 투자금은 500,000원 수준이었고, 수익은 월 평균 300,000원 정도였다. 진행 과정에서는 '실제 수익 발생, 자신감 · 경험 확보'라는 응답이 나올 만큼 의미 있는 변화를 경험했고, 핵심 요인으로는 꾸준한 실행, 시장 조사 및 운 · 타이밍 등을 꼽았다. 운영하면서는 꾸준히 업로드 · 운영하기, 고객 반응 빠르게 확인하기 및 시장 · 경쟁 사례 분석하기에 특히 신경 썼고, 부업 이후의 변화로는 '부업수익이 조금이라도 있으니 좋았습니다'라고 답했다. 처음 시작하는 사람에게는 초반에 시장 조사 및 잘 되는 사람의 이유부터 점검하고, '꾸준히 포기말고 하세요. 대신 트렌드에 민감하게!'라는 조언을 남겼다. 추가 메모로는 '학생이라 알바를 많이 했었는데 심적으로 체력적으로 많이 힘들었어요. 조금이라도 알바를 줄여보고자 시작한 부업이었는데 어떤 걸 해야할지 모르겠더라구요. 일단 내가 뭘 좋아하는지 생각해봤는데 손으로 만드는걸 좋아하는 전 뜨개질 파우치 사업을 시작했습니다. 일단 수작업이다 보니 너무 힘들고 하나 만드는데 시간도 오래걸리는게 힘들었어요. 이건 수작업인 이상 극복 불가 문제이지만, 점차 속도가 빨라지고 있답니다!'라고 적었다.",오프라인 부업,offline-sidejob,3,4,500000,300000,true,SUCCESS_STORY,꾸준히 업로드 · 운영하기;고객 반응 빠르게 확인하기;시장 · 경쟁 사례 분석하기,꾸준한 실행;시장 조사;운 · 타이밍;잘 되는 사람의 이유,SUCCESS_STORY,MEDIUM,survey_attachment,,2026-05-22,SUCCESS
survey_attachment_success_035,"디자인, 영상 편집에서 부업 가능성을 확인한 사례","디자인, 영상 편집에서 부업 가능성을 확인한 사례","재능 판매·프리랜서 부업을 1개월 미만 동안 이어가며 1시간 정도를 꾸준히 투입했다. 초기 투자금은 200,000원 수준이었고, 큰 수익으로 바로 이어지지는 않았지만 경험을 쌓는 계기가 됐다. 진행 과정에서는 '새로운 커리어 가능성 발견, 성취감 · 재미를 느낌'라는 응답이 나올 만큼 의미 있는 변화를 경험했고, 핵심 요인으로는 SNS · 마케팅 및 운 · 타이밍 등을 꼽았다. 운영하면서는 꾸준히 업로드 · 운영하기, 고객 반응 빠르게 확인하기, 시장 · 경쟁 사례 분석하기, 썸네일 · 디자인 퀄리티 높이기 및 타겟 고객층 명확하게 설정하기에 특히 신경 썼고, 부업 이후의 변화로는 '새로운 분야에 대해 더욱 알고싶다는 생각이 들었다.'라고 답했다. 처음 시작하는 사람에게는 초반에 타깃층을 명확히 설정하는 것부터 점검하고, '예시와 같아요.'라는 조언을 남겼다. 추가 메모로는 '.'라고 적었다.",재능 판매·프리랜서,talent-freelance,1,1,200000,0,true,SUCCESS_STORY,꾸준히 업로드 · 운영하기;고객 반응 빠르게 확인하기;시장 · 경쟁 사례 분석하기;썸네일 · 디자인 퀄리티 높이기;타겟 고객층 명확하게 설정하기,SNS · 마케팅;운 · 타이밍;타깃층을 명확히 설정하는 것,SUCCESS_STORY,MEDIUM,survey_attachment,,2026-05-21,SUCCESS
survey_attachment_success_036,"스마트스토어, 쿠팡으로 670만 원 수익을 만든 사례","스마트스토어, 쿠팡으로 670만 원 수익을 만든 사례","온라인 판매·이커머스 부업을 6개월 동안 이어가며 6시간 정도를 꾸준히 투입했다. 초기 투자금은 500,000원 수준이었고, 수익은 월 평균 6,700,000원 정도였다. 진행 과정에서는 '실제 수익 발생, 팔로워 · 조회수 증가'라는 응답이 나올 만큼 의미 있는 변화를 경험했고, 핵심 요인으로는 꾸준한 실행 및 SNS · 마케팅 등을 꼽았다. 운영하면서는 꾸준히 업로드 · 운영하기 및 초기 비용 최소화하기에 특히 신경 썼고, 부업 이후의 변화로는 '경력단절 후 시작했던 거라 성취감이 더 크게 느껴졌어요'라고 답했다. 처음 시작하는 사람에게는 초반에 조금씩 더디더라도 탄탄하게 꾸준히하는것부터 점검하고, '조바심내지않기'라는 조언을 남겼다. 추가 메모로는 '출산으로 경력이 단절되어있다가 어린아이 양육하면서 할수있는 부업을 탐색하다가'라고 적었다.",온라인 판매·이커머스,online-commerce,6,6,500000,6700000,true,SUCCESS_STORY,꾸준히 업로드 · 운영하기;초기 비용 최소화하기,꾸준한 실행;SNS · 마케팅;조금씩 더디더라도 탄탄하게 꾸준히하는것,SUCCESS_STORY,HIGH,survey_attachment,,2026-05-20,SUCCESS
survey_attachment_success_037,"공방, 핸드메이드으로 20만 원 수익을 만든 사례","공방, 핸드메이드으로 20만 원 수익을 만든 사례","오프라인 부업 부업을 1년 이상 동안 이어가며 4시간 정도를 꾸준히 투입했다. 초기 투자금은 0원 수준이었고, 수익은 월 평균 200,000원 정도였다. 진행 과정에서는 '실제 수익 발생, 실무 능력 · 제작 능력 향상'라는 응답이 나올 만큼 의미 있는 변화를 경험했고, 핵심 요인으로는 꾸준한 실행, 시간 관리 및 관련 경험 · 실무 능력 등을 꼽았다. 운영하면서는 작업 시간 효율적으로 관리하기 및 꾸준히 테스트하고 수정하기에 특히 신경 썼고, 부업 이후의 변화로는 '부지런하고 행동이 빨라야 한다.'라고 답했다. 처음 시작하는 사람에게는 초반에 시장조사.부터 점검하고, '좋아하는 일로 수익을 얻을수 있는 일을 찾아요.'라는 조언을 남겼다. 추가 메모로는 '필요에 의해 시작했고 본인의 성격에 맞는 일을 선택해서 스트레스 받지 않게 조절하면서 꾸준히 갈 수 있는 일을 하시길~~'라고 적었다.",오프라인 부업,offline-sidejob,12,4,0,200000,true,SUCCESS_STORY,작업 시간 효율적으로 관리하기;꾸준히 테스트하고 수정하기,꾸준한 실행;시간 관리;관련 경험 · 실무 능력;시장조사.,SUCCESS_STORY,LOW,survey_attachment,,2026-05-19,SUCCESS
survey_attachment_success_038,"전자책 판매, 강의 제작 (클래스으로 20만 원 수익을 만든 사례","전자책 판매, 강의 제작 (클래스으로 20만 원 수익을 만든 사례","디지털 상품·지식 판매 부업을 4개월 동안 이어가며 3시간 정도를 꾸준히 투입했다. 초기 투자금은 0원 수준이었고, 수익은 월 평균 200,000원 정도였다. 진행 과정에서는 '실제 수익 발생'라는 응답이 나올 만큼 의미 있는 변화를 경험했고, 핵심 요인으로는 SNS · 마케팅 및 초기 자본 투자 등을 꼽았다. 운영하면서는 고객 반응 빠르게 확인하기에 특히 신경 썼고, 부업 이후의 변화로는 '꾸준히해야'라고 답했다. 처음 시작하는 사람에게는 초반에 밀단 도전해보는것부터 점검하고, '없음'라는 조언을 남겼다. 추가 메모로는 '없음'라고 적었다.",디지털 상품·지식 판매,digital-products,4,3,0,200000,true,SUCCESS_STORY,고객 반응 빠르게 확인하기,SNS · 마케팅;초기 자본 투자;밀단 도전해보는것,SUCCESS_STORY,LOW,survey_attachment,,2026-05-18,SUCCESS
survey_attachment_success_039,"배달 (배민, 쿠팡이츠 등)으로 600원 수익을 만든 사례","배달 (배민, 쿠팡이츠 등)으로 600원 수익을 만든 사례","플랫폼 노동 부업을 5개월 동안 이어가며 2시간 정도를 꾸준히 투입했다. 초기 투자금은 50,000원 수준이었고, 수익은 월 평균 600원 정도였다. 진행 과정에서는 '반복 구매 · 재방문 경험, 성취감 · 재미를 느낌'라는 응답이 나올 만큼 의미 있는 변화를 경험했고, 핵심 요인으로는 가격 전략, 초기 자본 투자, 후기 · 리뷰 확보 및 알고리즘 · 노출 영향 등을 꼽았다. 운영하면서는 꾸준히 업로드 · 운영하기에 특히 신경 썼고, 부업 이후의 변화로는 '쏠쏠하다'라고 답했다. 처음 시작하는 사람에게는 초반에 업로드부터 점검하고, '꾸준히기다리세요'라는 조언을 남겼다. 추가 메모로는 '꾸준함이중요해요'라고 적었다.",플랫폼 노동,platform-labor,5,2,50000,600,true,SUCCESS_STORY,꾸준히 업로드 · 운영하기,가격 전략;초기 자본 투자;후기 · 리뷰 확보;알고리즘 · 노출 영향;업로드,SUCCESS_STORY,LOW,survey_attachment,,2026-05-17,SUCCESS
survey_attachment_success_040,"유튜브, 블로그으로 10만 원 수익을 만든 사례","유튜브, 블로그으로 10만 원 수익을 만든 사례","콘텐츠 · SNS 부업을 6개월 동안 이어가며 3시간 정도를 꾸준히 투입했다. 초기 투자금은 0원 수준이었고, 수익은 월 평균 100,000원 정도였다. 진행 과정에서는 '첫 수익 발생 이후 유지'라는 응답이 나올 만큼 의미 있는 변화를 경험했고, 핵심 요인으로는 시장 조사 등을 꼽았다. 운영하면서는 SNS 노출 늘리기에 특히 신경 썼고, 부업 이후의 변화로는 '안정적인 수입'라고 답했다. 처음 시작하는 사람에게는 초반에 공부적당히하기부터 점검하고, '기다림'라는 조언을 남겼다. 추가 메모로는 '그냥 할일없어서시작해봤다'라고 적었다.",콘텐츠 · SNS,content-sns,6,3,0,100000,true,SUCCESS_STORY,SNS 노출 늘리기,시장 조사;공부적당히하기,SUCCESS_STORY,LOW,survey_attachment,,2026-05-16,SUCCESS
survey_attachment_success_041,"배달 (배민, 쿠팡이츠 등)으로 25원 수익을 만든 사례","배달 (배민, 쿠팡이츠 등)으로 25원 수익을 만든 사례","플랫폼 노동 부업을 3개월 동안 이어가며 2시간 정도를 꾸준히 투입했다. 초기 투자금은 0원 수준이었고, 수익은 월 평균 25원 정도였다. 진행 과정에서는 '실제 수익 발생'라는 응답이 나올 만큼 의미 있는 변화를 경험했고, 핵심 요인으로는 꾸준한 실행 등을 꼽았다. 운영하면서는 가격 전략 조정하기에 특히 신경 썼고, 부업 이후의 변화로는 '경제적 자신감'라고 답했다. 처음 시작하는 사람에게는 초반에 사전 준비부터 점검하고, '꾸준히가 중요'라는 조언을 남겼다. 추가 메모로는 '주변 권유'라고 적었다.",플랫폼 노동,platform-labor,3,2,0,25,true,SUCCESS_STORY,가격 전략 조정하기,꾸준한 실행;사전 준비,SUCCESS_STORY,LOW,survey_attachment,,2026-05-15,SUCCESS
survey_attachment_success_042,"스마트스토어, 쿠팡으로 100만 원 수익을 만든 사례","스마트스토어, 쿠팡으로 100만 원 수익을 만든 사례","온라인 판매·이커머스 부업을 1년 이상 동안 이어가며 3시간 정도를 꾸준히 투입했다. 초기 투자금은 10,000,000원 수준이었고, 수익은 월 평균 1,000,000원 정도였다. 진행 과정에서는 '부업의 지속 가능성 확인 (계속 해도 되겠다 싶은 가능성), 본업 확장 가능성 발견'라는 응답이 나올 만큼 의미 있는 변화를 경험했고, 핵심 요인으로는 꾸준한 실행, SNS · 마케팅, 차별화된 아이템, 시간 관리, 썸네일 · 디자인 개선, 초기 자본 투자, 후기 · 리뷰 확보 및 알고리즘 · 노출 영향 등을 꼽았다. 운영하면서는 고객 반응 빠르게 확인하기, 썸네일 · 디자인 퀄리티 높이기, 재구매 · 재방문 유도하기 및 플랫폼 알고리즘 분석하기에 특히 신경 썼고, 부업 이후의 변화로는 '부업으로 시작했지만 본업 스킬을 많이 쌓아서 재택부업 이상의 성과를 바라볼수 있다는 점'라고 답했다. 처음 시작하는 사람에게는 초반에 과감한 시간 투자와 추진력(실행력)부터 점검하고, '꾸준함과 실행력'라는 조언을 남겼다. 추가 메모로는 '자영업을 하면서 시간 쪼개기로 시작하였으며 꾸준하게 정보 습득하고 실행에 옮기면서 성과를 내는것이 중요 합니다'라고 적었다.",온라인 판매·이커머스,online-commerce,12,3,10000000,1000000,true,SUCCESS_STORY,고객 반응 빠르게 확인하기;썸네일 · 디자인 퀄리티 높이기;재구매 · 재방문 유도하기;플랫폼 알고리즘 분석하기,꾸준한 실행;SNS · 마케팅;차별화된 아이템;시간 관리;썸네일 · 디자인 개선;초기 자본 투자;후기 · 리뷰 확보;알고리즘 · 노출 영향;과감한 시간 투자와 추진력(실행력),SUCCESS_STORY,HIGH,survey_attachment,,2026-05-14,SUCCESS
survey_attachment_success_043,"전자책 판매, 강의 제작 (클래스을 운영하며 배운 점을 정리한 사례","전자책 판매, 강의 제작 (클래스을 운영하며 배운 점을 정리한 사례","디지털 상품·지식 판매 부업을 2개월 동안 이어가며 1시간 정도를 꾸준히 투입했다. 초기 투자금은 0원 수준이었고, 큰 수익으로 바로 이어지지는 않았지만 경험을 쌓는 계기가 됐다. 진행 과정에서는 '실제 수익 발생'라는 응답이 나올 만큼 의미 있는 변화를 경험했고, 핵심 요인으로는 운 · 타이밍 등을 꼽았다. 운영하면서는 꾸준히 업로드 · 운영하기 및 썸네일 · 디자인 퀄리티 높이기에 특히 신경 썼고, 부업 이후의 변화로는 '나의 취미영역을 확장하게 되었다.'라고 답했다. 처음 시작하는 사람에게는 초반에 관련 업계에 대한 시장조사가 매우 중요하다.부터 점검하고, '큰 수익을 기대하고 시작하지는 말자'라는 조언을 남겼다. 추가 메모로는 '내가 생각했던 것보다 수입이 훨씬 적고, 수익 발생 자체가 힘들다'라고 적었다.",디지털 상품·지식 판매,digital-products,2,1,0,0,true,SUCCESS_STORY,꾸준히 업로드 · 운영하기;썸네일 · 디자인 퀄리티 높이기,운 · 타이밍;관련 업계에 대한 시장조사가 매우 중요하다.,SUCCESS_STORY,LOW,survey_attachment,,2026-05-13,SUCCESS
survey_attachment_success_044,"주식, 코인으로 200원 수익을 만든 사례","주식, 코인으로 200원 수익을 만든 사례","투자 · 재테크 부업을 1년 이상 동안 이어가며 1시간 미만 정도를 꾸준히 투입했다. 초기 투자금은 500,000,000원 수준이었고, 수익은 월 평균 200원 정도였다. 진행 과정에서는 '실제 수익 발생'라는 응답이 나올 만큼 의미 있는 변화를 경험했고, 핵심 요인으로는 운 · 타이밍 및 초기 자본 투자 등을 꼽았다. 운영하면서는 가격 전략 조정하기, 멘탈 관리 · 번아웃 조절하기 및 꾸준히 테스트하고 수정하기에 특히 신경 썼고, 부업 이후의 변화로는 '눈 앞에 손실에 대해 겸연해짐'라고 답했다. 처음 시작하는 사람에게는 초반에 멘탈관리부터 점검하고, '적립식 투자'라는 조언을 남겼다. 추가 메모로는 '물가상승률대비 투자 없인 가만히 있어도 손실이라 시작'라고 적었다.",투자 · 재테크,investment,12,1,500000000,200,true,SUCCESS_STORY,가격 전략 조정하기;멘탈 관리 · 번아웃 조절하기;꾸준히 테스트하고 수정하기,운 · 타이밍;초기 자본 투자;멘탈관리,SUCCESS_STORY,HIGH,survey_attachment,,2026-05-12,SUCCESS
survey_attachment_success_045,"유튜브, 블로그으로 5,000원 수익을 만든 사례","유튜브, 블로그으로 5,000원 수익을 만든 사례","콘텐츠 · SNS 부업을 1년 이상 동안 이어가며 3시간 정도를 꾸준히 투입했다. 초기 투자금은 0원 수준이었고, 수익은 월 평균 5,000원 정도였다. 진행 과정에서는 '실제 수익 발생, 성취감 · 재미를 느낌'라는 응답이 나올 만큼 의미 있는 변화를 경험했고, 핵심 요인으로는 꾸준한 실행 등을 꼽았다. 운영하면서는 꾸준히 테스트하고 수정하기에 특히 신경 썼고, 부업 이후의 변화로는 '소소하게 용돈느낌으로 벌기좋았어요'라고 답했다. 처음 시작하는 사람에게는 초반에 인내심 한번에 얻을수없어서부터 점검하고, '큰수익기대하지말고 소소하게 받는다는걸 알기'라는 조언을 남겼다. 추가 메모로는 '돈이부족해서 시작했는데 어느정도 벌수있어서 좋았다'라고 적었다.",콘텐츠 · SNS,content-sns,12,3,0,5000,true,SUCCESS_STORY,꾸준히 테스트하고 수정하기,꾸준한 실행;인내심 한번에 얻을수없어서,SUCCESS_STORY,LOW,survey_attachment,,2026-05-11,SUCCESS
survey_attachment_success_046,"스마트스토어, 쿠팡으로 30만 원 수익을 만든 사례","스마트스토어, 쿠팡으로 30만 원 수익을 만든 사례","온라인 판매·이커머스 부업을 6개월 동안 이어가며 2시간 정도를 꾸준히 투입했다. 초기 투자금은 100,000원 수준이었고, 수익은 월 평균 300,000원 정도였다. 진행 과정에서는 '실제 수익 발생, 팔로워 · 조회수 증가'라는 응답이 나올 만큼 의미 있는 변화를 경험했고, 핵심 요인으로는 꾸준한 실행 및 시장 조사 등을 꼽았다. 운영하면서는 꾸준히 업로드 · 운영하기에 특히 신경 썼고, 부업 이후의 변화로는 '자신감이 생김'라고 답했다. 처음 시작하는 사람에게는 초반에 일단 시작하는 것부터 점검하고, '꾸준히만 하면 무조건 됨'라는 조언을 남겼다. 추가 메모로는 '블로그나 인스타등등 sns'라고 적었다.",온라인 판매·이커머스,online-commerce,6,2,100000,300000,true,SUCCESS_STORY,꾸준히 업로드 · 운영하기,꾸준한 실행;시장 조사;일단 시작하는 것,SUCCESS_STORY,MEDIUM,survey_attachment,,2026-05-10,SUCCESS
survey_attachment_success_047,"배달 (배민, 쿠팡이츠 등)으로 290원 수익을 만든 사례","배달 (배민, 쿠팡이츠 등)으로 290원 수익을 만든 사례","플랫폼 노동 부업을 3개월 동안 이어가며 2시간 정도를 꾸준히 투입했다. 초기 투자금은 0원 수준이었고, 수익은 월 평균 290원 정도였다. 진행 과정에서는 '실제 수익 발생, 성취감 · 재미를 느낌'라는 응답이 나올 만큼 의미 있는 변화를 경험했고, 핵심 요인으로는 시간 관리 및 후기 · 리뷰 확보 등을 꼽았다. 운영하면서는 재구매 · 재방문 유도하기, 초기 비용 최소화하기 및 커뮤니티 · 지인 활용하기에 특히 신경 썼고, 부업 이후의 변화로는 '부업을 통해서 본업 찾는데 도움이 됨'라고 답했다. 처음 시작하는 사람에게는 초반에 나에게 잘 맞는 부업인지 조사부터 점검하고, '부업이므로 큰 욕심을 내지 않는다'라는 조언을 남겼다. 추가 메모로는 '부업을 통해 작은 성취를 느껴서 좋다'라고 적었다.",플랫폼 노동,platform-labor,3,2,0,290,true,SUCCESS_STORY,재구매 · 재방문 유도하기;초기 비용 최소화하기;커뮤니티 · 지인 활용하기,시간 관리;후기 · 리뷰 확보;나에게 잘 맞는 부업인지 조사,SUCCESS_STORY,LOW,survey_attachment,,2026-05-09,SUCCESS
survey_attachment_success_048,"유튜브, 블로그으로 10만 원 수익을 만든 사례","유튜브, 블로그으로 10만 원 수익을 만든 사례","콘텐츠 · SNS 부업을 3개월 동안 이어가며 4시간 정도를 꾸준히 투입했다. 초기 투자금은 0원 수준이었고, 수익은 월 평균 100,000원 정도였다. 진행 과정에서는 '부업의 지속 가능성 확인 (계속 해도 되겠다 싶은 가능성)'라는 응답이 나올 만큼 의미 있는 변화를 경험했고, 핵심 요인으로는 꾸준한 실행 등을 꼽았다. 운영하면서는 재구매 · 재방문 유도하기에 특히 신경 썼고, 부업 이후의 변화로는 '막연함이 사라졌다'라고 답했다. 처음 시작하는 사람에게는 초반에 정성스럽게 하는것부터 점검하고, '다 가능하다'라는 조언을 남겼다. 추가 메모로는 '주변지인들에게 적극적으로 도움을 받앙라'라고 적었다.",콘텐츠 · SNS,content-sns,3,4,0,100000,true,SUCCESS_STORY,재구매 · 재방문 유도하기,꾸준한 실행;정성스럽게 하는것,SUCCESS_STORY,LOW,survey_attachment,,2026-05-08,SUCCESS
survey_attachment_success_049,"스마트스토어, 쿠팡으로 30만 원 수익을 만든 사례","스마트스토어, 쿠팡으로 30만 원 수익을 만든 사례","온라인 판매·이커머스 부업을 4개월 동안 이어가며 3시간 정도를 꾸준히 투입했다. 초기 투자금은 500,000원 수준이었고, 수익은 월 평균 300,000원 정도였다. 진행 과정에서는 '첫 수익 발생 이후 유지'라는 응답이 나올 만큼 의미 있는 변화를 경험했고, 핵심 요인으로는 SNS · 마케팅 등을 꼽았다. 운영하면서는 SNS 노출 늘리기에 특히 신경 썼고, 부업 이후의 변화로는 '없어요'라고 답했다. 처음 시작하는 사람에게는 초반에 몰러요부터 점검하고, '음'라는 조언을 남겼다. 추가 메모로는 '좋아요'라고 적었다.",온라인 판매·이커머스,online-commerce,4,3,500000,300000,true,SUCCESS_STORY,SNS 노출 늘리기,SNS · 마케팅;몰러요,SUCCESS_STORY,MEDIUM,survey_attachment,,2026-05-07,SUCCESS
survey_attachment_success_050,"유튜브, 블로그으로 60만 원 수익을 만든 사례","유튜브, 블로그으로 60만 원 수익을 만든 사례","콘텐츠 · SNS 부업을 8개월 동안 이어가며 1시간 미만 정도를 꾸준히 투입했다. 초기 투자금은 300,000원 수준이었고, 수익은 월 평균 600,000원 정도였다. 진행 과정에서는 '실제 수익 발생, 첫 수익 발생 이후 유지'라는 응답이 나올 만큼 의미 있는 변화를 경험했고, 핵심 요인으로는 SNS · 마케팅 및 플랫폼 선택 등을 꼽았다. 운영하면서는 꾸준히 업로드 · 운영하기 및 SNS 노출 늘리기에 특히 신경 썼고, 부업 이후의 변화로는 '슈퍼 가서 괴자 하는 사는데 가격 안 보고 사게 됐다'라고 답했다. 처음 시작하는 사람에게는 초반에 고객들의 니즈파악부터 점검하고, '투자금을 아끼지 마라'라는 조언을 남겼다. 추가 메모로는 '인스타에 부업으로 성공한 사람들이 올린 거 보고 투자금이 얼마 안 되길래 없는셈 치고 해봤다'라고 적었다.",콘텐츠 · SNS,content-sns,8,1,300000,600000,true,SUCCESS_STORY,꾸준히 업로드 · 운영하기;SNS 노출 늘리기,SNS · 마케팅;플랫폼 선택;고객들의 니즈파악,SUCCESS_STORY,MEDIUM,survey_attachment,,2026-05-06,SUCCESS
survey_attachment_success_051,"주식, 코인으로 5,000원 수익을 만든 사례","주식, 코인으로 5,000원 수익을 만든 사례","투자 · 재테크 부업을 1년 이상 동안 이어가며 3시간 정도를 꾸준히 투입했다. 초기 투자금은 1,000원 수준이었고, 수익은 월 평균 5,000원 정도였다. 진행 과정에서는 '실제 수익 발생, 성취감 · 재미를 느낌'라는 응답이 나올 만큼 의미 있는 변화를 경험했고, 핵심 요인으로는 꾸준한 실행, 차별화된 아이템 및 확실한 보상 등을 꼽았다. 운영하면서는 작업 시간 효율적으로 관리하기 및 플랫폼 알고리즘 분석하기에 특히 신경 썼고, 부업 이후의 변화로는 '작게라도 꾸준히 하면 성과가 난다는 걸 알게 되어서 성취감을 느꼈다'라고 답했다. 처음 시작하는 사람에게는 초반에 확실한 정보를 얻는 것부터 점검하고, '너무 큰 투지를 처음부터 하지 말아주세요'라는 조언을 남겼다. 추가 메모로는 '재택부업을 할 게 없을까 검색하다가 설문조사, 보상형 광고, 복권, 주식등을 모두 접하고 모든 분야에 조금씩 투자를 시작하였다, 어려움의 경우 투자를 하였으나 손실이 발생하고 광고를 시청하여도 제대로 된 보상을 못 얻는 점, 그리고 그걸 빠르게 잊고 다음 투자전략을 계획 한 것이 어려움을 극복했다고 볼 수 있다'라고 적었다.",투자 · 재테크,investment,12,3,1000,5000,true,SUCCESS_STORY,작업 시간 효율적으로 관리하기;플랫폼 알고리즘 분석하기,꾸준한 실행;차별화된 아이템;확실한 보상;확실한 정보를 얻는 것,SUCCESS_STORY,HIGH,survey_attachment,,2026-05-05,SUCCESS
survey_attachment_success_052,"배달 (배민, 쿠팡이츠 등)에서 부업 가능성을 확인한 사례","배달 (배민, 쿠팡이츠 등)에서 부업 가능성을 확인한 사례","플랫폼 노동 부업을 3개월 동안 이어가며 6시간 정도를 꾸준히 투입했다. 초기 투자금은 0원 수준이었고, 큰 수익으로 바로 이어지지는 않았지만 경험을 쌓는 계기가 됐다. 진행 과정에서는 '새로운 커리어 가능성 발견, 성취감 · 재미를 느낌'라는 응답이 나올 만큼 의미 있는 변화를 경험했고, 핵심 요인으로는 시간 관리 및 멘토링 · 강의 참고 등을 꼽았다. 운영하면서는 고객 반응 빠르게 확인하기, SNS 노출 늘리기 및 작업 시간 효율적으로 관리하기에 특히 신경 썼고, 부업 이후의 변화로는 '부업도 주업만큼 중요'라고 답했다. 처음 시작하는 사람에게는 초반에 관련 정보 얻기부터 점검하고, '화이팅'라는 조언을 남겼다. 추가 메모로는 '주업 수입이 부족할 때 잠시나마 했는데 인생의 좋은 경험이었다'라고 적었다.",플랫폼 노동,platform-labor,3,6,0,0,true,SUCCESS_STORY,고객 반응 빠르게 확인하기;SNS 노출 늘리기;작업 시간 효율적으로 관리하기,시간 관리;멘토링 · 강의 참고;관련 정보 얻기,SUCCESS_STORY,HIGH,survey_attachment,,2026-05-04,SUCCESS
survey_attachment_success_053,"스마트스토어, 쿠팡으로 50만 원 수익을 만든 사례","스마트스토어, 쿠팡으로 50만 원 수익을 만든 사례","온라인 판매·이커머스 부업을 1개월 미만 동안 이어가며 1시간 미만 정도를 꾸준히 투입했다. 초기 투자금은 50,000원 수준이었고, 수익은 월 평균 500,000원 정도였다. 진행 과정에서는 '실제 수익 발생'라는 응답이 나올 만큼 의미 있는 변화를 경험했고, 핵심 요인으로는 꾸준한 실행 등을 꼽았다. 운영하면서는 꾸준히 업로드 · 운영하기에 특히 신경 썼고, 부업 이후의 변화로는 '경제적 자유'라고 답했다. 처음 시작하는 사람에게는 초반에 시장 조사부터 점검하고, '시간을 조율하는 것'라는 조언을 남겼다. 추가 메모로는 '식품 값이라도 벌려고 시작했는데, 어느 정도 도움을 받았어요.'라고 적었다.",온라인 판매·이커머스,online-commerce,1,1,50000,500000,true,SUCCESS_STORY,꾸준히 업로드 · 운영하기,꾸준한 실행;시장 조사,SUCCESS_STORY,MEDIUM,survey_attachment,,2026-05-03,SUCCESS
survey_attachment_success_054,"전자책 판매, 강의 제작 (클래스으로 200만 원 수익을 만든 사례","전자책 판매, 강의 제작 (클래스으로 200만 원 수익을 만든 사례","디지털 상품·지식 판매 부업을 1개월 동안 이어가며 4시간 정도를 꾸준히 투입했다. 초기 투자금은 100,000원 수준이었고, 수익은 월 평균 2,000,000원 정도였다. 진행 과정에서는 '실제 수익 발생, 첫 수익 발생 이후 유지'라는 응답이 나올 만큼 의미 있는 변화를 경험했고, 핵심 요인으로는 시장 조사 등을 꼽았다. 운영하면서는 고객 반응 빠르게 확인하기에 특히 신경 썼고, 부업 이후의 변화로는 '일단 해보자'라고 답했다. 처음 시작하는 사람에게는 초반에 시장조사를 철저히 할것부터 점검하고, '일단 용기를 가져라'라는 조언을 남겼다. 추가 메모로는 '생각보다 재밌다'라고 적었다.",디지털 상품·지식 판매,digital-products,1,4,100000,2000000,true,SUCCESS_STORY,고객 반응 빠르게 확인하기,시장 조사;시장조사를 철저히 할것,SUCCESS_STORY,MEDIUM,survey_attachment,,2026-05-02,SUCCESS
survey_attachment_success_055,"주식, 코인으로 5만 원 수익을 만든 사례","주식, 코인으로 5만 원 수익을 만든 사례","투자 · 재테크 부업을 1년 이상 동안 이어가며 1시간 미만 정도를 꾸준히 투입했다. 초기 투자금은 5,000,000원 수준이었고, 수익은 월 평균 50,000원 정도였다. 진행 과정에서는 '첫 수익 발생 이후 유지, 부업의 지속 가능성 확인 (계속 해도 되겠다 싶은 가능성)'라는 응답이 나올 만큼 의미 있는 변화를 경험했고, 핵심 요인으로는 시간 관리 등을 꼽았다. 운영하면서는 멘탈 관리 · 번아웃 조절하기에 특히 신경 썼고, 부업 이후의 변화로는 '미래에 대한 확신을 얻음'라고 답했다. 처음 시작하는 사람에게는 초반에 시장에 대해 객관적으로 평가하고 나의 성향을 파악해야함부터 점검하고, '근시안적으로 결과를 평가하지 말고 롱텀한 뷰로 보기'라는 조언을 남겼다. 추가 메모로는 '처음 시작할 때는 잘 모르는게 정상입니다. 일단 시작하고 배우는게 훨씬 빠릅니다'라고 적었다.",투자 · 재테크,investment,12,1,5000000,50000,true,SUCCESS_STORY,멘탈 관리 · 번아웃 조절하기,시간 관리;시장에 대해 객관적으로 평가하고 나의 성향을 파악해야함,SUCCESS_STORY,HIGH,survey_attachment,,2026-05-01,SUCCESS
survey_attachment_success_056,"유튜브, 블로그으로 10만 원 수익을 만든 사례","유튜브, 블로그으로 10만 원 수익을 만든 사례","콘텐츠 · SNS 부업을 1년 이상 동안 이어가며 1시간 미만 정도를 꾸준히 투입했다. 초기 투자금은 0원 수준이었고, 수익은 월 평균 100,000원 정도였다. 진행 과정에서는 '부업의 지속 가능성 확인 (계속 해도 되겠다 싶은 가능성), 자신감 · 경험 확보'라는 응답이 나올 만큼 의미 있는 변화를 경험했고, 핵심 요인으로는 꾸준한 실행 등을 꼽았다. 운영하면서는 꾸준히 업로드 · 운영하기에 특히 신경 썼고, 부업 이후의 변화로는 '취미 생활을 즐기는데에 있어 비용 절약'라고 답했다. 처음 시작하는 사람에게는 초반에 꾸준히 시간을 쏟는 것부터 점검하고, '온라인으로 하는 부업은 사기가 많아서 돈이 쉽게 벌리는것에 대한 경계가 필요함'라는 조언을 남겼다. 추가 메모로는 '취미로 블로그를 시작했다가 게시글 하나가 핫토픽에 올라가게 되었고 이후 방문자수 상승함. 포스팅에 자신감을 얻으며 꾸준히 발행하자 글의 퀄리티도 올라감. 직접적인 금전 수입은 많지 않으나, 협찬 등으로 생활비 절약 효과 보고 있음.'라고 적었다.",콘텐츠 · SNS,content-sns,12,1,0,100000,true,SUCCESS_STORY,꾸준히 업로드 · 운영하기,꾸준한 실행;꾸준히 시간을 쏟는 것,SUCCESS_STORY,LOW,survey_attachment,,2026-04-30,SUCCESS
survey_attachment_success_057,"스마트스토어, 쿠팡으로 50만 원 수익을 만든 사례","스마트스토어, 쿠팡으로 50만 원 수익을 만든 사례","온라인 판매·이커머스 부업을 10개월 동안 이어가며 2시간 정도를 꾸준히 투입했다. 초기 투자금은 5원 수준이었고, 수익은 월 평균 500,000원 정도였다. 진행 과정에서는 '실제 수익 발생, 자신감 · 경험 확보'라는 응답이 나올 만큼 의미 있는 변화를 경험했고, 핵심 요인으로는 꾸준한 실행, 시간 관리 및 후기 · 리뷰 확보 등을 꼽았다. 운영하면서는 꾸준히 업로드 · 운영하기 및 작업 시간 효율적으로 관리하기에 특히 신경 썼고, 부업 이후의 변화로는 '전문성갖춤'라고 답했다. 처음 시작하는 사람에게는 초반에 차별화부터 점검하고, '다양성'라는 조언을 남겼다. 추가 메모로는 '다변화빌요'라고 적었다.",온라인 판매·이커머스,online-commerce,10,2,5,500000,true,SUCCESS_STORY,꾸준히 업로드 · 운영하기;작업 시간 효율적으로 관리하기,꾸준한 실행;시간 관리;후기 · 리뷰 확보;차별화,SUCCESS_STORY,MEDIUM,survey_attachment,,2026-04-29,SUCCESS
survey_attachment_success_058,"유튜브, 블로그으로 3만 원 수익을 만든 사례","유튜브, 블로그으로 3만 원 수익을 만든 사례","콘텐츠 · SNS 부업을 6개월 동안 이어가며 3시간 정도를 꾸준히 투입했다. 초기 투자금은 0원 수준이었고, 수익은 월 평균 30,000원 정도였다. 진행 과정에서는 '팔로워 · 조회수 증가'라는 응답이 나올 만큼 의미 있는 변화를 경험했고, 핵심 요인으로는 꾸준한 실행 등을 꼽았다. 운영하면서는 꾸준히 업로드 · 운영하기 및 리뷰 · 후기 관리하기에 특히 신경 썼고, 부업 이후의 변화로는 '쉬운건아무것도없다'라고 답했다. 처음 시작하는 사람에게는 초반에 시작하는 마음부터 점검하고, '오래걸린다 길게봐라'라는 조언을 남겼다. 추가 메모로는 '심심해서 하는거면 모를까 돈을 위해 한다면 급하게 생각하지 말기'라고 적었다.",콘텐츠 · SNS,content-sns,6,3,0,30000,true,SUCCESS_STORY,꾸준히 업로드 · 운영하기;리뷰 · 후기 관리하기,꾸준한 실행;시작하는 마음,SUCCESS_STORY,LOW,survey_attachment,,2026-04-28,SUCCESS
survey_attachment_success_059,"디자인, 영상 편집으로 100만 원 수익을 만든 사례","디자인, 영상 편집으로 100만 원 수익을 만든 사례","재능 판매·프리랜서 부업을 1년 이상 동안 이어가며 2시간 정도를 꾸준히 투입했다. 초기 투자금은 1,000,000원 수준이었고, 수익은 월 평균 1,000,000원 정도였다. 진행 과정에서는 '본업 확장 가능성 발견, 성취감 · 재미를 느낌'라는 응답이 나올 만큼 의미 있는 변화를 경험했고, 핵심 요인으로는 꾸준한 실행, 차별화된 아이템, 운 · 타이밍 및 관련 경험 · 실무 능력 등을 꼽았다. 운영하면서는 꾸준히 업로드 · 운영하기, 타겟 고객층 명확하게 설정하기, 작업 시간 효율적으로 관리하기 및 멘탈 관리 · 번아웃 조절하기에 특히 신경 썼고, 부업 이후의 변화로는 '샘물처럼 작지만 꾸준히'라고 답했다. 처음 시작하는 사람에게는 초반에 실력부터 점검하고, '실력'라는 조언을 남겼다. 추가 메모로는 '지인들 도움으로 꾸준히'라고 적었다.",재능 판매·프리랜서,talent-freelance,12,2,1000000,1000000,true,SUCCESS_STORY,꾸준히 업로드 · 운영하기;타겟 고객층 명확하게 설정하기;작업 시간 효율적으로 관리하기;멘탈 관리 · 번아웃 조절하기,꾸준한 실행;차별화된 아이템;운 · 타이밍;관련 경험 · 실무 능력;실력,SUCCESS_STORY,MEDIUM,survey_attachment,,2026-04-27,SUCCESS
survey_attachment_success_060,"공방, 핸드메이드으로 80원 수익을 만든 사례","공방, 핸드메이드으로 80원 수익을 만든 사례","오프라인 부업 부업을 3개월 동안 이어가며 2시간 정도를 꾸준히 투입했다. 초기 투자금은 0원 수준이었고, 수익은 월 평균 80원 정도였다. 진행 과정에서는 '자신감 · 경험 확보, 성취감 · 재미를 느낌'라는 응답이 나올 만큼 의미 있는 변화를 경험했고, 핵심 요인으로는 꾸준한 실행 및 시간 관리 등을 꼽았다. 운영하면서는 작업 시간 효율적으로 관리하기 및 멘탈 관리 · 번아웃 조절하기에 특히 신경 썼고, 부업 이후의 변화로는 '조금이지만 성과를 낼수 있었다'라고 답했다. 처음 시작하는 사람에게는 초반에 마음가짐이 중요한것 같았다부터 점검하고, '조급한 마음 먹지 말고 멀리보시는게 좋아요'라는 조언을 남겼다. 추가 메모로는 '현제 수입으로는 생활이 빠듯해서 용돈벌이를 시작해 볼까해서 시작하게 되었습니다 처음에 자금이면 도움받을때도 없어서 힘들었는데 길게 보고 조금씩조금씩 조급한 마음 먹지말고 멀리보자 하는 식으로 마음 먹고 시작한게 도움이 많이 되었던것 같습니다'라고 적었다.",오프라인 부업,offline-sidejob,3,2,0,80,true,SUCCESS_STORY,작업 시간 효율적으로 관리하기;멘탈 관리 · 번아웃 조절하기,꾸준한 실행;시간 관리;마음가짐이 중요한것 같았다,SUCCESS_STORY,LOW,survey_attachment,,2026-04-26,SUCCESS
survey_attachment_success_061,"유튜브, 블로그을 운영하며 배운 점을 정리한 사례","유튜브, 블로그을 운영하며 배운 점을 정리한 사례","콘텐츠 · SNS 부업을 1년 이상 동안 이어가며 1시간 미만 정도를 꾸준히 투입했다. 초기 투자금은 0원 수준이었고, 큰 수익으로 바로 이어지지는 않았지만 경험을 쌓는 계기가 됐다. 진행 과정에서는 '실제 문의나 협업 제안 경험, 성취감 · 재미를 느낌'라는 응답이 나올 만큼 의미 있는 변화를 경험했고, 핵심 요인으로는 꾸준한 실행 등을 꼽았다. 운영하면서는 꾸준히 업로드 · 운영하기에 특히 신경 썼고, 부업 이후의 변화로는 '돈이 꼭 벌리지 않더라도 당장 어떤 식으로 바꾸어나가면 돈이 될지 터득함, 새로운 취미가 생긴 것 같아 삶이 풍부해짐'라고 답했다. 처음 시작하는 사람에게는 초반에 내가 좋아하는 분야의 일을 하는것부터 점검하고, '부업해서 성공하면 모든사람들 다 부업했음 본업부터하세요'라는 조언을 남겼다. 추가 메모로는 '글쓰기를 좋아했어요 내 생각 적고 남이 읽어주는게 좋았어요. 학교를 졸업하고 나니 딱히 글 쓸 일이 없었는데 사람들이 취미 블로그를 하는 것을 보고 블로그를 시작해봤습니다.'라고 적었다.",콘텐츠 · SNS,content-sns,12,1,0,0,true,SUCCESS_STORY,꾸준히 업로드 · 운영하기,꾸준한 실행;내가 좋아하는 분야의 일을 하는것,SUCCESS_STORY,LOW,survey_attachment,,2026-04-25,SUCCESS
survey_attachment_success_062,"주식, 코인으로 70만 원 수익을 만든 사례","주식, 코인으로 70만 원 수익을 만든 사례","투자 · 재테크 부업을 1년 이상 동안 이어가며 5시간 정도를 꾸준히 투입했다. 초기 투자금은 30,000,000원 수준이었고, 수익은 월 평균 700,000원 정도였다. 진행 과정에서는 '실제 수익 발생, 성취감 · 재미를 느낌'라는 응답이 나올 만큼 의미 있는 변화를 경험했고, 핵심 요인으로는 가격 전략, 커뮤니티 활용, 후기 · 리뷰 확보 및 관련 경험 · 실무 능력 등을 꼽았다. 운영하면서는 리뷰 · 후기 관리하기, 시장 · 경쟁 사례 분석하기, 가격 전략 조정하기, 커뮤니티 · 지인 활용하기 및 꾸준히 테스트하고 수정하기에 특히 신경 썼고, 부업 이후의 변화로는 '경험 자신감'라고 답했다. 처음 시작하는 사람에게는 초반에 경험쌓고 신중히부터 점검하고, '자신감 쌓일때까지 경험쌓기'라는 조언을 남겼다. 추가 메모로는 '마이너스 나와도 다른 종목 골고루 수익분배한다'라고 적었다.",투자 · 재테크,investment,12,5,30000000,700000,true,SUCCESS_STORY,리뷰 · 후기 관리하기;시장 · 경쟁 사례 분석하기;가격 전략 조정하기;커뮤니티 · 지인 활용하기;꾸준히 테스트하고 수정하기,가격 전략;커뮤니티 활용;후기 · 리뷰 확보;관련 경험 · 실무 능력;경험쌓고 신중히,SUCCESS_STORY,HIGH,survey_attachment,,2026-04-24,SUCCESS
survey_attachment_success_063,"디자인, 영상 편집으로 20만 원 수익을 만든 사례","디자인, 영상 편집으로 20만 원 수익을 만든 사례","재능 판매·프리랜서 부업을 3개월 동안 이어가며 3시간 정도를 꾸준히 투입했다. 초기 투자금은 0원 수준이었고, 수익은 월 평균 200,000원 정도였다. 진행 과정에서는 '실제 수익 발생, 성취감 · 재미를 느낌'라는 응답이 나올 만큼 의미 있는 변화를 경험했고, 핵심 요인으로는 시간 관리 등을 꼽았다. 운영하면서는 꾸준히 업로드 · 운영하기에 특히 신경 썼고, 부업 이후의 변화로는 '꾸준히 그냥 하기'라고 답했다. 처음 시작하는 사람에게는 초반에 완벽주의 버리기부터 점검하고, '실행하고 수정하는 게 빠름'라는 조언을 남겼다. 추가 메모로는 '실행하고 수정하는 게 빠름'라고 적었다.",재능 판매·프리랜서,talent-freelance,3,3,0,200000,true,SUCCESS_STORY,꾸준히 업로드 · 운영하기,시간 관리;완벽주의 버리기,SUCCESS_STORY,LOW,survey_attachment,,2026-04-23,SUCCESS
survey_attachment_success_064,"유튜브, 블로그으로 15만 원 수익을 만든 사례","유튜브, 블로그으로 15만 원 수익을 만든 사례","콘텐츠 · SNS 부업을 1년 이상 동안 이어가며 1시간 정도를 꾸준히 투입했다. 초기 투자금은 100,000원 수준이었고, 수익은 월 평균 150,000원 정도였다. 진행 과정에서는 '실제 수익 발생, 성취감 · 재미를 느낌'라는 응답이 나올 만큼 의미 있는 변화를 경험했고, 핵심 요인으로는 시장 조사 및 커뮤니티 활용 등을 꼽았다. 운영하면서는 리뷰 · 후기 관리하기 및 타겟 고객층 명확하게 설정하기에 특히 신경 썼고, 부업 이후의 변화로는 '취미가 없었는데 블로그 운영을 하며 소액이라도 벌고 다양한 음식점과 여행지를 체험함'라고 답했다. 처음 시작하는 사람에게는 초반에 블로그 글은 퀄리티가 중요해서 검색어 상위에 노출되는게 중요하므로 단순한 광고글로 블로그 퀄을 낮추면 안됩니다부터 점검하고, '꼼꼼히 나만의 공간을 다져간다는 마음으로 성실하게 글을 써보세요'라는 조언을 남겼다. 추가 메모로는 '원래 개인 일기장 용으로 쓰던 블로그 였는데 지인의 추천으로 홍보글을 작성하는 알바를 하게 되었습니다 글솜씨가 뛰어나지 않아도 쓰다보니 점점 능숙해지고 체험할 만한 활동과 부수입이 용돈벌이 정도로 늘어나서 꾸준히 하고 있어요 주말에 카페에 앉아 부업을 하는 시간이 제 일상의 소소한 즐거움이 되었습니다'라고 적었다.",콘텐츠 · SNS,content-sns,12,1,100000,150000,true,SUCCESS_STORY,리뷰 · 후기 관리하기;타겟 고객층 명확하게 설정하기,시장 조사;커뮤니티 활용;블로그 글은 퀄리티가 중요해서 검색어 상위에 노출되는게 중요하므로 단순한 광고글로 블로그 퀄을 낮추면 안됩니다,SUCCESS_STORY,MEDIUM,survey_attachment,,2026-04-22,SUCCESS
survey_attachment_success_065,"배달 (배민, 쿠팡이츠 등)으로 1만 원 수익을 만든 사례","배달 (배민, 쿠팡이츠 등)으로 1만 원 수익을 만든 사례","플랫폼 노동 부업을 1년 이상 동안 이어가며 2시간 정도를 꾸준히 투입했다. 초기 투자금은 0원 수준이었고, 수익은 월 평균 10,000원 정도였다. 진행 과정에서는 '실제 수익 발생, 첫 수익 발생 이후 유지'라는 응답이 나올 만큼 의미 있는 변화를 경험했고, 핵심 요인으로는 꾸준한 실행 등을 꼽았다. 운영하면서는 콘텐츠 주제 일관성 유지하기에 특히 신경 썼고, 부업 이후의 변화로는 '여유로워졌어요'라고 답했다. 처음 시작하는 사람에게는 초반에 수입이 작다고 해서 그만두지않는 것부터 점검하고, '꾸준히 하다보면 성과가 나올거에요'라는 조언을 남겼다. 추가 메모로는 '직장생활 하면서 월급에만 만족하던 와중에 다른 친구가 블로그로 부업을 한다는 소식을 들었어요 저도 그 때부터 관심을 갖기 시작했고 다양한 분야의 부업을 여러개 시작했어요 꾸준히 매일매일 관리하고있고 적지만 매달 수입이 생기고 있어서 계속 할만해요'라고 적었다.",플랫폼 노동,platform-labor,12,2,0,10000,true,SUCCESS_STORY,콘텐츠 주제 일관성 유지하기,꾸준한 실행;수입이 작다고 해서 그만두지않는 것,SUCCESS_STORY,LOW,survey_attachment,,2026-04-21,SUCCESS
survey_attachment_success_066,"스마트스토어, 쿠팡으로 50만 원 수익을 만든 사례","스마트스토어, 쿠팡으로 50만 원 수익을 만든 사례","온라인 판매·이커머스 부업을 6개월 동안 이어가며 3시간 정도를 꾸준히 투입했다. 초기 투자금은 50,000원 수준이었고, 수익은 월 평균 500,000원 정도였다. 진행 과정에서는 '실제 수익 발생, 첫 수익 발생 이후 유지'라는 응답이 나올 만큼 의미 있는 변화를 경험했고, 핵심 요인으로는 꾸준한 실행 및 가격 전략 등을 꼽았다. 운영하면서는 시장 · 경쟁 사례 분석하기 및 가격 전략 조정하기에 특히 신경 썼고, 부업 이후의 변화로는 '자신감'라고 답했다. 처음 시작하는 사람에게는 초반에 성실함부터 점검하고, '큰 기대 x'라는 조언을 남겼다. 추가 메모로는 '꾸준히 하는 거 어려움'라고 적었다.",온라인 판매·이커머스,online-commerce,6,3,50000,500000,true,SUCCESS_STORY,시장 · 경쟁 사례 분석하기;가격 전략 조정하기,꾸준한 실행;가격 전략;성실함,SUCCESS_STORY,MEDIUM,survey_attachment,,2026-04-20,SUCCESS
survey_attachment_success_067,"공방, 핸드메이드으로 300원 수익을 만든 사례","공방, 핸드메이드으로 300원 수익을 만든 사례","오프라인 부업 부업을 1개월 미만 동안 이어가며 2시간 정도를 꾸준히 투입했다. 초기 투자금은 0원 수준이었고, 수익은 월 평균 300원 정도였다. 진행 과정에서는 '부업의 지속 가능성 확인 (계속 해도 되겠다 싶은 가능성), 실무 능력 · 제작 능력 향상'라는 응답이 나올 만큼 의미 있는 변화를 경험했고, 핵심 요인으로는 커뮤니티 활용 및 알고리즘 · 노출 영향 등을 꼽았다. 운영하면서는 꾸준히 업로드 · 운영하기, 고객 반응 빠르게 확인하기 및 초기 비용 최소화하기에 특히 신경 썼고, 부업 이후의 변화로는 '그냥 시작해본건데 나쁘지않다는걸 알았음'라고 답했다. 처음 시작하는 사람에게는 초반에 시장조사가 정말 중요하고 작게시작해야 손실이 적음부터 점검하고, '시작이 중요하고 꾸준히 하세요'라는 조언을 남겼다. 추가 메모로는 '그냥 작게 경험차 시작하고 아직은 그렇다 할 결과는 없지만 경험이 정말 중요하다는 생각이 듭니다 하지않을땐 생각만 많았는데 시작하고보니 어느정도 생각정리 되면서 조금씩 고쳐나가고 반영하는거 같습니다'라고 적었다.",오프라인 부업,offline-sidejob,1,2,0,300,true,SUCCESS_STORY,꾸준히 업로드 · 운영하기;고객 반응 빠르게 확인하기;초기 비용 최소화하기,커뮤니티 활용;알고리즘 · 노출 영향;시장조사가 정말 중요하고 작게시작해야 손실이 적음,SUCCESS_STORY,LOW,survey_attachment,,2026-04-19,SUCCESS
survey_attachment_success_068,"주식, 코인으로 50만 원 수익을 만든 사례","주식, 코인으로 50만 원 수익을 만든 사례","투자 · 재테크 부업을 1년 이상 동안 이어가며 2시간 정도를 꾸준히 투입했다. 초기 투자금은 20,000,000원 수준이었고, 수익은 월 평균 500,000원 정도였다. 진행 과정에서는 '실제 수익 발생, 성취감 · 재미를 느낌'라는 응답이 나올 만큼 의미 있는 변화를 경험했고, 핵심 요인으로는 꾸준한 실행 등을 꼽았다. 운영하면서는 시장 · 경쟁 사례 분석하기에 특히 신경 썼고, 부업 이후의 변화로는 '적지만 벌어서 좋다'라고 답했다. 처음 시작하는 사람에게는 초반에 꾸준하게 하는 것부터 점검하고, '꾸준하게 잘합시다'라는 조언을 남겼다. 추가 메모로는 '월급 외 수입을 얻기위해 시작하였고 아직까지 큰 어려움은 없었다'라고 적었다.",투자 · 재테크,investment,12,2,20000000,500000,true,SUCCESS_STORY,시장 · 경쟁 사례 분석하기,꾸준한 실행;꾸준하게 하는 것,SUCCESS_STORY,HIGH,survey_attachment,,2026-04-18,SUCCESS
survey_attachment_success_069,"주식, 코인으로 50만 원 수익을 만든 사례","주식, 코인으로 50만 원 수익을 만든 사례","투자 · 재테크 부업을 1년 이상 동안 이어가며 2시간 정도를 꾸준히 투입했다. 초기 투자금은 10,000,000원 수준이었고, 수익은 월 평균 500,000원 정도였다. 진행 과정에서는 '실제 수익 발생, 성취감 · 재미를 느낌'라는 응답이 나올 만큼 의미 있는 변화를 경험했고, 핵심 요인으로는 커뮤니티 활용 및 멘토링 · 강의 참고 등을 꼽았다. 운영하면서는 시장 · 경쟁 사례 분석하기 및 멘탈 관리 · 번아웃 조절하기에 특히 신경 썼고, 부업 이후의 변화로는 '월급이 적어 목돈 모으기가 어려왔는데 추가 수익이 생기면서 미래를 설계할 여유가 조금 생김'라고 답했다. 처음 시작하는 사람에게는 초반에 한번에 너무 많은 금액으로 투자 금물부터 점검하고, '과도한 욕심으로 하지 말고 먼 미래를 보면서 목돈 마련에 성공해보세요'라는 조언을 남겼다. 추가 메모로는 '월급 200대로는 저축이 아주 힘들더라구요 주식을 시작하며 여웃돈을 모으기 시작했는데 오히려 주식수입이$늘으며 아끼는 습관이 생겨서 더 검소해졌어요 이 돈이면 주식을 사지? 라는 마음이 들어 과소비나 쓸모없는 지출이 많이 줄었어요 전 정말 과도한 욕심은 없고 10년을 두고 목돈 모을 여유만 생길만큼 벌었으면 좋겠는 마음입니다'라고 적었다.",투자 · 재테크,investment,12,2,10000000,500000,true,SUCCESS_STORY,시장 · 경쟁 사례 분석하기;멘탈 관리 · 번아웃 조절하기,커뮤니티 활용;멘토링 · 강의 참고;한번에 너무 많은 금액으로 투자 금물,SUCCESS_STORY,HIGH,survey_attachment,,2026-04-17,SUCCESS
survey_attachment_success_070,"배달 (배민, 쿠팡이츠 등)을 운영하며 배운 점을 정리한 사례","배달 (배민, 쿠팡이츠 등)을 운영하며 배운 점을 정리한 사례","플랫폼 노동 부업을 1년 이상 동안 이어가며 1시간 미만 정도를 꾸준히 투입했다. 초기 투자금은 0원 수준이었고, 큰 수익으로 바로 이어지지는 않았지만 경험을 쌓는 계기가 됐다. 진행 과정에서는 '실제 수익 발생'라는 응답이 나올 만큼 의미 있는 변화를 경험했고, 핵심 요인으로는 꾸준한 실행 등을 꼽았다. 운영하면서는 초기 비용 최소화하기에 특히 신경 썼고, 부업 이후의 변화로는 '없음'라고 답했다. 처음 시작하는 사람에게는 초반에 묵묵히부터 점검하고, '없어요'라는 조언을 남겼다. 추가 메모로는 '...'라고 적었다.",플랫폼 노동,platform-labor,12,1,0,0,true,SUCCESS_STORY,초기 비용 최소화하기,꾸준한 실행;묵묵히,SUCCESS_STORY,LOW,survey_attachment,,2026-04-16,SUCCESS
survey_attachment_success_071,"유튜브, 블로그으로 10만 원 수익을 만든 사례","유튜브, 블로그으로 10만 원 수익을 만든 사례","콘텐츠 · SNS 부업을 10개월 동안 이어가며 3시간 정도를 꾸준히 투입했다. 초기 투자금은 0원 수준이었고, 수익은 월 평균 100,000원 정도였다. 진행 과정에서는 '실제 수익 발생, 부업의 지속 가능성 확인 (계속 해도 되겠다 싶은 가능성)'라는 응답이 나올 만큼 의미 있는 변화를 경험했고, 핵심 요인으로는 꾸준한 실행 및 커뮤니티 활용 등을 꼽았다. 운영하면서는 꾸준히 업로드 · 운영하기 및 리뷰 · 후기 관리하기에 특히 신경 썼고, 부업 이후의 변화로는 '포기하지 않고 꾸준히 하면 된다는 생각을 했습니다'라고 답했다. 처음 시작하는 사람에게는 초반에 너무 큰 목표보다는 현실적인 목표가 중요함부터 점검하고, '포기하지 않으면 된다는 긍정적인 마음가짐이 중요해요'라는 조언을 남겼다. 추가 메모로는 '소소한 수익이라도 쌓이면 큰 금액이 될 수 있으니 초반에 쉽게 지칠 수 있는데 포기하면 스스로에게 진다고 생각하고 꾸준히 했어요'라고 적었다.",콘텐츠 · SNS,content-sns,10,3,0,100000,true,SUCCESS_STORY,꾸준히 업로드 · 운영하기;리뷰 · 후기 관리하기,꾸준한 실행;커뮤니티 활용;너무 큰 목표보다는 현실적인 목표가 중요함,SUCCESS_STORY,LOW,survey_attachment,,2026-04-15,SUCCESS
survey_attachment_success_072,"주식, 코인으로 10만 원 수익을 만든 사례","주식, 코인으로 10만 원 수익을 만든 사례","투자 · 재테크 부업을 6개월 동안 이어가며 3시간 정도를 꾸준히 투입했다. 초기 투자금은 2,000,000원 수준이었고, 수익은 월 평균 100,000원 정도였다. 진행 과정에서는 '실제 수익 발생, 본업 확장 가능성 발견'라는 응답이 나올 만큼 의미 있는 변화를 경험했고, 핵심 요인으로는 꾸준한 실행 및 알고리즘 · 노출 영향 등을 꼽았다. 운영하면서는 시장 · 경쟁 사례 분석하기 및 꾸준히 테스트하고 수정하기에 특히 신경 썼고, 부업 이후의 변화로는 '전 평범한 주부인데요 주식으로 수입이 생기며 가정에 조금이라도 보탬이 되어 자신감이 생기고 뿌듯했어요'라고 답했다. 처음 시작하는 사람에게는 초반에 절대 급등주나 테마주에 휩쓸려서 투자하지 말고 묵묵이 꾸준히 인내할것부터 점검하고, '조급하지 말것 무조건! 나만의 루틴과 감을 살려야 합니다'라는 조언을 남겼다. 추가 메모로는 '주부인데 비상금을 모으고 싶어서 시작. 처음엔 주식 용어도 방법도 아무것도 몰랐지만 유튜브를 보며 틈틈히 공부함. 어느새 아침마다 경제 뉴스를 보게 되더군요. 주식 호황에 어느정도 재미를 보아 뿌듯합니다'라고 적었다.",투자 · 재테크,investment,6,3,2000000,100000,true,SUCCESS_STORY,시장 · 경쟁 사례 분석하기;꾸준히 테스트하고 수정하기,꾸준한 실행;알고리즘 · 노출 영향;절대 급등주나 테마주에 휩쓸려서 투자하지 말고 묵묵이 꾸준히 인내할것,SUCCESS_STORY,HIGH,survey_attachment,,2026-04-14,SUCCESS
survey_attachment_success_073,"스마트스토어, 쿠팡을 운영하며 배운 점을 정리한 사례","스마트스토어, 쿠팡을 운영하며 배운 점을 정리한 사례","온라인 판매·이커머스 부업을 3개월 동안 이어가며 1시간 미만 정도를 꾸준히 투입했다. 초기 투자금은 50원 수준이었고, 큰 수익으로 바로 이어지지는 않았지만 경험을 쌓는 계기가 됐다. 진행 과정에서는 '첫 수익 발생 이후 유지, 꾸준한 고객 확보'라는 응답이 나올 만큼 의미 있는 변화를 경험했고, 핵심 요인으로는 꾸준한 실행 및 시장 조사 등을 꼽았다. 운영하면서는 꾸준히 업로드 · 운영하기 및 고객 반응 빠르게 확인하기에 특히 신경 썼고, 부업 이후의 변화로는 '막연한 두려움이 나아졌다'라고 답했다. 처음 시작하는 사람에게는 초반에 처음부터 꼼꼼하게 하자부터 점검하고, '수익창출을 위해 멀리보자'라는 조언을 남겼다. 추가 메모로는 '수입이 없어서 자식들 도움에 노후에 소일거리 할께 없나 싶어서 시작해 오랜시간을두고 도움도 받고 하다보니 조금씩 성과의 빛을 보게 되었다'라고 적었다.",온라인 판매·이커머스,online-commerce,3,1,50,0,true,SUCCESS_STORY,꾸준히 업로드 · 운영하기;고객 반응 빠르게 확인하기,꾸준한 실행;시장 조사;처음부터 꼼꼼하게 하자,SUCCESS_STORY,MEDIUM,survey_attachment,,2026-04-13,SUCCESS
survey_attachment_success_074,"배달 (배민, 쿠팡이츠 등)으로 250만 원 수익을 만든 사례","배달 (배민, 쿠팡이츠 등)으로 250만 원 수익을 만든 사례","플랫폼 노동 부업을 1년 이상 동안 이어가며 8시간 이상 정도를 꾸준히 투입했다. 초기 투자금은 0원 수준이었고, 수익은 월 평균 2,500,000원 정도였다. 진행 과정에서는 '실제 수익 발생'라는 응답이 나올 만큼 의미 있는 변화를 경험했고, 핵심 요인으로는 꾸준한 실행 등을 꼽았다. 운영하면서는 작업 시간 효율적으로 관리하기에 특히 신경 썼고, 부업 이후의 변화로는 '열심히하면 반드시 대가가 돌아움'라고 답했다. 처음 시작하는 사람에게는 초반에 고객확보부터 점검하고, '꾸준히 하면 성과가있음'라는 조언을 남겼다. 추가 메모로는 '생활고때문'라고 적었다.",플랫폼 노동,platform-labor,12,8,0,2500000,true,SUCCESS_STORY,작업 시간 효율적으로 관리하기,꾸준한 실행;고객확보,SUCCESS_STORY,HIGH,survey_attachment,,2026-04-12,SUCCESS
survey_attachment_success_075,"주식, 코인에서 부업 가능성을 확인한 사례","주식, 코인에서 부업 가능성을 확인한 사례","투자 · 재테크 부업을 1년 이상 동안 이어가며 2시간 정도를 꾸준히 투입했다. 초기 투자금은 20,000,000원 수준이었고, 큰 수익으로 바로 이어지지는 않았지만 경험을 쌓는 계기가 됐다. 진행 과정에서는 '새로운 커리어 가능성 발견'라는 응답이 나올 만큼 의미 있는 변화를 경험했고, 핵심 요인으로는 시장 조사 및 초기 자본 투자 등을 꼽았다. 운영하면서는 멘탈 관리 · 번아웃 조절하기에 특히 신경 썼고, 부업 이후의 변화로는 '공부를 많이 하게 됨'라고 답했다. 처음 시작하는 사람에게는 초반에 다양한 분석부터 점검하고, '시장을 이기려고 하지 말것'라는 조언을 남겼다. 추가 메모로는 '신문을 보다가 시작했는데, 실시간으로 보고있기 힘들기 때문에 주기적으로 분석하여 공부중'라고 적었다.",투자 · 재테크,investment,12,2,20000000,0,true,SUCCESS_STORY,멘탈 관리 · 번아웃 조절하기,시장 조사;초기 자본 투자;다양한 분석,SUCCESS_STORY,HIGH,survey_attachment,,2026-04-11,SUCCESS
survey_attachment_success_076,"배달 (배민, 쿠팡이츠 등)으로 25만 원 수익을 만든 사례","배달 (배민, 쿠팡이츠 등)으로 25만 원 수익을 만든 사례","플랫폼 노동 부업을 1년 이상 동안 이어가며 2시간 정도를 꾸준히 투입했다. 초기 투자금은 0원 수준이었고, 수익은 월 평균 250,000원 정도였다. 진행 과정에서는 '실제 수익 발생, 부업의 지속 가능성 확인 (계속 해도 되겠다 싶은 가능성)'라는 응답이 나올 만큼 의미 있는 변화를 경험했고, 핵심 요인으로는 꾸준한 실행 및 커뮤니티 활용 등을 꼽았다. 운영하면서는 초기 비용 최소화하기 및 커뮤니티 · 지인 활용하기에 특히 신경 썼고, 부업 이후의 변화로는 '남는 시간을 홯용하면서 조그미나마 용돈이 생겼다'라고 답했다. 처음 시작하는 사람에게는 초반에 업무 마친후 시간 활용하기부터 점검하고, '수익보다는 짬짬이 시간나서. 하는거라 여유시간 활용하기 좋아요'라는 조언을 남겼다. 추가 메모로는 '주위에 여론을 듣고 시간내어 용돈버는것과 남는 시간 활용하는것에 초점을 맞추었다'라고 적었다.",플랫폼 노동,platform-labor,12,2,0,250000,true,SUCCESS_STORY,초기 비용 최소화하기;커뮤니티 · 지인 활용하기,꾸준한 실행;커뮤니티 활용;업무 마친후 시간 활용하기,SUCCESS_STORY,LOW,survey_attachment,,2026-04-10,SUCCESS
survey_attachment_success_077,"주식, 코인으로 20만 원 수익을 만든 사례","주식, 코인으로 20만 원 수익을 만든 사례","투자 · 재테크 부업을 1년 이상 동안 이어가며 2시간 정도를 꾸준히 투입했다. 초기 투자금은 50,000,000원 수준이었고, 수익은 월 평균 200,000원 정도였다. 진행 과정에서는 '실제 수익 발생, 자신감 · 경험 확보'라는 응답이 나올 만큼 의미 있는 변화를 경험했고, 핵심 요인으로는 꾸준한 실행, 시장 조사 및 관련 경험 · 실무 능력 등을 꼽았다. 운영하면서는 시장 · 경쟁 사례 분석하기에 특히 신경 썼고, 부업 이후의 변화로는 '준비과정이 긴만큼 성과도 좋은것'라고 답했다. 처음 시작하는 사람에게는 초반에 자기자본의 규모가 크지않아야됨부터 점검하고, '조급한 마음은 버려야됨'라는 조언을 남겼다. 추가 메모로는 '근로소득에 더해 가정경제에 보템이되고자'라고 적었다.",투자 · 재테크,investment,12,2,50000000,200000,true,SUCCESS_STORY,시장 · 경쟁 사례 분석하기,꾸준한 실행;시장 조사;관련 경험 · 실무 능력;자기자본의 규모가 크지않아야됨,SUCCESS_STORY,HIGH,survey_attachment,,2026-04-09,SUCCESS
